Transporteur Nom,PA ID,UIC8,UIC7,PR ID,ZDE ID,ZDE Libelle,ZDE Type,ZDE Mode,__ZDEp_ID,ZDEp Nom,ZDEp Mode,__ZDEr_ID,ZDEr Nom,ZDEr Mode,__ZDLr_ID,ZDLr Nom,__LDA_ID,ZDE_ASSOCIEE
SNCF,622,87714089,8771408,PR/0087-714089-HR,5010,Orgeval Novotel Pont A13,BUS,BUS,50118300,Orgeval Novotel Pont A13,BUS,470976,Orgeval Novotel Pont A13,bus,46772,Novotel (Pont A13),415628,
RATP,493,87754986,8775498,PR/0087-754986-00,91,Bussy-Saint-Georges,N.D.,TRAIN,50159000,Bussy-Saint-Georges,RAIL,473960,Bussy-Saint-Georges,rail,58874,Bussy-Saint-Georges,68105,N.D.
SNCF,149,87001479,8700147,PR/0087-001479-BV,1108,11,VOIE,TRAIN,50118384,Aéroport Charles de Gaulle 2 (Terminal 2),RAIL,470932,Aéroport Charles de Gaulle 2 (Terminal 2),rail,473364,Aéroport Charles de Gaulle 2 (Terminal 2),73699,1107
SNCF,149,87001479,8700147,PR/0087-001479-BV,1104,12,VOIE,TRAIN,50118879,Aéroport Charles de Gaulle 2 (Terminal 2),RAIL,472284,Aéroport Charles de Gaulle 2 (Terminal 2),rail,473364,Aéroport Charles de Gaulle 2 (Terminal 2),73699,1107
SNCF,149,87001479,8700147,PR/0087-001479-BV,1113,AEROPORT CHARLES DE GAULLE 2 TGV,BUS,BUS,50117908,Aéroport Charles de Gaulle 2 (Terminal 2),BUS,471437,Aéroport Charles de Gaulle 2 (Terminal 2),bus,44928,Aéroport CDG - Terminal 2EF,73845,
SNCF,149,87001479,8700147,PR/0087-001479-BV,4966,AEROPORT CHARLES DE GAULLE 2 TGV,BUS,BUS,50117495,Aéroport Charles de Gaulle 2 (Terminal 2),BUS,471844,Aéroport Charles de Gaulle 2 (Terminal 2),bus,44928,Aéroport CDG - Terminal 2EF,73845,
SNCF,393,87111278,8711127,PR/0087-111278-00,2776,1,VOIE,TRAIN,50117760,Porte de Clichy,RAIL,471557,Porte de Clichy,rail,44514,Porte de Clichy,71545,2778
SNCF,393,87111278,8711127,PR/0087-111278-00,2777,2,VOIE,TRAIN,50118410,Porte de Clichy,RAIL,470826,Porte de Clichy,rail,44514,Porte de Clichy,71545,2773
SNCF,393,87111278,8711127,PR/0087-111278-00,2774,PORTE DE CLICHY,BUS,BUS,50118070,Porte de Clichy,BUS,30009,Porte de Clichy,bus,473455,Porte de Clichy,71545,
SNCF,393,87111278,8711127,PR/0087-111278-00,2775,PORTE DE CLICHY,BUS,BUS,50118610,Porte de Clichy,BUS,470628,Porte de Clichy,bus,473455,Porte de Clichy,71545,
SNCF,464,87111849,8711184,PR/0087-111849-BV,3033,3,VOIE,TRAIN,50116555,Marne-la-Vallée Chessy,RAIL,472552,Marne-La-Vallée Chessy,rail,43239,Marne-la-Vallée Chessy,68385,3035
SNCF,464,87111849,8711184,PR/0087-111849-BV,3031,4,VOIE,TRAIN,50116554,Marne-la-Vallée Chessy,RAIL,472550,Marne-La-Vallée Chessy,rail,43239,Marne-la-Vallée Chessy,68385,3036
SNCF,464,87111849,8711184,PR/0087-111849-BV,3030,5,VOIE,TRAIN,50118482,Marne-la-Vallée Chessy,RAIL,470780,Marne-La-Vallée Chessy,rail,43239,Marne-la-Vallée Chessy,68385,3036
SNCF,16,87113001,8711300,PR/0087-113001-00,110,10,VOIE,TRAIN,50117499,Paris Est,RAIL,471856,Paris Est,rail,470519,Gare de l'Est,71359,90
SNCF,16,87113001,8711300,PR/0087-113001-00,112,11,VOIE,TRAIN,50118459,Paris Est,RAIL,470879,Paris Est,rail,470519,Gare de l'Est,71359,126
SNCF,16,87113001,8711300,PR/0087-113001-00,113,12,VOIE,TRAIN,50117114,Paris Est,RAIL,472095,Paris Est,rail,470519,Gare de l'Est,71359,126
SNCF,16,87113001,8711300,PR/0087-113001-00,130,13,VOIE,TRAIN,50118724,Paris Est,RAIL,472502,Paris Est,rail,470519,Gare de l'Est,71359,127
SNCF,16,87113001,8711300,PR/0087-113001-00,118,14,VOIE,TRAIN,50118444,Paris Est,RAIL,470866,Paris Est,rail,470519,Gare de l'Est,71359,127
SNCF,16,87113001,8711300,PR/0087-113001-00,106,15,VOIE,TRAIN,50116241,Paris Est,RAIL,472949,Paris Est,rail,470519,Gare de l'Est,71359,128
SNCF,16,87113001,8711300,PR/0087-113001-00,120,16,VOIE,TRAIN,50118010,Paris Est,RAIL,471326,Paris Est,rail,470519,Gare de l'Est,71359,128
SNCF,16,87113001,8711300,PR/0087-113001-00,121,17,VOIE,TRAIN,50117512,Paris Est,RAIL,471696,Paris Est,rail,470519,Gare de l'Est,71359,129
SNCF,16,87113001,8711300,PR/0087-113001-00,122,18,VOIE,TRAIN,50118201,Paris Est,RAIL,471134,Paris Est,rail,470519,Gare de l'Est,71359,129
SNCF,16,87113001,8711300,PR/0087-113001-00,123,19,VOIE,TRAIN,50118089,Paris Est,RAIL,471211,Paris Est,rail,470519,Gare de l'Est,71359,94
SNCF,16,87113001,8711300,PR/0087-113001-00,125,2,VOIE,TRAIN,50117762,Paris Est,RAIL,471559,Paris Est,rail,470519,Gare de l'Est,71359,92
SNCF,16,87113001,8711300,PR/0087-113001-00,124,20,VOIE,TRAIN,50116534,Paris Est,RAIL,472692,Paris Est,rail,470519,Gare de l'Est,71359,94
SNCF,16,87113001,8711300,PR/0087-113001-00,91,21,VOIE,TRAIN,50116297,Paris Est,RAIL,472869,Paris Est,rail,470519,Gare de l'Est,71359,117
SNCF,16,87113001,8711300,PR/0087-113001-00,105,22,VOIE,TRAIN,50118552,Paris Est,RAIL,470704,Paris Est,rail,470519,Gare de l'Est,71359,117
SNCF,16,87113001,8711300,PR/0087-113001-00,93,23,VOIE,TRAIN,50116545,Paris Est,RAIL,472541,Paris Est,rail,470519,Gare de l'Est,71359,83
SNCF,16,87113001,8711300,PR/0087-113001-00,81,24,VOIE,TRAIN,50118373,Paris Est,RAIL,470947,Paris Est,rail,470519,Gare de l'Est,71359,83
SNCF,16,87113001,8711300,PR/0087-113001-00,95,25,VOIE,TRAIN,50118731,Paris Est,RAIL,472523,Paris Est,rail,470519,Gare de l'Est,71359,84
SNCF,16,87113001,8711300,PR/0087-113001-00,96,26,VOIE,TRAIN,50117041,Paris Est,RAIL,472048,Paris Est,rail,470519,Gare de l'Est,71359,84
SNCF,16,87113001,8711300,PR/0087-113001-00,97,27,VOIE,TRAIN,50116466,Paris Est,RAIL,472338,Paris Est,rail,470519,Gare de l'Est,71359,85
SNCF,16,87113001,8711300,PR/0087-113001-00,98,28,VOIE,TRAIN,50118679,Paris Est,RAIL,472655,Paris Est,rail,470519,Gare de l'Est,71359,85
SNCF,16,87113001,8711300,PR/0087-113001-00,108,29,VOIE,TRAIN,50116519,Paris Est,RAIL,472723,Paris Est,rail,470519,Gare de l'Est,71359,86
SNCF,16,87113001,8711300,PR/0087-113001-00,100,3,VOIE,TRAIN,50118729,Paris Est,RAIL,472527,Paris Est,rail,470519,Gare de l'Est,71359,87
SNCF,16,87113001,8711300,PR/0087-113001-00,99,30,VOIE,TRAIN,50117801,Paris Est,RAIL,471533,Paris Est,rail,470519,Gare de l'Est,71359,86
SNCF,16,87113001,8711300,PR/0087-113001-00,101,4,VOIE,TRAIN,50118582,Paris Est,RAIL,470740,Paris Est,rail,470519,Gare de l'Est,71359,87
SNCF,16,87113001,8711300,PR/0087-113001-00,103,5,VOIE,TRAIN,50118579,Paris Est,RAIL,470734,Paris Est,rail,470519,Gare de l'Est,71359,88
SNCF,16,87113001,8711300,PR/0087-113001-00,104,6,VOIE,TRAIN,50117722,Paris Est,RAIL,471607,Paris Est,rail,470519,Gare de l'Est,71359,88
SNCF,16,87113001,8711300,PR/0087-113001-00,82,7,VOIE,TRAIN,50117994,Paris Est,RAIL,471309,Paris Est,rail,470519,Gare de l'Est,71359,89
SNCF,16,87113001,8711300,PR/0087-113001-00,107,8,VOIE,TRAIN,50117732,Paris Est,RAIL,471604,Paris Est,rail,470519,Gare de l'Est,71359,89
SNCF,16,87113001,8711300,PR/0087-113001-00,111,9,VOIE,TRAIN,50118413,Paris Est,RAIL,470833,Paris Est,rail,470519,Gare de l'Est,71359,90
SNCF,16,87113001,8711300,PR/0087-113001-00,115,PARIS EST,BUS,BUS,50116686,Paris Est,BUS,39917,Gare de l'est,bus,473807,Gare de l'Est (Boulevard de Strasbourg),71359,
SNCF,16,87113001,8711300,PR/0087-113001-00,116,PARIS EST,BUS,BUS,50116964,Paris Est,BUS,472143,Paris Est,bus,45187,Verdun,480614,
SNCF,16,87113001,8711300,PR/0087-113001-00,114,PARIS EST (D NORD),BUS,BUS,50117617,Paris Est,BUS,471814,Paris Est,bus,470536,Magenta - Gare de l'Est,71359,
SNCF,178,87113209,8711320,PR/0087-113209-BV,1305,A,VOIE,TRAIN,50118174,Pantin,RAIL,471103,Pantin,rail,43176,Pantin,72421,1312
SNCF,178,87113209,8711320,PR/0087-113209-BV,1310,B,VOIE,TRAIN,50118924,Pantin,RAIL,472972,Pantin,rail,43176,Pantin,72421,1312
SNCF,178,87113209,8711320,PR/0087-113209-BV,1304,C,VOIE,TRAIN,50118423,Pantin,RAIL,470857,Pantin,rail,43176,Pantin,72421,1303
SNCF,178,87113209,8711320,PR/0087-113209-BV,1302,D,VOIE,TRAIN,50116298,Pantin,RAIL,472870,Pantin,rail,43176,Pantin,72421,1303
SNCF,178,87113209,8711320,PR/0087-113209-BV,1307,E,VOIE,TRAIN,50117881,Pantin,RAIL,471454,Pantin,rail,43176,Pantin,72421,1306
SNCF,178,87113209,8711320,PR/0087-113209-BV,1308,F,VOIE,TRAIN,50117777,Pantin,RAIL,471540,Pantin,rail,43176,Pantin,72421,1306
SNCF,178,87113209,8711320,PR/0087-113209-BV,1309,PANTIN,BUS,BUS,50117008,Pantin,BUS,37454,Pantin RER - Mairie,bus,473350,Pantin RER - Mairie (av. Edouard Vaillant),72421,
SNCF,178,87113209,8711320,PR/0087-113209-BV,6029,PANTIN,BUS,BUS,50117313,Pantin,BUS,477148,Pantin,bus,473350,Pantin RER - Mairie (av. Edouard Vaillant),72421,
SNCF,180,87113217,8711321,PR/0087-113217-BV,1327,A,VOIE,TRAIN,50118307,Noisy-le-Sec,RAIL,471015,Noisy-le-Sec,rail,44201,Noisy-le-Sec,72041,1322
SNCF,180,87113217,8711321,PR/0087-113217-BV,1328,B,VOIE,TRAIN,50116472,Noisy-le-Sec,RAIL,472317,Noisy-le-Sec,rail,44201,Noisy-le-Sec,72041,1322
SNCF,180,87113217,8711321,PR/0087-113217-BV,1326,C,VOIE,TRAIN,50118775,Noisy-le-Sec,RAIL,472591,Noisy-le-Sec,rail,44201,Noisy-le-Sec,72041,1319
SNCF,180,87113217,8711321,PR/0087-113217-BV,1325,D,VOIE,TRAIN,50117553,Noisy-le-Sec,RAIL,471749,Noisy-le-Sec,rail,44201,Noisy-le-Sec,72041,1319
SNCF,180,87113217,8711321,PR/0087-113217-BV,1320,E,VOIE,TRAIN,50116167,Noisy-le-Sec,RAIL,472746,Noisy-le-Sec,rail,44201,Noisy-le-Sec,72041,1321
SNCF,180,87113217,8711321,PR/0087-113217-BV,1331,F,VOIE,TRAIN,50116110,Noisy-le-Sec,RAIL,472805,Noisy-le-Sec,rail,44201,Noisy-le-Sec,72041,1321
SNCF,180,87113217,8711321,PR/0087-113217-BV,1323,G,VOIE,TRAIN,50116165,Noisy-le-Sec,RAIL,472744,Noisy-le-Sec,rail,44201,Noisy-le-Sec,72041,1330
SNCF,180,87113217,8711321,PR/0087-113217-BV,1324,H,VOIE,TRAIN,50118678,Noisy-le-Sec,RAIL,472656,Noisy-le-Sec,rail,44201,Noisy-le-Sec,72041,1330
SNCF,180,87113217,8711321,PR/0087-113217-BV,1329,NOISY LE SEC,BUS,BUS,50116340,Noisy-le-Sec,BUS,472905,Noisy-le-Sec,bus,473891,Noisy-le-Sec,72041,
SNCF,99,87113407,8711340,PR/0087-113407-BV,6056,1TT,VOIE,TRAM-TRAIN,50117424,Bondy,TRAM,479491,Bondy,tram,473143,Bondy,72037,746
SNCF,99,87113407,8711340,PR/0087-113407-BV,4942,2TT,VOIE,TRAM-TRAIN,50117184,Bondy,TRAM,471982,Bondy,tram,473143,Bondy,72037,4941
SNCF,99,87113407,8711340,PR/0087-113407-BV,745,A,VOIE,TRAIN,50118668,Bondy,RAIL,472644,Bondy,rail,43096,Bondy,72037,746
SNCF,99,87113407,8711340,PR/0087-113407-BV,743,B,VOIE,TRAIN,50025239,Bondy,RAIL,473020,Bondy,rail,43096,Bondy,72037,746
SNCF,99,87113407,8711340,PR/0087-113407-BV,738,BONDY,BUS,BUS,50118936,Bondy,BUS,27825,Varsovie,bus,473144,Varsovie,72037,
SNCF,99,87113407,8711340,PR/0087-113407-BV,739,BONDY,BUS,BUS,50118352,Bondy,BUS,36266,Varsovie,bus,473144,Varsovie,72037,
SNCF,99,87113407,8711340,PR/0087-113407-BV,747,C,VOIE,TRAIN,50117261,Bondy,RAIL,471881,Bondy,rail,43096,Bondy,72037,741
SNCF,99,87113407,8711340,PR/0087-113407-BV,742,D,VOIE,TRAIN,50116967,Bondy,RAIL,472144,Bondy,rail,43096,Bondy,72037,741
SNCF,99,87113407,8711340,PR/0087-113407-BV,748,E,VOIE,TRAIN,50118281,Bondy,RAIL,470990,Bondy,rail,43096,Bondy,72037,740
SNCF,99,87113407,8711340,PR/0087-113407-BV,744,F,VOIE,TRAIN,50116319,Bondy,RAIL,472881,Bondy,rail,43096,Bondy,72037,740
SNCF,287,87113472,8711347,PR/0087-113472-00,2109,A,VOIE,TRAIN,50117189,Le Raincy - Villemomble - Montfermeil,RAIL,471977,Le Raincy - Villemomble - Montfermeil,rail,47901,Le Raincy - Villemomble - Montfermeil,73297,2112
SNCF,287,87113472,8711347,PR/0087-113472-00,2114,B,VOIE,TRAIN,50116105,Le Raincy - Villemomble - Montfermeil,RAIL,472799,Le Raincy - Villemomble - Montfermeil,rail,47901,Le Raincy - Villemomble - Montfermeil,73297,2112
SNCF,287,87113472,8711347,PR/0087-113472-00,2108,C,VOIE,TRAIN,50117270,Le Raincy - Villemomble - Montfermeil,RAIL,471874,Le Raincy - Villemomble - Montfermeil,rail,47901,Le Raincy - Villemomble - Montfermeil,73297,2113
SNCF,287,87113472,8711347,PR/0087-113472-00,2110,D,VOIE,TRAIN,50116643,Le Raincy - Villemomble - Montfermeil,RAIL,472187,Le Raincy - Villemomble - Montfermeil,rail,47901,Le Raincy - Villemomble - Montfermeil,73297,2113
SNCF,287,87113472,8711347,PR/0087-113472-00,2111,LE RAINCY VILLEMOMBLE MONTFERMEIL,BUS,BUS,50116372,Le Raincy - Villemomble - Montfermeil,BUS,427864,Gare du Raincy Villemomble Montfermeil,bus,473471,Gare du Raincy Villemomble Montfermeil,73297,
SNCF,209,87113514,8711351,PR/0087-113514-BV,1612,A,VOIE,TRAIN,50117642,Gagny,RAIL,471685,Gagny,rail,43044,Gagny,73278,1616
SNCF,209,87113514,8711351,PR/0087-113514-BV,1613,B,VOIE,TRAIN,50118628,Gagny,RAIL,470639,Gagny,rail,43044,Gagny,73278,1616
SNCF,209,87113514,8711351,PR/0087-113514-BV,1615,C,VOIE,TRAIN,50117740,Gagny,RAIL,471596,Gagny,rail,43044,Gagny,73278,1610
SNCF,209,87113514,8711351,PR/0087-113514-BV,1614,D,VOIE,TRAIN,50118389,Gagny,RAIL,470927,Gagny,rail,43044,Gagny,73278,1610
SNCF,209,87113514,8711351,PR/0087-113514-BV,1611,GAGNY,BUS,BUS,50116688,Gagny,BUS,19323,Gare de Gagny,bus,473287,Gare de Gagny (r. Clémenceau),73278,
SNCF,381,87113522,8711352,PR/0087-113522-00,2710,A,VOIE,TRAIN,50118312,Le Chénay Gagny,RAIL,471024,Le Chénay Gagny,rail,43127,Le Chénay Gagny,73266,2715
SNCF,381,87113522,8711352,PR/0087-113522-00,2709,B,VOIE,TRAIN,50116507,Le Chénay Gagny,RAIL,472631,Le Chénay Gagny,rail,43127,Le Chénay Gagny,73266,2715
SNCF,381,87113522,8711352,PR/0087-113522-00,2711,C,VOIE,TRAIN,50118916,Le Chénay Gagny,RAIL,472956,Le Chénay Gagny,rail,43127,Le Chénay Gagny,73266,2714
SNCF,381,87113522,8711352,PR/0087-113522-00,2712,D,VOIE,TRAIN,50116359,Le Chénay Gagny,RAIL,472429,Le Chénay Gagny,rail,43127,Le Chénay Gagny,73266,2714
SNCF,381,87113522,8711352,PR/0087-113522-00,2713,LE CHENAY GAGNY,BUS,BUS,50116386,Le Chénay Gagny,BUS,26099,La Mare,bus,50904,La Mare,73263,
SNCF,116,87113696,8711369,PR/0087-113696-00,885,A,VOIE,TRAIN,50118467,Rosny Bois Perrier,RAIL,470763,Rosny Bois Perrier,rail,42356,Rosny Bois Perrier,426280,881
SNCF,116,87113696,8711369,PR/0087-113696-00,884,B,VOIE,TRAIN,50118144,Rosny Bois Perrier,RAIL,471124,Rosny Bois Perrier,rail,42356,Rosny Bois Perrier,426280,881
SNCF,116,87113696,8711369,PR/0087-113696-00,882,C,VOIE,TRAIN,50116417,Rosny Bois Perrier,RAIL,472307,Rosny Bois Perrier,rail,42356,Rosny Bois Perrier,426280,880
SNCF,116,87113696,8711369,PR/0087-113696-00,883,D,VOIE,TRAIN,50118704,Rosny Bois Perrier,RAIL,472712,Rosny Bois Perrier,rail,42356,Rosny Bois Perrier,426280,880
SNCF,116,87113696,8711369,PR/0087-113696-00,886,ROSNY BOIS PERRIER,BUS,BUS,50116206,Rosny Bois Perrier,BUS,472769,Rosny Bois Perrier,bus,473487,Gare de Rosny Bois Perrier (Rue Léon Blum),426280,
SNCF,116,87113696,8711369,PR/0087-113696-00,888,ROSNY BOIS PERRIER,BUS,BUS,50117156,Rosny Bois Perrier,BUS,471952,Rosny Bois Perrier,bus,473486,Bois Perrier RER,426280,
SNCF,223,87113704,8711370,PR/0087-113704-00,1709,A,VOIE,TRAIN,50116625,Rosny-sous-Bois,RAIL,472202,Rosny-sous-Bois,rail,47877,Rosny-sous-Bois,71935,1710
SNCF,223,87113704,8711370,PR/0087-113704-00,1714,B,VOIE,TRAIN,50116318,Rosny-sous-Bois,RAIL,472882,Rosny-sous-Bois,rail,47877,Rosny-sous-Bois,71935,1710
SNCF,223,87113704,8711370,PR/0087-113704-00,1715,C,VOIE,TRAIN,50118709,Rosny-sous-Bois,RAIL,472717,Rosny-sous-Bois,rail,47877,Rosny-sous-Bois,71935,1711
SNCF,223,87113704,8711370,PR/0087-113704-00,1716,D,VOIE,TRAIN,50117718,Rosny-sous-Bois,RAIL,471618,Rosny-sous-Bois,rail,47877,Rosny-sous-Bois,71935,1711
SNCF,223,87113704,8711370,PR/0087-113704-00,1717,ROSNY SOUS BOIS,BUS,BUS,50116227,Rosny-sous-Bois,BUS,470765,Rosny-sous-Bois,bus,473466,Rosny-sous-Bois RER,71935,
SNCF,291,87113712,8711371,PR/0087-113712-00,2142,D,VOIE,TRAIN,50118139,Val de Fontenay,RAIL,471194,Val de Fontenay,rail,47900,Val de Fontenay,71718,2144
SNCF,291,87113712,8711371,PR/0087-113712-00,2140,E,VOIE,TRAIN,50118446,Val de Fontenay,RAIL,470867,Val de Fontenay,rail,47900,Val de Fontenay,71718,2144
SNCF,291,87113712,8711371,PR/0087-113712-00,2139,F,VOIE,TRAIN,50117519,Val de Fontenay,RAIL,471698,Val de Fontenay,rail,47900,Val de Fontenay,71718,2143
SNCF,291,87113712,8711371,PR/0087-113712-00,2141,G,VOIE,TRAIN,50117674,Val de Fontenay,RAIL,471654,Val de Fontenay,rail,47900,Val de Fontenay,71718,2143
SNCF,291,87113712,8711371,PR/0087-113712-00,2145,VAL DE FONTENAY,BUS,BUS,50116485,Val de Fontenay,BUS,472486,Gare de Val de Fontenay,bus,473595,Gare de Val-de-Fontenay,71718,
SNCF,291,87113712,8711371,PR/0087-113712-00,2146,VAL DE FONTENAY,BUS,BUS,50118602,Val de Fontenay,BUS,472122,Gare de Val de Fontenay,bus,473595,Gare de Val-de-Fontenay,71718,
SNCF,157,87113746,8711374,PR/0087-113746-BV,1148,A,VOIE,TRAIN,50118805,Nogent - Le Perreux,RAIL,472434,Nogent - Le Perreux,rail,46552,Nogent - Le Perreux,71609,1153
SNCF,157,87113746,8711374,PR/0087-113746-BV,1158,B,VOIE,TRAIN,50118738,Nogent - Le Perreux,RAIL,472537,Nogent - Le Perreux,rail,46552,Nogent - Le Perreux,71609,1153
SNCF,157,87113746,8711374,PR/0087-113746-BV,1157,D,VOIE,TRAIN,50118258,Nogent - Le Perreux,RAIL,471074,Nogent - Le Perreux,rail,46552,Nogent - Le Perreux,71609,1152
SNCF,157,87113746,8711374,PR/0087-113746-BV,1156,E,VOIE,TRAIN,50117237,Nogent - Le Perreux,RAIL,471997,Nogent - Le Perreux,rail,46552,Nogent - Le Perreux,71609,1152
SNCF,157,87113746,8711374,PR/0087-113746-BV,1154,F,VOIE,TRAIN,50118138,Nogent - Le Perreux,RAIL,471195,Nogent - Le Perreux,rail,46552,Nogent - Le Perreux,71609,1149
SNCF,157,87113746,8711374,PR/0087-113746-BV,1155,G,VOIE,TRAIN,50117637,Nogent - Le Perreux,RAIL,471686,Nogent - Le Perreux,rail,46552,Nogent - Le Perreux,71609,1149
SNCF,157,87113746,8711374,PR/0087-113746-BV,1150,NOGENT LE PERREUX,BUS,BUS,50118580,Nogent - Le Perreux,BUS,411234,Nogent-le-Perreux,bus,473124,Gare de Nogent-le-Perreux,71609,
SNCF,328,87113779,8711377,PR/0087-113779-00,2371,A,VOIE,TRAIN,50118666,Les Boullereaux Champigny,RAIL,472632,Les Boullereaux Champigny,rail,58267,Les Boullereaux Champigny,73098,2373
SNCF,328,87113779,8711377,PR/0087-113779-00,2374,B,VOIE,TRAIN,50117478,Les Boullereaux Champigny,RAIL,471827,Les Boullereaux Champigny,rail,58267,Les Boullereaux Champigny,73098,2372
SNCF,328,87113779,8711377,PR/0087-113779-00,2370,LES BOULLEREAUX CHAMPIGNY,BUS,BUS,50118551,Les Boullereaux Champigny,BUS,470697,Les Boullereaux Champigny,bus,473493,Les Boullereaux - Champigny,73098,
SNCF,377,87113795,8711379,PR/0087-113795-BV,2678,A,VOIE,TRAIN,50117877,Villiers-sur-Marne - Le Plessis-Trévise,RAIL,471450,Villiers-sur-Marne - Le Plessis-Trévise,rail,43223,Villiers-sur-Marne - Le Plessis-Trévise,73097,2682
SNCF,377,87113795,8711379,PR/0087-113795-BV,2679,B,VOIE,TRAIN,50118917,Villiers-sur-Marne - Le Plessis-Trévise,RAIL,472958,Villiers-sur-Marne - Le Plessis-Trévise,rail,43223,Villiers-sur-Marne - Le Plessis-Trévise,73097,2682
SNCF,377,87113795,8711379,PR/0087-113795-BV,2684,C,VOIE,TRAIN,50118786,Villiers-sur-Marne - Le Plessis-Trévise,RAIL,472393,Villiers-sur-Marne - Le Plessis-Trévise,rail,43223,Villiers-sur-Marne - Le Plessis-Trévise,73097,2680
SNCF,377,87113795,8711379,PR/0087-113795-BV,2683,VILLIERS SUR MARNE LE PLESSIS TREVISE,BUS,BUS,50118168,Villiers-sur-Marne - Le Plessis-Trévise,BUS,411307,Gare de Villiers-sur-Marne,bus,473566,Gare de Villiers-sur-Marne - Le Plessis-Trévise,73097,
SNCF,15,87113803,8711380,PR/0087-113803-00,76,A,VOIE,TRAIN,50118114,Les Yvris Noisy-le-Grand,RAIL,471169,Les Yvris Noisy-le-Grand,rail,58288,Les Yvris Noisy-le-Grand,73096,78
SNCF,15,87113803,8711380,PR/0087-113803-00,80,B,VOIE,TRAIN,50116361,Les Yvris Noisy-le-Grand,RAIL,472408,Les Yvris Noisy-le-Grand,rail,58288,Les Yvris Noisy-le-Grand,73096,77
SNCF,15,87113803,8711380,PR/0087-113803-00,79,LES YVRIS NOISY LE GRAND,BUS,BUS,50116136,Les Yvris Noisy-le-Grand,BUS,472829,Les Yvris Noisy-le-Grand,bus,473499,Gare des Yvris - Noisy-le-Grand,73096,
SNCF,28,87113845,8711384,PR/0087-113845-00,196,1TT,VOIE,TRAM-TRAIN,50118329,LES COQUETIERS,TRAM,471008,Les Coquetiers,tram,46516,Les Coquetiers,72028,195
SNCF,28,87113845,8711384,PR/0087-113845-00,197,2TT,VOIE,TRAM-TRAIN,50118324,LES COQUETIERS,TRAM,471005,Les Coquetiers,tram,46516,Les Coquetiers,72028,200
SNCF,28,87113845,8711384,PR/0087-113845-00,198,LES COQUETIERS,BUS,BUS,50117050,LES COQUETIERS,BUS,472043,Les Coquetiers,bus,473494,Les Coquetiers,72028,
SNCF,28,87113845,8711384,PR/0087-113845-00,199,LES COQUETIERS,BUS,BUS,50116673,LES COQUETIERS,BUS,472228,Les Coquetiers,bus,473494,Les Coquetiers,72028,
SNCF,53,87113852,8711385,PR/0087-113852-00,340,1TT,VOIE,TRAM-TRAIN,50116564,Les Pavillons-sous-Bois,TRAM,472503,Les Pavillons-sous-Bois,tram,46521,Les Pavillons-sous-Bois,73334,336
SNCF,53,87113852,8711385,PR/0087-113852-00,339,2TT,VOIE,TRAM-TRAIN,50117258,Les Pavillons-sous-Bois,TRAM,471878,Les Pavillons-sous-Bois,tram,46521,Les Pavillons-sous-Bois,73334,338
SNCF,53,87113852,8711385,PR/0087-113852-00,337,LES PAVILLONS SOUS BOIS,BUS,BUS,50118299,Les Pavillons-sous-Bois,BUS,470973,Les Pavillons-sous-Bois,bus,462930,Gare des Pavillons-sous-Bois,73334,
SNCF,53,87113852,8711385,PR/0087-113852-00,341,LES PAVILLONS SOUS BOIS,BUS,BUS,50117613,Les Pavillons-sous-Bois,BUS,471786,Les Pavillons-sous-Bois,bus,462930,Gare des Pavillons-sous-Bois,73334,
SNCF,310,87113860,8711386,PR/0087-113860-BV,2271,A,VOIE,TRAM-TRAIN,50116293,Gargan,TRAM,472857,Gargan,tram,43128,Gargan,73360,2274
SNCF,310,87113860,8711386,PR/0087-113860-BV,2273,B,VOIE,TRAM-TRAIN,50116635,Gargan,TRAM,472211,Gargan,tram,43128,Gargan,73360,2275
SNCF,310,87113860,8711386,PR/0087-113860-BV,2277,C,VOIE,TRAM-TRAIN,50117479,Gargan,TRAM,471825,Gargan,tram,43128,Gargan,73360,2275
SNCF,310,87113860,8711386,PR/0087-113860-BV,2272,GARGAN,BUS,BUS,50116517,Gargan,BUS,472719,Gargan,bus,462846,Gare de Gargan,73360,
SNCF,310,87113860,8711386,PR/0087-113860-BV,2276,GARGAN,BUS,BUS,50116575,Gargan,BUS,472513,Gargan,bus,462846,Gare de Gargan,73360,
SNCF,310,87113860,8711386,PR/0087-113860-BV,6147,Gargan  dépose,BUS,BUS,50116704,Gargan,BUS,480815,Gargan,bus,462846,Gare de Gargan,73360,
SNCF,310,87113860,8711386,PR/0087-113860-BV,6148,Gargan prise en charge,BUS,BUS,50116705,Gargan,BUS,480814,Gargan,bus,462846,Gare de Gargan,73360,
SNCF,361,87113878,8711387,PR/0087-113878-00,2576,1TT,VOIE,TRAM-TRAIN,50117583,Allée de la Tour-Rendez-vous,TRAM,471757,Allée de la Tour-Rendez-vous,tram,462929,Allée de la Tour-Rendez-vous,73312,2574
SNCF,361,87113878,8711387,PR/0087-113878-00,2571,2TT,VOIE,TRAM-TRAIN,50116659,Allée de la Tour-Rendez-vous,TRAM,472172,Allée de la Tour-Rendez-vous,tram,462929,Allée de la Tour-Rendez-vous,73312,2575
SNCF,361,87113878,8711387,PR/0087-113878-00,2572,ALLEE DE LA TOUR RENDEZ-VOUS,BUS,BUS,50117588,Allée de la Tour-Rendez-vous,BUS,471780,Allée de la Tour-Rendez-vous,bus,473029,Allée de la Tour-Rendez-vous (Bus travaux T4),73312,
SNCF,361,87113878,8711387,PR/0087-113878-00,2573,ALLEE DE LA TOUR RENDEZ-VOUS,BUS,BUS,50117783,Allée de la Tour-Rendez-vous,BUS,471537,Allée de la Tour-Rendez-vous,bus,473029,Allée de la Tour-Rendez-vous (Bus travaux T4),73312,
SNCF,285,87113886,8711388,PR/0087-113886-00,2098,1TT,VOIE,TRAM-TRAIN,50117009,L'Abbaye,TRAM,472077,L'Abbaye,tram,47936,L'Abbaye,73709,2099
SNCF,285,87113886,8711388,PR/0087-113886-00,2103,2TT,VOIE,TRAM-TRAIN,50116487,L'Abbaye,TRAM,472657,L'Abbaye,tram,47936,L'Abbaye,73709,2100
SNCF,285,87113886,8711388,PR/0087-113886-00,2101,L'ABBAYE,BUS,BUS,50117906,L'Abbaye,BUS,471439,L'Abbaye,bus,473429,L'Abbaye (av. Vaillant),73709,
SNCF,285,87113886,8711388,PR/0087-113886-00,2102,L'ABBAYE,BUS,BUS,50117721,L'Abbaye,BUS,471606,L'Abbaye,bus,473318,L'Abbaye (av. d'Orléans),73709,
SNCF,384,87113894,8711389,PR/0087-113894-00,2733,1TT,VOIE,TRAM-TRAIN,50116479,Freinville Sevran,TRAM,472316,Freinville Sevran,tram,47933,Freinville Sevran,73411,2734
SNCF,384,87113894,8711389,PR/0087-113894-00,2729,2TT,VOIE,TRAM-TRAIN,50116628,Freinville Sevran,TRAM,472197,Freinville Sevran,tram,47933,Freinville Sevran,73411,2732
SNCF,384,87113894,8711389,PR/0087-113894-00,2730,FREINVILLE SEVRAN,BUS,BUS,50117849,Freinville Sevran,BUS,19328,Freinville Westinghouse,bus,473283,Freinville Westinghouse,73411,
SNCF,384,87113894,8711389,PR/0087-113894-00,2731,FREINVILLE SEVRAN,BUS,BUS,50118629,Freinville Sevran,BUS,19482,Henri IV,bus,473282,Henri IV,73411,
SNCF,142,87115873,8711587,PR/0087-115873-00,1067,CHAMPBENOIST POIGNY,BUS,BUS,50118499,Champbenoist Poigny,BUS,470802,Champbenoist Poigny,bus,470803,Champbenoist Poigny,62064,
SNCF,142,87115873,8711587,PR/0087-115873-00,4917,Champbenoist-Poigny,BUS,BUS,50116106,Champbenoist Poigny,BUS,472802,Champbenoist Poigny,bus,473170,Gare de Champbenoist Poigny,62064,
SNCF,142,87115873,8711587,PR/0087-115873-00,4918,Champbenoist-Poigny,BUS,BUS,50118000,Champbenoist Poigny,BUS,471332,Champbenoist Poigny,bus,473170,Gare de Champbenoist Poigny,62064,
SNCF,142,87115873,8711587,PR/0087-115873-00,1069,VU,VOIE,TRAIN,50117178,Champbenoist Poigny,RAIL,471938,Champbenoist Poigny,rail,47174,Champbenoist Poigny,62064,1068
SNCF,122,87116012,8711601,PR/0087-116012-BV,913,A,VOIE,TRAIN,50118574,Gretz-Armainvilliers,RAIL,470729,Gretz-Armainvilliers,rail,43131,Gretz-Armainvilliers,67658,915
SNCF,122,87116012,8711601,PR/0087-116012-BV,919,B,VOIE,TRAIN,50117091,Gretz-Armainvilliers,RAIL,472086,Gretz-Armainvilliers,rail,43131,Gretz-Armainvilliers,67658,911
SNCF,122,87116012,8711601,PR/0087-116012-BV,912,C,VOIE,TRAIN,50117251,Gretz-Armainvilliers,RAIL,471886,Gretz-Armainvilliers,rail,43131,Gretz-Armainvilliers,67658,911
SNCF,122,87116012,8711601,PR/0087-116012-BV,914,D,VOIE,TRAIN,50118680,Gretz-Armainvilliers,RAIL,472669,Gretz-Armainvilliers,rail,43131,Gretz-Armainvilliers,67658,916
SNCF,122,87116012,8711601,PR/0087-116012-BV,918,GRETZ ARMAINVILLIERS,BUS,BUS,50117706,Gretz-Armainvilliers,BUS,472162,Gretz-Armainvilliers,bus,473357,Gare de Gretz-Armainvilliers,67658,
SNCF,249,87116020,8711602,PR/0087-116020-00,1866,A,VOIE,TRAIN,50118826,Ozoir-la-Ferrière,RAIL,472442,Ozoir-la-Ferrière,rail,462901,Ozoir-la-Ferrière,462934,1863
SNCF,249,87116020,8711602,PR/0087-116020-00,1867,B,VOIE,TRAIN,50117810,Ozoir-la-Ferrière,RAIL,471508,Ozoir-la-Ferrière,rail,462901,Ozoir-la-Ferrière,462934,1864
SNCF,249,87116020,8711602,PR/0087-116020-00,1865,OZOIR LA FERRIERE,BUS,BUS,50118445,Ozoir-la-Ferrière,BUS,470865,Ozoir-la-Ferrière,bus,473343,Gare d'Ozoir-la-Ferrière (Avenue Raoul Nordling),462934,
SNCF,47,87116038,8711603,PR/0087-116038-00,300,A,VOIE,TRAIN,50117087,Roissy-en-Brie,RAIL,472127,Roissy-en-Brie,rail,46568,Roissy-en-Brie,67839,295
SNCF,47,87116038,8711603,PR/0087-116038-00,301,B,VOIE,TRAIN,50117752,Roissy-en-Brie,RAIL,471570,Roissy-en-Brie,rail,46568,Roissy-en-Brie,67839,295
SNCF,47,87116038,8711603,PR/0087-116038-00,294,C,VOIE,TRAIN,50118372,Roissy-en-Brie,RAIL,470946,Roissy-en-Brie,rail,46568,Roissy-en-Brie,67839,297
SNCF,47,87116038,8711603,PR/0087-116038-00,296,D,VOIE,TRAIN,50118278,Roissy-en-Brie,RAIL,470987,Roissy-en-Brie,rail,46568,Roissy-en-Brie,67839,297
SNCF,47,87116038,8711603,PR/0087-116038-00,299,ROISSY EN BRIE,BUS,BUS,50117657,Roissy-en-Brie,BUS,471667,Roissy-en-Brie,bus,473483,Gare de Roissy-en-Brie,67839,
SNCF,234,87116046,8711604,PR/0087-116046-BV,1784,A,VOIE,TRAIN,50117696,Émerainville - Pontault-Combault,RAIL,471629,Émerainville - Pontault-Combault,rail,43074,Émerainville - Pontault-Combault,67897,1787
SNCF,234,87116046,8711604,PR/0087-116046-BV,1783,B,VOIE,TRAIN,50117667,Émerainville - Pontault-Combault,RAIL,471661,Émerainville - Pontault-Combault,rail,43074,Émerainville - Pontault-Combault,67897,1787
SNCF,234,87116046,8711604,PR/0087-116046-BV,1791,C,VOIE,TRAIN,50116133,Émerainville - Pontault-Combault,RAIL,472840,Émerainville - Pontault-Combault,rail,43074,Émerainville - Pontault-Combault,67897,1789
SNCF,234,87116046,8711604,PR/0087-116046-BV,1790,D,VOIE,TRAIN,50117954,Émerainville - Pontault-Combault,RAIL,471349,Émerainville - Pontault-Combault,rail,43074,Émerainville - Pontault-Combault,67897,1789
SNCF,234,87116046,8711604,PR/0087-116046-BV,1785,EMERAINVILLE PONTAULT COMBAULT,BUS,BUS,50118882,Émerainville - Pontault-Combault,BUS,20033,Gare de Pontault (Place Beilstein),bus,44366,Place Beilstein,415522,
SNCF,234,87116046,8711604,PR/0087-116046-BV,1788,EMERAINVILLE PONTAULT COMBAULT,BUS,BUS,50116174,Émerainville - Pontault-Combault,BUS,20033,Gare de Pontault (Place Beilstein),bus,44366,Place Beilstein,415522,
SNCF,386,87116079,8711607,PR/0087-116079-00,2738,1,VOIE,TRAIN,50118535,Verneuil-l'Étang,RAIL,470682,Verneuil-l'Étang,rail,47187,Verneuil-l'Étang,62471,2736
SNCF,386,87116079,8711607,PR/0087-116079-00,2739,2,VOIE,TRAIN,50118020,Verneuil-l'Étang,RAIL,471267,Verneuil-l'Étang,rail,47187,Verneuil-l'Étang,62471,2741
SNCF,386,87116079,8711607,PR/0087-116079-00,2740,4,VOIE,TRAIN,50118685,Verneuil-l'Étang,RAIL,472675,Verneuil-l'Étang,rail,47187,Verneuil-l'Étang,62471,2741
SNCF,386,87116079,8711607,PR/0087-116079-00,2737,VERNEUIL L'ETANG,BUS,BUS,50118040,Verneuil-l'Étang,BUS,6755,Gare de Verneuil-l'Etang,bus,473603,Gare de Verneuil-l'Etang,62471,
SNCF,190,87116087,8711608,PR/0087-116087-00,1393,1,VOIE,TRAIN,50117482,Mormant,RAIL,471839,Mormant,rail,47184,Mormant,62351,1394
SNCF,190,87116087,8711608,PR/0087-116087-00,1391,2,VOIE,TRAIN,50118702,Mormant,RAIL,472706,Mormant,rail,47184,Mormant,62351,1390
SNCF,190,87116087,8711608,PR/0087-116087-00,1392,MORMANT,BUS,BUS,50116234,Mormant,BUS,472938,Mormant,bus,473407,Mormant,62351,
SNCF,282,87116095,8711609,PR/0087-116095-BV,2083,1,VOIE,TRAIN,50118021,Nangis,RAIL,471269,Nangis,rail,47158,Nangis,62168,2082
SNCF,282,87116095,8711609,PR/0087-116095-BV,2084,2,VOIE,TRAIN,50118845,Nangis,RAIL,472477,Nangis,rail,47158,Nangis,62168,2081
SNCF,282,87116095,8711609,PR/0087-116095-BV,2085,NANGIS,BUS,BUS,50118533,Nangis,BUS,470684,Nangis,bus,473142,Gare de Nangis,62168,
SNCF,304,87116103,8711610,PR/0087-116103-BV,2245,A,VOIE,TRAIN,50117515,Meaux,RAIL,471695,Meaux,rail,43161,Meaux,68963,2243
SNCF,304,87116103,8711610,PR/0087-116103-BV,2239,B,VOIE,TRAIN,50118842,Meaux,RAIL,472472,Meaux,rail,43161,Meaux,68963,2243
SNCF,304,87116103,8711610,PR/0087-116103-BV,2238,C,VOIE,TRAIN,50116422,Meaux,RAIL,472297,Meaux,rail,43161,Meaux,68963,2244
SNCF,304,87116103,8711610,PR/0087-116103-BV,2240,D,VOIE,TRAIN,50118933,Meaux,RAIL,472926,Meaux,rail,43161,Meaux,68963,2244
SNCF,304,87116103,8711610,PR/0087-116103-BV,2242,MEAUX,BUS,BUS,50117132,Meaux,BUS,471927,Meaux,bus,473352,Gare de Meaux (Rue des Trinitaires),68963,
SNCF,280,87116111,8711611,PR/0087-116111-BV,2070,A,VOIE,TRAIN,50117615,Chelles - Gournay,RAIL,471788,Chelles - Gournay,rail,58879,Chelles - Gournay,68407,2074
SNCF,280,87116111,8711611,PR/0087-116111-BV,2075,B,VOIE,TRAIN,50118885,Chelles - Gournay,RAIL,472324,Chelles - Gournay,rail,58879,Chelles - Gournay,68407,2074
SNCF,280,87116111,8711611,PR/0087-116111-BV,2068,C,VOIE,TRAIN,50118118,Chelles - Gournay,RAIL,471173,Chelles - Gournay,rail,58879,Chelles - Gournay,68407,2073
SNCF,280,87116111,8711611,PR/0087-116111-BV,2067,CHELLES GOURNAY,BUS,BUS,50116240,Chelles - Gournay,BUS,22556,Chelles Gournay RER / Gasnier Guy,bus,58880,Gasnier Guy,68407,
SNCF,280,87116111,8711611,PR/0087-116111-BV,2071,CHELLES GOURNAY,BUS,BUS,50118676,Chelles - Gournay,BUS,36312,Chelles - Gournay RER,bus,473243,Gare de Chelles Gournay,68407,
SNCF,280,87116111,8711611,PR/0087-116111-BV,2069,D,VOIE,TRAIN,50116682,Chelles - Gournay,RAIL,472240,Chelles - Gournay,rail,58879,Chelles - Gournay,68407,2073
SNCF,336,87116137,8711613,PR/0087-116137-00,2416,1,VOIE,TRAIN,50116177,Longueville,RAIL,472765,Longueville,rail,47914,Longueville,61858,2412
SNCF,336,87116137,8711613,PR/0087-116137-00,2413,2,VOIE,TRAIN,50117614,Longueville,RAIL,471787,Longueville,rail,47914,Longueville,61858,2411
SNCF,336,87116137,8711613,PR/0087-116137-00,2417,A,VOIE,TRAIN,50118152,Longueville,RAIL,471114,Longueville,rail,47914,Longueville,61858,2412
SNCF,336,87116137,8711613,PR/0087-116137-00,2414,B,VOIE,TRAIN,50117709,Longueville,RAIL,471623,Longueville,rail,47914,Longueville,61858,2410
SNCF,336,87116137,8711613,PR/0087-116137-00,2418,LONGUEVILLE,BUS,BUS,50118705,Longueville,BUS,9769,Gare de Longueville,bus,473505,Gare de Longueville,61858,
SNCF,336,87116137,8711613,PR/0087-116137-00,4927,LONGUEVILLE,BUS,BUS,50118617,Longueville,BUS,9769,Gare de Longueville,bus,473505,Gare de Longueville,61858,
SNCF,169,87116160,8711616,PR/0087-116160-BV,1238,1,VOIE,TRAIN,50118848,Provins,RAIL,472279,Provins,rail,47181,Provins,62139,1241
SNCF,169,87116160,8711616,PR/0087-116160-BV,1239,2,VOIE,TRAIN,50117948,Provins,RAIL,471395,Provins,rail,47181,Provins,62139,1242
SNCF,169,87116160,8711616,PR/0087-116160-BV,1240,PROVINS,BUS,BUS,50116375,Provins,BUS,472402,Provins,bus,473479,Gare de Provins,62139,
SNCF,169,87116160,8711616,PR/0087-116160-BV,4920,PROVINS,BUS,BUS,50117855,Provins,BUS,471487,Provins,bus,473479,Gare de Provins,62139,
SNCF,254,87116178,8711617,PR/0087-116178-00,4921,Sainte Colombe-Septveilles,BUS,BUS,50118007,Sainte-Colombe Septveilles,BUS,471340,Sainte-Colombe Septveilles,bus,473514,Sainte-Colombe Septveilles,61961,
SNCF,254,87116178,8711617,PR/0087-116178-00,1896,SAINTE-COLOMBE SEPTVEILLES,BUS,BUS,50118155,Sainte-Colombe Septveilles,BUS,471115,Sainte-Colombe Septveilles,bus,473514,Sainte-Colombe Septveilles,61961,
SNCF,254,87116178,8711617,PR/0087-116178-00,1898,VU,VOIE,TRAIN,50116128,Sainte-Colombe Septveilles,RAIL,472837,Sainte-Colombe Septveilles,rail,47171,Sainte-Colombe Septveilles,61961,1897
SNCF,219,87116210,8711621,PR/0087-116210-BV,1686,A,VOIE,TRAIN,50117187,Tournan,RAIL,471983,Tournan,rail,43208,Tournan,67625,1688
SNCF,219,87116210,8711621,PR/0087-116210-BV,1689,B,VOIE,TRAIN,50117874,Tournan,RAIL,471445,Tournan,rail,43208,Tournan,67625,1688
SNCF,219,87116210,8711621,PR/0087-116210-BV,1690,C,VOIE,TRAIN,50116125,Tournan,RAIL,472817,Tournan,rail,43208,Tournan,67625,1687
SNCF,219,87116210,8711621,PR/0087-116210-BV,1684,TOURNAN,BUS,BUS,50116637,Tournan,BUS,16329,Gare de Tournan en Brie,bus,473588,Gare de Tournan (Rue Geores Clémenceau),67625,
SNCF,402,87116228,8711622,PR/0087-116228-00,2836,1,VOIE,TRAIN,50118841,Marles-en-Brie,RAIL,472469,Marles-en-Brie,rail,43247,Marles-en-Brie,67604,2834
SNCF,402,87116228,8711622,PR/0087-116228-00,2835,2,VOIE,TRAIN,50117229,Marles-en-Brie,RAIL,472018,Marles-en-Brie,rail,43247,Marles-en-Brie,67604,2832
SNCF,402,87116228,8711622,PR/0087-116228-00,2833,MARLES EN BRIE,BUS,BUS,50118706,Marles-en-Brie,BUS,419783,La Houssaye en Brie Gare Marles en Brie,bus,473177,Gare SNCF,67604,
SNCF,151,87116244,8711624,PR/0087-116244-00,1124,1,VOIE,TRAIN,50118932,Mortcerf,RAIL,472927,Mortcerf,rail,47942,Mortcerf,67805,1121
SNCF,151,87116244,8711624,PR/0087-116244-00,1123,2,VOIE,TRAIN,50117973,Mortcerf,RAIL,471374,Mortcerf,rail,47942,Mortcerf,67805,1120
SNCF,151,87116244,8711624,PR/0087-116244-00,1122,MORTCERF,BUS,BUS,50116477,Mortcerf,BUS,472311,Mortcerf,bus,472312,Mortcerf,67805,
SNCF,339,87116269,8711626,PR/0087-116269-00,2432,1,VOIE,TRAIN,50116436,Guérard - La Celle-sur-Morin,RAIL,472269,Guérard - La Celle-sur-Morin,rail,47205,Guérard - La Celle-sur-Morin,67924,2430
SNCF,339,87116269,8711626,PR/0087-116269-00,2431,GUERARD LA CELLE SUR MORIN,BUS,BUS,50116226,Guérard - La Celle-sur-Morin,BUS,9330,Bellevue,bus,47204,Bellevue,67924,
SNCF,168,87116277,8711627,PR/0087-116277-00,1237,A,VOIE,TRAIN,50118250,Faremoutiers - Pommeuse,RAIL,471086,Faremoutiers - Pommeuse,rail,47199,Faremoutiers - Pommeuse,67917,1236
SNCF,168,87116277,8711627,PR/0087-116277-00,1235,FAREMOUTIERS POMMEUSE,BUS,BUS,50116604,Faremoutiers - Pommeuse,BUS,6264,Gare SNCF,bus,473275,Gare de Faremoutiers - Pommeuse,67917,
SNCF,306,87116285,8711628,PR/0087-116285-00,2255,A,VOIE,TRAIN,50117191,Mouroux,RAIL,471979,Mouroux,rail,47943,Mouroux,67944,2254
SNCF,306,87116285,8711628,PR/0087-116285-00,2253,MOUROUX,BUS,BUS,50118178,Mouroux,BUS,477258,Mouroux,bus,473411,Gare SNCF,67944,
SNCF,52,87116293,8711629,PR/0087-116293-BV,335,A,VOIE,TRAIN,50117019,Vaires - Torcy,RAIL,472069,Vaires - Torcy,rail,43211,Vaires - Torcy,68419,333
SNCF,52,87116293,8711629,PR/0087-116293-BV,330,B,VOIE,TRAIN,50117266,Vaires - Torcy,RAIL,471870,Vaires - Torcy,rail,43211,Vaires - Torcy,68419,333
SNCF,52,87116293,8711629,PR/0087-116293-BV,329,C,VOIE,TRAIN,50116175,Vaires - Torcy,RAIL,472738,Vaires - Torcy,rail,43211,Vaires - Torcy,68419,334
SNCF,52,87116293,8711629,PR/0087-116293-BV,331,D,VOIE,TRAIN,50118059,Vaires - Torcy,RAIL,471245,Vaires - Torcy,rail,43211,Vaires - Torcy,68419,334
SNCF,52,87116293,8711629,PR/0087-116293-BV,332,VAIRES TORCY,BUS,BUS,50116620,Vaires - Torcy,BUS,472912,Gare de Vaires Torcy,bus,473855,Gare de Vaires Torcy,68419,
SNCF,58,87116301,8711630,PR/0087-116301-00,366,A,VOIE,TRAIN,50117996,Coulommiers,RAIL,471311,Coulommiers,rail,43117,Coulommiers,67920,370
SNCF,58,87116301,8711630,PR/0087-116301-00,371,B,VOIE,TRAIN,50118273,Coulommiers,RAIL,470982,Coulommiers,rail,43117,Coulommiers,67920,369
SNCF,58,87116301,8711630,PR/0087-116301-00,367,C,VOIE,TRAIN,50116596,Coulommiers,RAIL,472559,Coulommiers,rail,43117,Coulommiers,67920,370
SNCF,58,87116301,8711630,PR/0087-116301-00,368,COULOMMIERS,BUS,BUS,50117245,Coulommiers,BUS,472004,Coulommiers,bus,473270,Gare de Coulommiers,67920,
SNCF,58,87116301,8711630,PR/0087-116301-00,4916,COULOMMIERS,BUS,BUS,50117758,Coulommiers,BUS,471572,Coulommiers,bus,473270,Gare de Coulommiers,67920,
SNCF,240,87116319,8711631,PR/0087-116319-00,1817,A,VOIE,TRAIN,50118245,Lagny - Thorigny,RAIL,471091,Lagny - Thorigny,rail,427872,Lagny - Thorigny,68494,1811
SNCF,240,87116319,8711631,PR/0087-116319-00,1816,B,VOIE,TRAIN,50118241,Lagny - Thorigny,RAIL,471095,Lagny - Thorigny,rail,427872,Lagny - Thorigny,68494,1811
SNCF,240,87116319,8711631,PR/0087-116319-00,1813,C,VOIE,TRAIN,50117235,Lagny - Thorigny,RAIL,471998,Lagny - Thorigny,rail,427872,Lagny - Thorigny,68494,1815
SNCF,240,87116319,8711631,PR/0087-116319-00,1814,D,VOIE,TRAIN,50118149,Lagny - Thorigny,RAIL,471127,Lagny - Thorigny,rail,427872,Lagny - Thorigny,68494,1815
SNCF,240,87116319,8711631,PR/0087-116319-00,1812,LAGNY THORIGNY,BUS,BUS,50116112,Lagny - Thorigny,BUS,472819,Lagny - Thorigny,bus,473319,Gare de Lagny-Thorigny,68494,
SNCF,370,87116327,8711632,PR/0087-116327-00,2631,A,VOIE,TRAIN,50117744,Esbly,RAIL,471581,Esbly,rail,47322,Esbly,68653,2630
SNCF,370,87116327,8711632,PR/0087-116327-00,2627,B,VOIE,TRAIN,50118232,Esbly,RAIL,471034,Esbly,rail,47322,Esbly,68653,2626
SNCF,370,87116327,8711632,PR/0087-116327-00,2628,C,VOIE,TRAIN,50117501,Esbly,RAIL,471850,Esbly,rail,47322,Esbly,68653,2626
SNCF,370,87116327,8711632,PR/0087-116327-00,2629,ESBLY,BUS,BUS,50116230,Esbly,BUS,472929,Esbly,bus,473179,Gare d'Esbly,68653,
SNCF,437,87116343,8711634,PR/0087-116343-BV,4929,Chailly - Boissy Le Châtel,BUS,BUS,50118129,Chailly - Boissy-le-Châtel,BUS,6056,Moulin de Boissy,bus,49233,Moulin,67942,
SNCF,437,87116343,8711634,PR/0087-116343-BV,4930,Chailly - Boissy Le Châtel,BUS,BUS,50117556,Chailly - Boissy-le-Châtel,BUS,6055,Moulin de Boissy,bus,49233,Moulin,67942,
SNCF,462,87116350,8711635,PR/0087-116350-00,4933,Chauffry,BUS,BUS,50116647,Chauffry,BUS,472183,Chauffry,bus,49256,Pot d'Etain,67929,
SNCF,462,87116350,8711635,PR/0087-116350-00,6036,Chauffry,BUS,BUS,50117322,Chauffry,BUS,477141,Chauffry,bus,49256,Pot d'Etain,67929,
SNCF,422,87116368,8711636,PR/0087-116368-00,4928,Saint-Siméon,BUS,BUS,50118233,Saint-Siméon,BUS,471035,Saint-Siméon,bus,473552,Saint-Siméon,67886,
SNCF,443,87116376,8711637,PR/0087-116376-00,4931,Saint Rémy La Vanne,BUS,BUS,50117043,Saint-Rémy-la-Vanne,BUS,472050,Saint-Rémy-la-Vanne,bus,49482,Moulin du Pont,67906,
SNCF,443,87116376,8711637,PR/0087-116376-00,4932,Saint Rémy La Vanne,BUS,BUS,50117792,Saint-Rémy-la-Vanne,BUS,471525,Saint-Rémy-la-Vanne,bus,49482,Moulin du Pont,67906,
SNCF,327,87116392,8711639,PR/0087-116392-00,4926,La Ferté Gaucher - Gare,BUS,BUS,50116250,La Ferté-Gaucher,BUS,472970,La Ferté-Gaucher,bus,473530,La Ferté-Gaucher,73754,
SNCF,85,87116400,8711640,PR/0087-116400-BV,644,MONTRY CONDE,BUS,BUS,50117576,Montry - Condé,BUS,471762,Gare de Montry-Condé,bus,473399,Gare de Montry-Condé,68582,
SNCF,85,87116400,8711640,PR/0087-116400-BV,645,MONTRY CONDE,BUS,BUS,50118894,Montry - Condé,BUS,472315,Gare de Montry-Condé,bus,473399,Gare de Montry-Condé,68582,
SNCF,85,87116400,8711640,PR/0087-116400-BV,646,VU,VOIE,TRAIN,50117820,Montry - Condé,RAIL,471514,Montry - Condé,rail,47325,Montry - Condé,68582,647
SNCF,134,87116491,8711649,PR/0087-116491-BV,992,1,VOIE,TRAIN,50116645,Trilport,RAIL,472185,Trilport,rail,47962,Trilport,68984,989
SNCF,134,87116491,8711649,PR/0087-116491-BV,993,2,VOIE,TRAIN,50118851,Trilport,RAIL,472274,Trilport,rail,47962,Trilport,68984,991
SNCF,134,87116491,8711649,PR/0087-116491-BV,990,TRILPORT,BUS,BUS,50118101,Trilport,BUS,4959,Saint-Fiacre,bus,47438,Saint Fiacre,68960,
SNCF,84,87116509,8711650,PR/0087-116509-BV,639,1,VOIE,TRAIN,50117113,Changis - Saint-Jean,RAIL,472092,Changis - Saint-Jean,rail,47928,Changis - Saint-Jean,68980,643
SNCF,84,87116509,8711650,PR/0087-116509-BV,640,2,VOIE,TRAIN,50117943,Changis - Saint-Jean,RAIL,471406,Changis - Saint-Jean,rail,47928,Changis - Saint-Jean,68980,641
SNCF,84,87116509,8711650,PR/0087-116509-BV,642,CHANGIS SAINT-JEAN,BUS,BUS,50116679,Changis - Saint-Jean,BUS,472235,Changis - Saint-Jean,bus,473171,Gare de Changis St Jean,68980,
SNCF,121,87116517,8711651,PR/0087-116517-BV,907,1,VOIE,TRAIN,50117003,La Ferté-sous-Jouarre,RAIL,472057,La Ferté-sous-Jouarre,rail,43246,La Ferté-sous-Jouarre,68918,910
SNCF,121,87116517,8711651,PR/0087-116517-BV,906,2,VOIE,TRAIN,50116383,La Ferté-sous-Jouarre,RAIL,472386,La Ferté-sous-Jouarre,rail,43246,La Ferté-sous-Jouarre,68918,909
SNCF,121,87116517,8711651,PR/0087-116517-BV,908,LA FERTE SOUS JOUARRE,BUS,BUS,50117148,La Ferté-sous-Jouarre,BUS,471910,La Ferté-sous-Jouarre,bus,473420,Gare de La Ferté-sous-Jouarre,68918,
SNCF,244,87116558,8711655,PR/0087-116558-00,1838,1,VOIE,TRAIN,50117712,Nanteuil - Saâcy,RAIL,471612,Nanteuil - Saâcy,rail,47482,Nanteuil - Saâcy,69072,1836
SNCF,244,87116558,8711655,PR/0087-116558-00,1837,2,VOIE,TRAIN,50117533,Nanteuil - Saâcy,RAIL,471715,Nanteuil - Saâcy,rail,47482,Nanteuil - Saâcy,69072,1839
SNCF,244,87116558,8711655,PR/0087-116558-00,1840,NANTEUIL SAACY,BUS,BUS,50116492,Nanteuil - Saâcy,BUS,472674,Nanteuil - Saâcy,bus,473211,Nanteuil - Saâcy,69072,
SNCF,466,87116566,8711656,PR/0087-116566-BV,3049,1,VOIE,TRAIN,50118193,Nogent-L'Artaud - Charly,RAIL,471144,Nogent-L'Artaud - Charly,rail,411384,Nogent-L'Artaud - Charly,411385,3046
SNCF,466,87116566,8711656,PR/0087-116566-BV,3048,2,VOIE,TRAIN,50117269,Nogent-L'Artaud - Charly,RAIL,471871,Nogent-L'Artaud - Charly,rail,411384,Nogent-L'Artaud - Charly,411385,3045
SNCF,466,87116566,8711656,PR/0087-116566-BV,3047,Nogent l'Artaud Charly,BUS,BUS,50118126,Nogent-L'Artaud - Charly,BUS,471182,Nogent-L'Artaud - Charly,bus,473297,Nogent-L'Artaud - Charly,411385,
SNCF,405,87116574,8711657,PR/0087-116574-00,2847,1,VOIE,TRAIN,50117469,Chézy-sur-Marne,RAIL,471821,Chézy-sur-Marne,rail,411381,Chézy-sur-Marne,411382,2849
SNCF,405,87116574,8711657,PR/0087-116574-00,2846,2,VOIE,TRAIN,50117574,Chézy-sur-Marne,RAIL,471764,Chézy-sur-Marne,rail,411381,Chézy-sur-Marne,411382,2848
SNCF,405,87116574,8711657,PR/0087-116574-00,2850,Chezy-sur-Marne,BUS,BUS,50118861,Chézy-sur-Marne,BUS,472250,Chézy-sur-Marne,bus,472251,Gare de Chézy-sur-Marne,411382,
SNCF,460,87116582,8711658,PR/0087-116582-BV,3027,A,VOIE,TRAIN,50116193,Château-Thierry,RAIL,472783,Château-Thierry,rail,411378,Château-Thierry,411379,3022
SNCF,460,87116582,8711658,PR/0087-116582-BV,3026,B,VOIE,TRAIN,50117062,Château-Thierry,RAIL,472119,Château-Thierry,rail,411378,Château-Thierry,411379,3022
SNCF,460,87116582,8711658,PR/0087-116582-BV,3021,C,VOIE,TRAIN,50116148,Château-Thierry,RAIL,472854,Château-Thierry,rail,411378,Château-Thierry,411379,3024
SNCF,460,87116582,8711658,PR/0087-116582-BV,3025,Château Thierry,BUS,BUS,50118633,Château-Thierry,BUS,470653,Château-Thierry,bus,473190,Gare de Château-Thierry,411379,
SNCF,460,87116582,8711658,PR/0087-116582-BV,3029,D,VOIE,TRAIN,50117167,Château-Thierry,RAIL,471957,Château-Thierry,rail,411378,Château-Thierry,411379,3024
SNCF,460,87116582,8711658,PR/0087-116582-BV,3028,E,VOIE,TRAIN,50118470,Château-Thierry,RAIL,470760,Château-Thierry,rail,411378,Château-Thierry,411379,3023
SNCF,392,87116616,8711661,PR/0087-116616-BV,2772,1,VOIE,TRAIN,50117885,Isles - Armentières - Congis,RAIL,471458,Isles - Armentières - Congis,rail,47484,Isles - Armentières - Congis,69162,2770
SNCF,392,87116616,8711661,PR/0087-116616-BV,2771,2,VOIE,TRAIN,50116540,Isles - Armentières - Congis,RAIL,472702,Isles - Armentières - Congis,rail,47484,Isles - Armentières - Congis,69162,2768
SNCF,392,87116616,8711661,PR/0087-116616-BV,2769,ISLES ARMENTIERES CONGIS,BUS,BUS,50118563,Isles - Armentières - Congis,BUS,470715,Isles - Armentières - Congis,bus,473383,Gare de Isles - Armentières - Congis,69162,
SNCF,150,87116632,8711663,PR/0087-116632-BV,1117,1,VOIE,TRAIN,50118626,Lizy-sur-Ourcq,RAIL,470646,Lizy-sur-Ourcq,rail,47486,Lizy-sur-Ourcq,69237,1119
SNCF,150,87116632,8711663,PR/0087-116632-BV,1118,2,VOIE,TRAIN,50117205,Lizy-sur-Ourcq,RAIL,471961,Lizy-sur-Ourcq,rail,47486,Lizy-sur-Ourcq,69237,1116
SNCF,150,87116632,8711663,PR/0087-116632-BV,1115,LIZY SUR OURCQ,BUS,BUS,50117769,Lizy-sur-Ourcq,BUS,471565,Lizy-sur-Ourcq,bus,473503,Gare de Lizy-sur-Ourcq,69237,
SNCF,248,87116640,8711664,PR/0087-116640-00,1860,1,VOIE,TRAIN,50118190,Crouy-sur-Ourcq,RAIL,471156,Crouy-sur-Ourcq,rail,47491,Crouy-sur-Ourcq,69435,1862
SNCF,248,87116640,8711664,PR/0087-116640-00,1859,2,VOIE,TRAIN,50117690,Crouy-sur-Ourcq,RAIL,471639,Crouy-sur-Ourcq,rail,47491,Crouy-sur-Ourcq,69435,1858
SNCF,248,87116640,8711664,PR/0087-116640-00,1861,CROUY SUR OURCQ,BUS,BUS,50116354,Crouy-sur-Ourcq,BUS,10619,Gare de Crouy sur Ourcq,bus,473274,Gare de Crouy-sur-Ourcq,69435,
SNCF,414,87116665,8711666,PR/0087-116665-00,2870,1,VOIE,TRAIN,50117124,Mareuil-sur-Ourcq,RAIL,471919,Mareuil-sur-Ourcq,rail,411375,Mareuil-sur-Ourcq,411376,2872
SNCF,414,87116665,8711666,PR/0087-116665-00,2871,2,VOIE,TRAIN,50117179,Mareuil-sur-Ourcq,RAIL,471939,Mareuil-sur-Ourcq,rail,411375,Mareuil-sur-Ourcq,411376,2873
SNCF,414,87116665,8711666,PR/0087-116665-00,2874,Mareuil sur Ourcq,BUS,BUS,50117129,Mareuil-sur-Ourcq,BUS,471922,Mareuil-sur-Ourcq,bus,473176,Gare SNCF,411376,
SNCF,447,87116673,8711667,PR/0087-116673-00,2980,1,VOIE,TRAIN,50116265,La Ferté-Milon,RAIL,472990,La Ferté-Milon,rail,411372,La Ferté-Milon,411373,2979
SNCF,447,87116673,8711667,PR/0087-116673-00,2977,2,VOIE,TRAIN,50116973,La Ferté-Milon,RAIL,472149,La Ferté-Milon,rail,411372,La Ferté-Milon,411373,2975
SNCF,447,87116673,8711667,PR/0087-116673-00,2978,2B,VOIE,TRAIN,50118033,La Ferté-Milon,RAIL,471295,La Ferté-Milon,rail,411372,La Ferté-Milon,411373,2979
SNCF,447,87116673,8711667,PR/0087-116673-00,2976,LA FERTE MILON,BUS,BUS,50117180,La Ferté-Milon,BUS,417522,Gare SNCF,bus,473419,Gare de La Ferté-Milon,411373,
SNCF,44,87116731,8711673,PR/0087-116731-BV,283,COUILLY SAINT-GERMAIN QUINCY,BUS,BUS,50117619,Couilly - Saint-Germain - Quincy,BUS,471816,Gare de Couilly St Germain Quincy,bus,473269,Gare de Couilly - Saint-Germain - Quincy,68505,
SNCF,44,87116731,8711673,PR/0087-116731-BV,284,COUILLY SAINT-GERMAIN QUINCY,BUS,BUS,50117797,Couilly - Saint-Germain - Quincy,BUS,10964,Gare de Couilly St Germain Quincy,bus,473269,Gare de Couilly - Saint-Germain - Quincy,68505,
SNCF,44,87116731,8711673,PR/0087-116731-BV,285,VU,VOIE,TRAIN,50117280,Couilly - Saint-Germain - Quincy,RAIL,471893,Couilly - Saint-Germain - Quincy,rail,47327,Couilly - Saint-Germain - Quincy,68505,282
SNCF,120,87116749,8711674,PR/0087-116749-00,903,VILLIERS MONTBARBIN,BUS,BUS,50116648,Villiers Montbarbin,BUS,472196,Villiers Montbarbin,bus,47329,Gare de Villiers Montbarbin,68311,
SNCF,120,87116749,8711674,PR/0087-116749-00,904,VILLIERS MONTBARBIN,BUS,BUS,50117272,Villiers Montbarbin,BUS,20208,Gare de Villiers Montbarbin,bus,47329,Gare de Villiers Montbarbin,68311,
SNCF,120,87116749,8711674,PR/0087-116749-00,902,VU,VOIE,TRAIN,50118108,Villiers Montbarbin,RAIL,471231,Villiers Montbarbin,rail,58581,Villiers Montbarbin,68311,905
SNCF,31,87116772,8711677,PR/0087-116772-00,210,CRECY LA CHAPELLE,BUS,BUS,50116428,Crécy-la-Chapelle,BUS,472287,Crécy-la-Chapelle,bus,473249,Gare de Crécy-la-Chapelle,68293,
SNCF,31,87116772,8711677,PR/0087-116772-00,209,VU,VOIE,TRAIN,50116499,Crécy-la-Chapelle,RAIL,472617,Crécy-la-Chapelle,rail,47894,Crécy-la-Chapelle,68293,211
SNCF,51,87164780,8716478,PR/0087-164780-00,323,1,VOIE,TRAIN,50118360,Stade de France Saint-Denis,RAIL,470904,Stade de France Saint-Denis,rail,43204,Stade de France Saint-Denis,72206,320
SNCF,51,87164780,8716478,PR/0087-164780-00,322,2,VOIE,TRAIN,50118618,Stade de France Saint-Denis,RAIL,470637,Stade de France Saint-Denis,rail,43204,Stade de France Saint-Denis,72206,321
SNCF,51,87164780,8716478,PR/0087-164780-00,325,M,VOIE,TRAIN,50118814,Stade de France Saint-Denis,RAIL,472411,Stade de France Saint-Denis,rail,43204,Stade de France Saint-Denis,72206,321
SNCF,51,87164780,8716478,PR/0087-164780-00,324,STADE DE FRANCE SAINT-DENIS,BUS,BUS,50116528,Stade de France Saint-Denis,BUS,472681,Stade de France Saint-Denis,bus,473576,Stade de France Saint-Denis,72206,
SNCF,279,87164798,8716479,PR/0087-164798-00,2061,1,VOIE,TRAIN,50118748,La Plaine Stade de France - Saint-Denis - Aubervilliers,RAIL,472548,La Plaine Stade de France - Saint-Denis - Aubervilliers,rail,43145,La Plaine Stade de France,72211,2064
SNCF,279,87164798,8716479,PR/0087-164798-00,2060,1B,VOIE,TRAIN,50117889,La Plaine Stade de France - Saint-Denis - Aubervilliers,RAIL,471426,La Plaine Stade de France - Saint-Denis - Aubervilliers,rail,43145,La Plaine Stade de France,72211,2064
SNCF,279,87164798,8716479,PR/0087-164798-00,2058,2,VOIE,TRAIN,50117647,La Plaine Stade de France - Saint-Denis - Aubervilliers,RAIL,471680,La Plaine Stade de France - Saint-Denis - Aubervilliers,rail,43145,La Plaine Stade de France,72211,2065
SNCF,279,87164798,8716479,PR/0087-164798-00,2059,2B,VOIE,TRAIN,50116513,La Plaine Stade de France - Saint-Denis - Aubervilliers,RAIL,472711,La Plaine Stade de France - Saint-Denis - Aubervilliers,rail,43145,La Plaine Stade de France,72211,2065
SNCF,279,87164798,8716479,PR/0087-164798-00,2066,La Plaine Stade de France,BUS,BUS,50117044,La Plaine Stade de France - Saint-Denis - Aubervilliers,BUS,472045,La Plaine Stade de France - Saint-Denis - Aubervilliers,bus,473425,Gare de La Plaine- Stade de France,72211,
SNCF,279,87164798,8716479,PR/0087-164798-00,2057,LA PLAINE STADE DE FRANCE (SAINT-DENIS AUBERVILLIERS),BUS,BUS,50117987,La Plaine Stade de France - Saint-Denis - Aubervilliers,BUS,26960,La Plaine - Stade de France RER,bus,473425,Gare de La Plaine- Stade de France,72211,
SNCF,63,87271007,8727100,PR/0087-271007-BV,404,10,VOIE,TRAIN,50118757,Paris Gare du Nord,RAIL,472560,Paris Gare du Nord,rail,462394,Gare du Nord,71410,410
SNCF,63,87271007,8727100,PR/0087-271007-BV,435,11,VOIE,TRAIN,50117159,Paris Gare du Nord,RAIL,471950,Paris Gare du Nord,rail,462394,Gare du Nord,71410,448
SNCF,63,87271007,8727100,PR/0087-271007-BV,436,12,VOIE,TRAIN,50118793,Paris Gare du Nord,RAIL,472378,Paris Gare du Nord,rail,462394,Gare du Nord,71410,448
SNCF,63,87271007,8727100,PR/0087-271007-BV,439,13,VOIE,TRAIN,50117026,Paris Gare du Nord,RAIL,472034,Paris Gare du Nord,rail,462394,Gare du Nord,71410,447
SNCF,63,87271007,8727100,PR/0087-271007-BV,449,14,VOIE,TRAIN,50118012,Paris Gare du Nord,RAIL,471328,Paris Gare du Nord,rail,462394,Gare du Nord,71410,447
SNCF,63,87271007,8727100,PR/0087-271007-BV,443,15,VOIE,TRAIN,50117029,Paris Gare du Nord,RAIL,472030,Paris Gare du Nord,rail,462394,Gare du Nord,71410,442
SNCF,63,87271007,8727100,PR/0087-271007-BV,444,16,VOIE,TRAIN,50117203,Paris Gare du Nord,RAIL,471968,Paris Gare du Nord,rail,462394,Gare du Nord,71410,417
SNCF,63,87271007,8727100,PR/0087-271007-BV,445,17,VOIE,TRAIN,50116289,Paris Gare du Nord,RAIL,472861,Paris Gare du Nord,rail,462394,Gare du Nord,71410,417
SNCF,63,87271007,8727100,PR/0087-271007-BV,453,18,VOIE,TRAIN,50118519,Paris Gare du Nord,RAIL,470817,Paris Gare du Nord,rail,462394,Gare du Nord,71410,407
SNCF,63,87271007,8727100,PR/0087-271007-BV,455,19,VOIE,TRAIN,50117632,Paris Gare du Nord,RAIL,471691,Paris Gare du Nord,rail,462394,Gare du Nord,71410,407
SNCF,63,87271007,8727100,PR/0087-271007-BV,440,2,VOIE,TRAIN,50116292,Paris Gare du Nord,RAIL,472856,Paris Gare du Nord,rail,462394,Gare du Nord,71410,450
SNCF,63,87271007,8727100,PR/0087-271007-BV,441,20,VOIE,TRAIN,50117960,Paris Gare du Nord,RAIL,471022,Paris Gare du Nord,rail,462394,Gare du Nord,71410,411
SNCF,63,87271007,8727100,PR/0087-271007-BV,432,21,VOIE,TRAIN,50117554,Paris Gare du Nord,RAIL,471186,Paris Gare du Nord,rail,462394,Gare du Nord,71410,411
SNCF,63,87271007,8727100,PR/0087-271007-BV,406,3,VOIE,TRAIN,50118514,Paris Gare du Nord,RAIL,470821,Paris Gare du Nord,rail,462394,Gare du Nord,71410,408
SNCF,63,87271007,8727100,PR/0087-271007-BV,420,4,VOIE,TRAIN,50117224,Paris Gare du Nord,RAIL,472022,Paris Gare du Nord,rail,462394,Gare du Nord,71410,408
SNCF,63,87271007,8727100,PR/0087-271007-BV,429,5,VOIE,TRAIN,50117267,Paris Gare du Nord,RAIL,471869,Paris Gare du Nord,rail,462394,Gare du Nord,71410,409
SNCF,63,87271007,8727100,PR/0087-271007-BV,430,6,VOIE,TRAIN,50117848,Paris Gare du Nord,RAIL,471482,Paris Gare du Nord,rail,462394,Gare du Nord,71410,409
SNCF,63,87271007,8727100,PR/0087-271007-BV,401,7,VOIE,TRAIN,50116246,Paris Gare du Nord,RAIL,472961,Paris Gare du Nord,rail,462394,Gare du Nord,71410,419
SNCF,63,87271007,8727100,PR/0087-271007-BV,403,8,VOIE,TRAIN,50118906,Paris Gare du Nord,RAIL,472354,Paris Gare du Nord,rail,462394,Gare du Nord,71410,419
SNCF,63,87271007,8727100,PR/0087-271007-BV,405,9,VOIE,TRAIN,50118913,Paris Gare du Nord,RAIL,472950,Paris Gare du Nord,rail,462394,Gare du Nord,71410,410
SNCF,63,87271007,8727100,PR/0087-271007-BV,456,PARIS NORD (B),BUS,BUS,50116658,Paris Gare du Nord,BUS,39926,Paris Gare du Nord,bus,473224,Gare du Nord (Gare routière),71410,
SNCF,63,87271007,8727100,PR/0087-271007-BV,400,PARIS NORD (D NORD),BUS,BUS,50117011,Paris Gare du Nord,BUS,411257,Paris Gare du Nord,bus,58720,La Fayette - Dunkerque,71410,
SNCF,93,87271015,8727101,PR/0087-271015-BV,708,1,VOIE,TRAIN,50117094,Saint-Denis,RAIL,472089,Saint-Denis,rail,412743,Saint-Denis,72323,700
SNCF,93,87271015,8727101,PR/0087-271015-BV,699,2,VOIE,TRAIN,50117754,Saint-Denis,RAIL,471568,Saint-Denis,rail,412743,Saint-Denis,72323,702
SNCF,93,87271015,8727101,PR/0087-271015-BV,701,3,VOIE,TRAIN,50118548,Saint-Denis,RAIL,470700,Saint-Denis,rail,412743,Saint-Denis,72323,702
SNCF,93,87271015,8727101,PR/0087-271015-BV,703,4,VOIE,TRAIN,50118612,Saint-Denis,RAIL,470626,Saint-Denis,rail,412743,Saint-Denis,72323,696
SNCF,93,87271015,8727101,PR/0087-271015-BV,706,5,VOIE,TRAIN,50118791,Saint-Denis,RAIL,472399,Saint-Denis,rail,412743,Saint-Denis,72323,698
SNCF,93,87271015,8727101,PR/0087-271015-BV,705,6,VOIE,TRAIN,50118046,Saint-Denis,RAIL,471298,Saint-Denis,rail,412743,Saint-Denis,72323,698
SNCF,93,87271015,8727101,PR/0087-271015-BV,704,7,VOIE,TRAIN,50116224,Saint-Denis,RAIL,472918,Saint-Denis,rail,412743,Saint-Denis,72323,697
SNCF,93,87271015,8727101,PR/0087-271015-BV,4974,SAINT-DENIS,BUS,BUS,50117000,Saint-Denis,BUS,472058,Saint-Denis,bus,473532,Saint-Denis RER,72323,
SNCF,93,87271015,8727101,PR/0087-271015-BV,5091,SAINT-DENIS,BUS,BUS,50117924,Saint-Denis,BUS,471388,Saint-Denis,bus,473532,Saint-Denis RER,72323,
SNCF,93,87271015,8727101,PR/0087-271015-BV,707,SAINT-DENIS,BUS,BUS,50118071,Saint-Denis,BUS,471249,Saint-Denis,bus,473532,Saint-Denis RER,72323,
SNCF,63,87271023,8727102,PR/0087-271023-00,402,41,VOIE,TRAIN,50118173,Paris Gare du Nord,RAIL,471102,Paris Gare du Nord,rail,462394,Gare du Nord,71410,412
SNCF,63,87271023,8727102,PR/0087-271023-00,433,42,VOIE,TRAIN,50116122,Paris Gare du Nord,RAIL,472814,Paris Gare du Nord,rail,462394,Gare du Nord,71410,413
SNCF,63,87271023,8727102,PR/0087-271023-00,422,43,VOIE,TRAIN,50116185,Paris Gare du Nord,RAIL,472757,Paris Gare du Nord,rail,462394,Gare du Nord,71410,412
SNCF,63,87271023,8727102,PR/0087-271023-00,434,44,VOIE,TRAIN,50117070,Paris Gare du Nord,RAIL,472111,Paris Gare du Nord,rail,462394,Gare du Nord,71410,413
SNCF,63,87271031,8727103,PR/0087-271031-00,458,20,VOIE,TRAIN,50118309,Paris Gare du Nord,RAIL,471022,Paris Gare du Nord,rail,462394,Gare du Nord,71410,414
SNCF,63,87271031,8727103,PR/0087-271031-00,452,21,VOIE,TRAIN,50118130,Paris Gare du Nord,RAIL,471186,Paris Gare du Nord,rail,462394,Gare du Nord,71410,414
SNCF,63,87271031,8727103,PR/0087-271031-00,421,30,VOIE,TRAIN,50117607,Paris Gare du Nord,RAIL,471796,Paris Gare du Nord,rail,462394,Gare du Nord,71410,415
SNCF,63,87271031,8727103,PR/0087-271031-00,423,31,VOIE,TRAIN,50118856,Paris Gare du Nord,RAIL,472263,Paris Gare du Nord,rail,462394,Gare du Nord,71410,415
SNCF,63,87271031,8727103,PR/0087-271031-00,424,32,VOIE,TRAIN,50116458,Paris Gare du Nord,RAIL,472356,Paris Gare du Nord,rail,462394,Gare du Nord,71410,416
SNCF,63,87271031,8727103,PR/0087-271031-00,425,33,VOIE,TRAIN,50117172,Paris Gare du Nord,RAIL,471936,Paris Gare du Nord,rail,462394,Gare du Nord,71410,416
SNCF,63,87271031,8727103,PR/0087-271031-00,426,34,VOIE,TRAIN,50118570,Paris Gare du Nord,RAIL,470724,Paris Gare du Nord,rail,462394,Gare du Nord,71410,431
SNCF,63,87271031,8727103,PR/0087-271031-00,427,35,VOIE,TRAIN,50118051,Paris Gare du Nord,RAIL,471240,Paris Gare du Nord,rail,462394,Gare du Nord,71410,431
SNCF,63,87271031,8727103,PR/0087-271031-00,428,36,VOIE,TRAIN,50118573,Paris Gare du Nord,RAIL,470728,Paris Gare du Nord,rail,462394,Gare du Nord,71410,418
SNCF,63,87271031,8727103,PR/0087-271031-00,437,PARIS NORD (B),BUS,BUS,50118147,Paris Gare du Nord,BUS,39926,Paris Gare du Nord,bus,473224,Gare du Nord (Gare routière),71410,
SNCF,63,87271031,8727103,PR/0087-271031-00,438,PARIS NORD (D NORD),BUS,BUS,50117033,Paris Gare du Nord,BUS,411257,Paris Gare du Nord,bus,58720,La Fayette - Dunkerque,71410,
SNCF,472,87271122,8727112,PR/0087-271122-BV,3050,1,VOIE,TRAIN,50117844,Épinay - Villetaneuse,RAIL,471479,Épinay - Villetaneuse,rail,43078,Épinay - Villetaneuse,65227,3057
SNCF,472,87271122,8727112,PR/0087-271122-BV,3051,2,VOIE,TRAIN,50117498,Épinay - Villetaneuse,RAIL,471855,Épinay - Villetaneuse,rail,43078,Épinay - Villetaneuse,65227,3057
SNCF,472,87271122,8727112,PR/0087-271122-BV,3052,3,VOIE,TRAIN,50117798,Épinay - Villetaneuse,RAIL,471519,Épinay - Villetaneuse,rail,43078,Épinay - Villetaneuse,65227,3058
SNCF,472,87271122,8727112,PR/0087-271122-BV,3061,4,VOIE,TRAIN,50118351,Épinay - Villetaneuse,RAIL,470918,Épinay - Villetaneuse,rail,43078,Épinay - Villetaneuse,65227,3056
SNCF,472,87271122,8727112,PR/0087-271122-BV,3054,EPINAY VILLETANEUSE,BUS,BUS,50118291,Épinay - Villetaneuse,BUS,470964,Épinay - Villetaneuse,bus,473165,Gare d'Épinay-Villetaneuse,65227,
SNCF,379,87271148,8727114,PR/0087-271148-00,2696,1,VOIE,TRAIN,50117243,Épinay-sur-Seine,RAIL,472006,Épinay-sur-Seine,rail,43077,Épinay-sur-Seine,72383,2701
SNCF,379,87271148,8727114,PR/0087-271148-00,2695,2,VOIE,TRAIN,50118068,Épinay-sur-Seine,RAIL,471248,Épinay-sur-Seine,rail,43077,Épinay-sur-Seine,72383,2700
SNCF,379,87271148,8727114,PR/0087-271148-00,2698,EPINAY SUR SEINE,BUS,BUS,50118690,Épinay-sur-Seine,BUS,2356,Gilbert Bonnemaison / Epinay sur Seine,bus,462854,Gilbert Bonnemaison,72381,
SNCF,379,87271148,8727114,PR/0087-271148-00,2702,EPINAY SUR SEINE,BUS,BUS,50117543,Épinay-sur-Seine,BUS,426608,Gilbert Bonnemaison / Epinay sur Seine,bus,462854,Gilbert Bonnemaison,72381,
SNCF,379,87271148,8727114,PR/0087-271148-00,5093,EPINAY SUR SEINE,BUS,BUS,50116454,Épinay-sur-Seine,BUS,2367,Épinay-sur-Seine - Gare,bus,473184,Gare d'Epinay-sur-Seine,72383,
SNCF,355,87271163,8727116,PR/0087-271163-BV,2527,1,VOIE,TRAIN,50118697,Pierrefitte - Stains,RAIL,472696,Pierrefitte - Stains,rail,43179,Pierrefitte - Stains,72787,2530
SNCF,355,87271163,8727116,PR/0087-271163-BV,4964,1L,VOIE,TRAIN,50117720,Pierrefitte - Stains,RAIL,471605,Pierrefitte - Stains,rail,43179,Pierrefitte - Stains,72787,4963
SNCF,355,87271163,8727116,PR/0087-271163-BV,2526,2,VOIE,TRAIN,50116542,Pierrefitte - Stains,RAIL,472708,Pierrefitte - Stains,rail,43179,Pierrefitte - Stains,72787,2531
SNCF,355,87271163,8727116,PR/0087-271163-BV,4965,2L,VOIE,TRAIN,50118048,Pierrefitte - Stains,RAIL,471236,Pierrefitte - Stains,rail,43179,Pierrefitte - Stains,72787,4963
SNCF,355,87271163,8727116,PR/0087-271163-BV,2528,PIERREFITTE STAINS,BUS,BUS,50117549,Pierrefitte - Stains,BUS,471730,Pierrefitte - Stains,bus,473440,Gare de Pierrefitte-Stains,72787,
SNCF,374,87271171,8727117,PR/0087-271171-00,2659,1,VOIE,TRAIN,50116602,La Barre Ormesson,RAIL,472585,La Barre Ormesson,rail,46470,La Barre Ormesson,65360,2658
SNCF,374,87271171,8727117,PR/0087-271171-00,2655,2,VOIE,TRAIN,50116984,La Barre Ormesson,RAIL,472161,La Barre Ormesson,rail,46470,La Barre Ormesson,65360,2657
SNCF,374,87271171,8727117,PR/0087-271171-00,2656,LA BARRE ORMESSON,BUS,BUS,50117658,La Barre Ormesson,BUS,26998,Place de la Barre,bus,43139,Place de la Barre,65360,
SNCF,374,87271171,8727117,PR/0087-271171-00,2660,LA BARRE ORMESSON,BUS,BUS,50117568,La Barre Ormesson,BUS,415321,Place de la Barre,bus,43139,Place de la Barre,65360,
SNCF,147,87271205,8727120,PR/0087-271205-BV,1098,1,VOIE,TRAIN,50118837,Gennevilliers,RAIL,472491,Gennevilliers,rail,43130,Gennevilliers,72303,1095
SNCF,147,87271205,8727120,PR/0087-271205-BV,1094,2,VOIE,TRAIN,50116496,Gennevilliers,RAIL,472623,Gennevilliers,rail,43130,Gennevilliers,72303,1096
SNCF,147,87271205,8727120,PR/0087-271205-BV,1093,GENNEVILLIERS,BUS,BUS,50118562,Gennevilliers,BUS,470714,Gennevilliers,bus,473311,Gare de Gennevilliers,72303,
SNCF,428,87271247,8727124,PR/0087-271247-BV,2921,1,VOIE,TRAIN,50118216,Saint-Ouen,RAIL,471049,Saint-Ouen,rail,43203,Saint-Ouen,72126,2922
SNCF,428,87271247,8727124,PR/0087-271247-BV,2923,2,VOIE,TRAIN,50117966,Saint-Ouen,RAIL,471345,Saint-Ouen,rail,43203,Saint-Ouen,72126,2922
SNCF,428,87271247,8727124,PR/0087-271247-BV,2920,SAINT-OUEN,BUS,BUS,50116225,Saint-Ouen,BUS,472919,Saint-Ouen,bus,473544,Gare de Saint-Ouen,72126,
SNCF,83,87271304,8727130,PR/0087-271304-BV,636,1,VOIE,TRAIN,50116669,La Courneuve - Aubervilliers,RAIL,472178,La Courneuve - Aubervilliers,rail,43140,La Courneuve - Aubervilliers,72598,634
SNCF,83,87271304,8727130,PR/0087-271304-BV,631,1B,VOIE,TRAIN,50117787,La Courneuve - Aubervilliers,RAIL,471549,La Courneuve - Aubervilliers,rail,43140,La Courneuve - Aubervilliers,72598,638
SNCF,83,87271304,8727130,PR/0087-271304-BV,632,2,VOIE,TRAIN,50117630,La Courneuve - Aubervilliers,RAIL,471805,La Courneuve - Aubervilliers,rail,43140,La Courneuve - Aubervilliers,72598,637
SNCF,83,87271304,8727130,PR/0087-271304-BV,635,2B,VOIE,TRAIN,50116149,La Courneuve - Aubervilliers,RAIL,472855,La Courneuve - Aubervilliers,rail,43140,La Courneuve - Aubervilliers,72598,634
SNCF,83,87271304,8727130,PR/0087-271304-BV,630,LA COURNEUVE AUBERVILLIERS,BUS,BUS,50118295,La Courneuve - Aubervilliers,BUS,470969,La Courneuve - Aubervilliers,bus,473413,Gare de La Courneuve - Aubervilliers,72598,
SNCF,256,87271395,8727139,PR/0087-271395-00,1915,1,VOIE,TRAIN,50117679,Le Bourget,RAIL,471649,Le Bourget,rail,43231,Le Bourget,72641,1912
SNCF,256,87271395,8727139,PR/0087-271395-00,1918,1B,VOIE,TRAIN,50116990,Le Bourget,RAIL,472166,Le Bourget,rail,43231,Le Bourget,72641,1911
SNCF,256,87271395,8727139,PR/0087-271395-00,1906,2,VOIE,TRAIN,50118490,Le Bourget,RAIL,470773,Le Bourget,rail,43231,Le Bourget,72641,1910
SNCF,256,87271395,8727139,PR/0087-271395-00,1916,2B,VOIE,TRAIN,50118167,Le Bourget,RAIL,471112,Le Bourget,rail,43231,Le Bourget,72641,1912
SNCF,256,87271395,8727139,PR/0087-271395-00,1914,Le Bourget,BUS,BUS,50117558,Le Bourget,BUS,470571,Le Bourget RER,bus,473323,Gare du Bourget,72641,
SNCF,256,87271395,8727139,PR/0087-271395-00,5099,Le Bourget,BUS,BUS,50116667,Le Bourget,BUS,472180,Le Bourget,bus,473323,Gare du Bourget,72641,
SNCF,256,87271395,8727139,PR/0087-271395-00,6019,LE BOURGET B1,BUS,BUS,50117347,Le Bourget,BUS,477173,Le Bourget,bus,43444,Jean Jaurès - Division Leclerc,72653,
SNCF,256,87271395,8727139,PR/0087-271395-00,6020,LE BOURGET B2,BUS,BUS,50117343,Le Bourget,BUS,477124,Le Bourget RER,bus,473324,Le Bourget RER,72641,
SNCF,366,87271403,8727140,PR/0087-271403-00,2603,1,VOIE,TRAIN,50118599,Drancy,RAIL,470605,Drancy,rail,43122,Drancy,72652,2609
SNCF,366,87271403,8727140,PR/0087-271403-00,2602,1B,VOIE,TRAIN,50116532,Drancy,RAIL,472688,Drancy,rail,43122,Drancy,72652,2608
SNCF,366,87271403,8727140,PR/0087-271403-00,2610,2,VOIE,TRAIN,50117845,Drancy,RAIL,471478,Drancy,rail,43122,Drancy,72652,2607
SNCF,366,87271403,8727140,PR/0087-271403-00,2601,2B,VOIE,TRAIN,50118461,Drancy,RAIL,470881,Drancy,rail,43122,Drancy,72652,2609
SNCF,366,87271403,8727140,PR/0087-271403-00,2606,Drancy,BUS,BUS,50118601,Drancy,BUS,470622,Gare de Drancy,bus,473164,Gare de Drancy,72652,
SNCF,366,87271403,8727140,PR/0087-271403-00,6026,Drancy,BUS,BUS,50117332,Drancy,BUS,7960,Gare de Drancy,bus,473164,Gare de Drancy,72652,
SNCF,32,87271411,8727141,PR/0087-271411-BV,214,1TT,VOIE,TRAM-TRAIN,50116968,Aulnay-sous-Bois,TRAM,472147,Aulnay-sous-Bois,tram,473095,Aulnay-sous-Bois,72646,216
SNCF,32,87271411,8727141,PR/0087-271411-BV,212,2,VOIE,TRAIN,50118153,Aulnay-sous-Bois,RAIL,471113,Aulnay-sous-Bois,rail,43071,Aulnay-sous-Bois,72646,216
SNCF,32,87271411,8727141,PR/0087-271411-BV,221,2TT,VOIE,TRAM-TRAIN,50116455,Aulnay-sous-Bois,TRAM,472363,Aulnay-sous-Bois,tram,473095,Aulnay-sous-Bois,72646,216
SNCF,32,87271411,8727141,PR/0087-271411-BV,222,3,VOIE,TRAIN,50116123,Aulnay-sous-Bois,RAIL,472815,Aulnay-sous-Bois,rail,43071,Aulnay-sous-Bois,72646,217
SNCF,32,87271411,8727141,PR/0087-271411-BV,223,4,VOIE,TRAIN,50118772,Aulnay-sous-Bois,RAIL,472589,Aulnay-sous-Bois,rail,43071,Aulnay-sous-Bois,72646,217
SNCF,32,87271411,8727141,PR/0087-271411-BV,213,5,VOIE,TRAIN,50117572,Aulnay-sous-Bois,RAIL,471766,Aulnay-sous-Bois,rail,43071,Aulnay-sous-Bois,72646,218
SNCF,32,87271411,8727141,PR/0087-271411-BV,224,6,VOIE,TRAIN,50118368,Aulnay-sous-Bois,RAIL,470950,Aulnay-sous-Bois,rail,43071,Aulnay-sous-Bois,72646,218
SNCF,32,87271411,8727141,PR/0087-271411-BV,219,Aulnay Sous Bois,BUS,BUS,50117526,Aulnay-sous-Bois,BUS,471722,Aulnay-sous-Bois,bus,473068,Gare d'Aulnay-sous-Bois (r. du 11 Novembre),72646,
SNCF,32,87271411,8727141,PR/0087-271411-BV,5092,GARE D'AULNAY SOUS BOIS,BUS,BUS,50117778,Aulnay-sous-Bois,BUS,471542,Aulnay-sous-Bois,bus,473096,Gare d'Aulnay-sous-Bois (pl. du Général de Gaulle),72646,
SNCF,347,87271429,8727142,PR/0087-271429-00,2470,1,VOIE,TRAIN,50118919,SEVRAN - LIVRY,RAIL,472962,Sevran - Livry,rail,43194,Sevran - Livry,73439,2473
SNCF,347,87271429,8727142,PR/0087-271429-00,2468,1B,VOIE,TRAIN,50117843,SEVRAN - LIVRY,RAIL,471476,Sevran - Livry,rail,43194,Sevran - Livry,73439,2472
SNCF,347,87271429,8727142,PR/0087-271429-00,2475,2,VOIE,TRAIN,50117867,SEVRAN - LIVRY,RAIL,471467,Sevran - Livry,rail,43194,Sevran - Livry,73439,2474
SNCF,347,87271429,8727142,PR/0087-271429-00,2469,2B,VOIE,TRAIN,50118740,SEVRAN - LIVRY,RAIL,472535,Sevran - Livry,rail,43194,Sevran - Livry,73439,2473
SNCF,347,87271429,8727142,PR/0087-271429-00,2471,SEVRAN LIVRY,BUS,BUS,50116624,SEVRAN - LIVRY,BUS,19400,Gare de Sevran-Livry Sud,bus,473553,Gare de Sevran-Livry Sud,73439,
SNCF,177,87271437,8727143,PR/0087-271437-00,1295,1,VOIE,TRAIN,50118436,Vert Galant,RAIL,470873,Vert Galant,rail,46222,Vert Galant,73482,1299
SNCF,177,87271437,8727143,PR/0087-271437-00,1294,1B,VOIE,TRAIN,50116509,Vert Galant,RAIL,472643,Vert Galant,rail,46222,Vert Galant,73482,1298
SNCF,177,87271437,8727143,PR/0087-271437-00,1297,2,VOIE,TRAIN,50118732,Vert Galant,RAIL,472517,Vert Galant,rail,46222,Vert Galant,73482,1300
SNCF,177,87271437,8727143,PR/0087-271437-00,1296,2B,VOIE,TRAIN,50116538,Vert Galant,RAIL,472700,Vert Galant,rail,46222,Vert Galant,73482,1299
SNCF,177,87271437,8727143,PR/0087-271437-00,1291,VERT GALANT,BUS,BUS,50025232,Vert Galant,BUS,38139,Gare du Vert Galant,bus,473610,Gare du Vert Galant,73482,
SNCF,177,87271437,8727143,PR/0087-271437-00,1293,VERT GALANT,BUS,BUS,50117815,Vert Galant,BUS,471507,Vert Galant,bus,473610,Gare du Vert Galant,73482,
SNCF,284,87271445,8727144,PR/0087-271445-00,2092,1,VOIE,TRAIN,50116644,Sevran Beaudottes,RAIL,472186,Sevran Beaudottes,rail,43193,Sevran Beaudottes,73491,2095
SNCF,284,87271445,8727144,PR/0087-271445-00,2093,2,VOIE,TRAIN,50118575,Sevran Beaudottes,RAIL,470731,Sevran Beaudottes,rail,43193,Sevran Beaudottes,73491,2096
SNCF,284,87271445,8727144,PR/0087-271445-00,2097,Sevran Beaudottes,BUS,BUS,50116245,Sevran Beaudottes,BUS,472957,Sevran Beaudottes,bus,473851,Gare de Sevran Beaudottes,73491,
SNCF,27,87271452,8727145,PR/0087-271452-00,192,1,VOIE,TRAIN,50116657,Villepinte,RAIL,472174,Villepinte,rail,58793,Villepinte,73547,194
SNCF,27,87271452,8727145,PR/0087-271452-00,191,2,VOIE,TRAIN,50118019,Villepinte,RAIL,471271,Villepinte,rail,58793,Villepinte,73547,190
SNCF,27,87271452,8727145,PR/0087-271452-00,189,VILLEPINTE,BUS,BUS,50116475,Villepinte,BUS,472322,Villepinte,bus,473616,Gare de Villepinte,73547,
SNCF,376,87271460,8727146,PR/0087-271460-00,2672,21,VOIE,TRAIN,50116689,Aéroport Charles de Gaulle 1 (Terminal 3),RAIL,472226,Aéroport CDG 1 (Terminal 3),rail,462398,Aéroport CDG 1 (Terminal 3) - RER,73596,2677
SNCF,376,87271460,8727146,PR/0087-271460-00,2673,22,VOIE,TRAIN,50117151,Aéroport Charles de Gaulle 1 (Terminal 3),RAIL,471913,Aéroport Charles de Gaulle 1 (Terminal 3),rail,462398,Aéroport CDG 1 (Terminal 3) - RER,73596,2676
SNCF,376,87271460,8727146,PR/0087-271460-00,2671,23,VOIE,TRAIN,50116151,Aéroport Charles de Gaulle 1 (Terminal 3),RAIL,472853,Aéroport Charles de Gaulle 1 (Terminal 3),rail,462398,Aéroport CDG 1 (Terminal 3) - RER,73596,2677
SNCF,376,87271460,8727146,PR/0087-271460-00,2670,24,VOIE,TRAIN,50116273,Aéroport Charles de Gaulle 1 (Terminal 3),RAIL,472997,Aéroport Charles de Gaulle 1 (Terminal 3),rail,462398,Aéroport CDG 1 (Terminal 3) - RER,73596,2676
SNCF,376,87271460,8727146,PR/0087-271460-00,2675,AEROPORT CHARLES DE GAULLE 1,BUS,BUS,50116264,Aéroport Charles de Gaulle 1 (Terminal 3),BUS,477638,Roissypole - Aéroport CDG1 (B3),bus,462743,Aéroport CDG 1 (Terminal 3) - Roissypole,73596,
SNCF,213,87271478,8727147,PR/0087-271478-00,1645,1,VOIE,TRAIN,50116341,Le Blanc-Mesnil,RAIL,472904,Le Blanc-Mesnil,rail,46163,Le Blanc-Mesnil,72648,1650
SNCF,213,87271478,8727147,PR/0087-271478-00,1644,1B,VOIE,TRAIN,50118345,Le Blanc-Mesnil,RAIL,470920,Le Blanc-Mesnil,rail,46163,Le Blanc-Mesnil,72648,1649
SNCF,213,87271478,8727147,PR/0087-271478-00,1642,2,VOIE,TRAIN,50116184,Le Blanc-Mesnil,RAIL,472756,Le Blanc-Mesnil,rail,46163,Le Blanc-Mesnil,72648,1650
SNCF,213,87271478,8727147,PR/0087-271478-00,1643,2B,VOIE,TRAIN,50117182,Le Blanc-Mesnil,RAIL,471942,Le Blanc-Mesnil,rail,46163,Le Blanc-Mesnil,72648,1649
SNCF,213,87271478,8727147,PR/0087-271478-00,1646,LE BLANC MESNIL,BUS,BUS,50117589,Le Blanc-Mesnil,BUS,40630,Gare de Blanc-Mesnil,bus,473322,Gare de Blanc-Mesnil,72648,
SNCF,213,87271478,8727147,PR/0087-271478-00,6027,LE BLANC MESNIL,BUS,BUS,50117373,Le Blanc-Mesnil,BUS,477153,Gare du Blanc-Mesnil,bus,473322,Gare de Blanc-Mesnil,72648,
SNCF,64,87271486,8727148,PR/0087-271486-00,462,1,VOIE,TRAIN,50117510,Parc des Expositions,RAIL,471705,Parc des Expositions,rail,47878,Parc des Expositions,73568,460
SNCF,64,87271486,8727148,PR/0087-271486-00,464,2,VOIE,TRAIN,50116571,Parc des Expositions,RAIL,472521,Parc des Expositions,rail,47878,Parc des Expositions,73568,461
SNCF,64,87271486,8727148,PR/0087-271486-00,463,M,VOIE,TRAIN,50117080,Parc des Expositions,RAIL,472126,Parc des Expositions,rail,47878,Parc des Expositions,73568,461
SNCF,64,87271486,8727148,PR/0087-271486-00,459,PARC DES EXPOSITIONS,BUS,BUS,50118175,Parc des Expositions,BUS,471104,Parc des Expositions,bus,473345,Gare de Parc des Expositions (Avenue des Nations),73568,
SNCF,149,87271494,8727149,PR/0087-271494-BV,1110,3,VOIE,TRAIN,50117283,Aéroport Charles de Gaulle 2 (Terminal 2),RAIL,471892,Aéroport Charles de Gaulle 2 (Terminal 2),rail,473364,Aéroport Charles de Gaulle 2 (Terminal 2),73699,1106
SNCF,149,87271494,8727149,PR/0087-271494-BV,1112,4,VOIE,TRAIN,50117907,Aéroport Charles de Gaulle 2 (Terminal 2),RAIL,471441,Aéroport Charles de Gaulle 2 (Terminal 2),rail,473364,Aéroport Charles de Gaulle 2 (Terminal 2),73699,1114
SNCF,149,87271494,8727149,PR/0087-271494-BV,1109,5,VOIE,TRAIN,50118727,Aéroport Charles de Gaulle 2 (Terminal 2),RAIL,472501,Aéroport Charles de Gaulle 2 (Terminal 2),rail,473364,Aéroport Charles de Gaulle 2 (Terminal 2),73699,1106
SNCF,149,87271494,8727149,PR/0087-271494-BV,1111,6,VOIE,TRAIN,50118595,Aéroport Charles de Gaulle 2 (Terminal 2),RAIL,470611,Aéroport Charles de Gaulle 2 (Terminal 2),rail,473364,Aéroport Charles de Gaulle 2 (Terminal 2),73699,1114
SNCF,79,87271510,8727151,PR/0087-271510-00,608,1,VOIE,TRAIN,50117622,Villeparisis - Mitry-le-Neuf,RAIL,471813,Villeparisis - Mitry-le-Neuf,rail,46725,Villeparisis - Mitry-le-Neuf,68916,605
SNCF,79,87271510,8727151,PR/0087-271510-00,607,1B,VOIE,TRAIN,50118795,Villeparisis - Mitry-le-Neuf,RAIL,472374,Villeparisis - Mitry-le-Neuf,rail,46725,Villeparisis - Mitry-le-Neuf,68916,604
SNCF,79,87271510,8727151,PR/0087-271510-00,610,2,VOIE,TRAIN,50118532,Villeparisis - Mitry-le-Neuf,RAIL,470683,Villeparisis - Mitry-le-Neuf,rail,46725,Villeparisis - Mitry-le-Neuf,68916,606
SNCF,79,87271510,8727151,PR/0087-271510-00,609,2B,VOIE,TRAIN,50116392,Villeparisis - Mitry-le-Neuf,RAIL,472470,Villeparisis - Mitry-le-Neuf,rail,46725,Villeparisis - Mitry-le-Neuf,68916,605
SNCF,79,87271510,8727151,PR/0087-271510-00,602,VILLEPARISIS MITRY LE NEUF,BUS,BUS,50117131,Villeparisis - Mitry-le-Neuf,BUS,471924,Villeparisis - Mitry-le-Neuf,bus,473615,Gare de Villeparisis Mitry-le-Neuf,68916,
SNCF,357,87271528,8727152,PR/0087-271528-00,2544,1,VOIE,TRAIN,50118637,Mitry - Claye,RAIL,470649,Mitry - Claye,rail,43164,Mitry - Claye,69065,2548
SNCF,357,87271528,8727152,PR/0087-271528-00,2545,2,VOIE,TRAIN,50118603,Mitry - Claye,RAIL,470619,Mitry - Claye,rail,43164,Mitry - Claye,69065,2549
SNCF,357,87271528,8727152,PR/0087-271528-00,2550,3,VOIE,TRAIN,50117648,Mitry - Claye,RAIL,471674,Mitry - Claye,rail,43164,Mitry - Claye,69065,2548
SNCF,357,87271528,8727152,PR/0087-271528-00,2543,5,VOIE,TRAIN,50116141,Mitry - Claye,RAIL,472831,Mitry - Claye,rail,43164,Mitry - Claye,69065,2547
SNCF,357,87271528,8727152,PR/0087-271528-00,2542,MITRY CLAYE,BUS,BUS,50116961,Mitry - Claye,BUS,472139,Mitry - Claye,bus,473526,Gare de Mitry-Claye,69065,
SNCF,322,87271536,8727153,PR/0087-271536-00,2338,1,VOIE,TRAIN,50118527,Dammartin - Juilly - Saint-Mard,RAIL,470808,Dammartin - Juilly - Saint-Mard,rail,46736,Dammartin - Juilly - Saint-Mard,69254,2340
SNCF,322,87271536,8727153,PR/0087-271536-00,2342,2,VOIE,TRAIN,50118675,Dammartin - Juilly - Saint-Mard,RAIL,472648,Dammartin - Juilly - Saint-Mard,rail,46736,Dammartin - Juilly - Saint-Mard,69254,2341
SNCF,322,87271536,8727153,PR/0087-271536-00,2339,DAMMARTIN JUILLY SAINT-MARD,BUS,BUS,50117571,Dammartin - Juilly - Saint-Mard,BUS,415825,Gare de Dammartin Juilly Saint Mard,bus,473156,Gare de Dammartin Juilly Saint Mard,69254,
SNCF,445,87271551,8727155,PR/0087-271551-00,2973,1,VOIE,TRAIN,50118733,Le Plessis-Belleville,RAIL,472518,Le Plessis-Belleville,rail,411405,Le Plessis-Belleville,411406,2970
SNCF,445,87271551,8727155,PR/0087-271551-00,2974,2,VOIE,TRAIN,50118450,Le Plessis-Belleville,RAIL,470886,Le Plessis-Belleville,rail,411405,Le Plessis-Belleville,411406,2971
SNCF,445,87271551,8727155,PR/0087-271551-00,2972,LE PLESSIS BELLEVILLE,BUS,BUS,50118067,Le Plessis-Belleville,BUS,471253,Le Plessis-Belleville,bus,471254,Le Plessis-Belleville,411406,
SNCF,444,87271577,8727157,PR/0087-271577-00,2966,1,VOIE,TRAIN,50118755,Nanteuil-le-Haudouin,RAIL,472571,Nanteuil-le-Haudouin,rail,411390,Nanteuil-le-Haudouin,411391,2968
SNCF,444,87271577,8727157,PR/0087-271577-00,2967,2,VOIE,TRAIN,50118838,Nanteuil-le-Haudouin,RAIL,472496,Nanteuil-le-Haudouin,rail,411390,Nanteuil-le-Haudouin,411391,2965
SNCF,444,87271577,8727157,PR/0087-271577-00,2969,Nanteuil Le Haudouin,BUS,BUS,50118026,Nanteuil-le-Haudouin,BUS,471281,Nanteuil-le-Haudouin,bus,473241,Nanteuil Le Haudoin Train K,411391,
SNCF,430,87271585,8727158,PR/0087-271585-00,2934,2,VOIE,TRAIN,50118215,Ormoy-Villers,RAIL,471055,Ormoy-Villers,rail,411387,Ormoy-Villers,411388,2932
SNCF,430,87271585,8727158,PR/0087-271585-00,2929,3,VOIE,TRAIN,50118598,Ormoy-Villers,RAIL,470604,Ormoy-Villers,rail,411387,Ormoy-Villers,411388,2932
SNCF,430,87271585,8727158,PR/0087-271585-00,2930,4,VOIE,TRAIN,50118491,Ormoy-Villers,RAIL,470774,Ormoy-Villers,rail,411387,Ormoy-Villers,411388,2933
SNCF,430,87271585,8727158,PR/0087-271585-00,2931,Ormoy Villiers,BUS,BUS,50116267,Ormoy-Villers,BUS,472988,Ormoy-Villers,bus,473340,Gare d'Ormoy-Villers,411388,
SNCF,441,87271593,8727159,PR/0087-271593-00,2962,1,VOIE,TRAIN,50116427,Crépy-en-Valois,RAIL,472290,Crépy-en-Valois,rail,411396,Crépy-en-Valois,411397,2958
SNCF,441,87271593,8727159,PR/0087-271593-00,2964,2,VOIE,TRAIN,50118853,Crépy-en-Valois,RAIL,472271,Crépy-en-Valois,rail,411396,Crépy-en-Valois,411397,2959
SNCF,441,87271593,8727159,PR/0087-271593-00,2963,4,VOIE,TRAIN,50118778,Crépy-en-Valois,RAIL,472271,Crépy-en-Valois,rail,411396,Crépy-en-Valois,411397,2959
SNCF,441,87271593,8727159,PR/0087-271593-00,2956,6,VOIE,TRAIN,50117139,Crépy-en-Valois,RAIL,471748,Crépy-en-Valois,rail,411396,Crépy-en-Valois,411397,2960
SNCF,441,87271593,8727159,PR/0087-271593-00,2957,8,VOIE,TRAIN,50117566,Crépy-en-Valois,RAIL,471748,Crépy-en-Valois,rail,411396,Crépy-en-Valois,411397,2960
SNCF,441,87271593,8727159,PR/0087-271593-00,2961,Crepy en Valois,BUS,BUS,50118441,Crépy-en-Valois,BUS,417863,Gare SNCF,bus,473251,Gare de Crépy-en-Valois,411397,
SNCF,346,87272021,8727202,PR/0087-272021-00,2464,U,VOIE,TRAIN,50118556,Villaines,RAIL,470710,Villaines,rail,47522,Villaines,67072,2465
SNCF,346,87272021,8727202,PR/0087-272021-00,2466,VILLAINES,BUS,BUS,50118925,Villaines,BUS,472974,Villaines,bus,47523,Le Beau Jay,67072,
SNCF,54,87272039,8727203,PR/0087-272039-00,342,SEUGY,BUS,BUS,50118901,Seugy,BUS,472360,Seugy,bus,472361,Seugy,472362,
SNCF,54,87272039,8727203,PR/0087-272039-00,343,U,VOIE,TRAIN,50118509,Seugy,RAIL,470786,Seugy,rail,47951,Seugy,67180,344
SNCF,380,87272047,8727204,PR/0087-272047-00,2704,1,VOIE,TRAIN,50117593,Compans,RAIL,471777,Compans,rail,46731,Compans,69136,2706
SNCF,380,87272047,8727204,PR/0087-272047-00,2708,2,VOIE,TRAIN,50025231,Compans,RAIL,473013,Compans,rail,46731,Compans,69136,2705
SNCF,380,87272047,8727204,PR/0087-272047-00,2707,COMPANS,BUS,BUS,50117643,Compans,BUS,471684,Compans,bus,473261,Gare de Compans,69136,
SNCF,369,87272054,8727205,PR/0087-272054-00,2625,1,VOIE,TRAIN,50116219,Thieux - Nantouillet,RAIL,472790,Thieux - Nantouillet,rail,47960,Thieux - Nantouillet,69196,2622
SNCF,369,87272054,8727205,PR/0087-272054-00,2624,2,VOIE,TRAIN,50118855,Thieux - Nantouillet,RAIL,472265,Thieux - Nantouillet,rail,47960,Thieux - Nantouillet,69196,2621
SNCF,369,87272054,8727205,PR/0087-272054-00,2623,THIEUX NANTOUILLET,BUS,BUS,50116975,Thieux - Nantouillet,BUS,472151,Thieux - Nantouillet,bus,473584,Thieux - Nantouillet,69196,
SNCF,397,87272146,8727214,PR/0087-272146-00,2802,1,VOIE,TRAIN,50118513,Les Grésillons,RAIL,470819,Les Grésillons,rail,43230,Les Grésillons,72225,2805
SNCF,397,87272146,8727214,PR/0087-272146-00,2801,2,VOIE,TRAIN,50116121,Les Grésillons,RAIL,472813,Les Grésillons,rail,43230,Les Grésillons,72225,2804
SNCF,397,87272146,8727214,PR/0087-272146-00,2803,LES GRESILLONS,BUS,BUS,50116590,Les Grésillons,BUS,23894,Les Grésillons,bus,473496,Les Grésillons,72225,
SNCF,436,87276006,8727600,PR/0087-276006-BV,2942,1,VOIE,TRAIN,50116998,Creil,RAIL,472060,Creil,rail,411440,Creil,411441,2940
SNCF,436,87276006,8727600,PR/0087-276006-BV,2947,11,VOIE,TRAIN,50117688,Creil,RAIL,471640,Creil,rail,411440,Creil,411441,2950
SNCF,436,87276006,8727600,PR/0087-276006-BV,2941,2,VOIE,TRAIN,50116285,Creil,RAIL,473009,Creil,rail,411440,Creil,411441,2948
SNCF,436,87276006,8727600,PR/0087-276006-BV,2943,3,VOIE,TRAIN,50117143,Creil,RAIL,471905,Creil,rail,411440,Creil,411441,2940
SNCF,436,87276006,8727600,PR/0087-276006-BV,2945,5,VOIE,TRAIN,50116178,Creil,RAIL,472766,Creil,rail,411440,Creil,411441,2949
SNCF,436,87276006,8727600,PR/0087-276006-BV,2944,7,VOIE,TRAIN,50117042,Creil,RAIL,472051,Creil,rail,411440,Creil,411441,2949
SNCF,436,87276006,8727600,PR/0087-276006-BV,2946,9,VOIE,TRAIN,50117891,Creil,RAIL,471424,Creil,rail,411440,Creil,411441,2950
SNCF,436,87276006,8727600,PR/0087-276006-BV,2951,Creil,BUS,BUS,50118148,Creil,BUS,471128,Creil,bus,473250,Gare de Creil,411441,
SNCF,50,87276022,8727602,PR/0087-276022-00,314,1,VOIE,TRAIN,50118621,Enghien-les-Bains,RAIL,470633,Enghien-les-Bains,rail,43075,Enghien-les-Bains,65485,317
SNCF,50,87276022,8727602,PR/0087-276022-00,316,2,VOIE,TRAIN,50117950,Enghien-les-Bains,RAIL,471398,Enghien-les-Bains,rail,43075,Enghien-les-Bains,65485,319
SNCF,50,87276022,8727602,PR/0087-276022-00,315,ENGHIEN LES BAINS,BUS,BUS,50117977,Enghien-les-Bains,BUS,479418,Gare d'Enghien-les-Bains,bus,473091,Gare d'Enghien-les-Bains (Rue du départ),65485,
SNCF,49,87276030,8727603,PR/0087-276030-00,308,1,VOIE,TRAIN,50118005,Champ de Courses d'Enghien,RAIL,471336,Champ de Courses d'Enghien,rail,46477,Champ de Courses d'Enghien,65663,311
SNCF,49,87276030,8727603,PR/0087-276030-00,310,2,VOIE,TRAIN,50117812,Champ de Courses d'Enghien,RAIL,471506,Champ de Courses d'Enghien,rail,46477,Champ de Courses d'Enghien,65663,309
SNCF,49,87276030,8727603,PR/0087-276030-00,312,CHAMP DE COURSES D'ENGHIEN,BUS,BUS,50116996,Champ de Courses d'Enghien,BUS,14403,Gare de Champ de Courses d'Enghien,bus,473185,Gare de Champ de Courses d'Enghien,65663,
SNCF,49,87276030,8727603,PR/0087-276030-00,313,CHAMP DE COURSES D'ENGHIEN,BUS,BUS,50117808,Champ de Courses d'Enghien,BUS,14402,Gare de Champ de Courses d'Enghien,bus,473185,Gare de Champ de Courses d'Enghien,65663,
SNCF,49,87276030,8727603,PR/0087-276030-00,307,M,VOIE,TRAIN,50118424,Champ de Courses d'Enghien,RAIL,470845,Champ de Courses d'Enghien,rail,46477,Champ de Courses d'Enghien,65663,309
SNCF,298,87276055,8727605,PR/0087-276055-BV,2200,1,VOIE,TRAIN,50118938,Ermont - Eaubonne,RAIL,472940,Ermont - Eaubonne,rail,47898,Ermont - Eaubonne,65669,2193
SNCF,298,87276055,8727605,PR/0087-276055-BV,2185,2,VOIE,TRAIN,50118516,Ermont - Eaubonne,RAIL,470813,Ermont - Eaubonne,rail,47898,Ermont - Eaubonne,65669,2195
SNCF,298,87276055,8727605,PR/0087-276055-BV,2192,3,VOIE,TRAIN,50116622,Ermont - Eaubonne,RAIL,472220,Ermont - Eaubonne,rail,47898,Ermont - Eaubonne,65669,2195
SNCF,298,87276055,8727605,PR/0087-276055-BV,2191,4,VOIE,TRAIN,50117790,Ermont - Eaubonne,RAIL,471546,Ermont - Eaubonne,rail,47898,Ermont - Eaubonne,65669,2198
SNCF,298,87276055,8727605,PR/0087-276055-BV,2190,5,VOIE,TRAIN,50118577,Ermont - Eaubonne,RAIL,470732,Ermont - Eaubonne,rail,47898,Ermont - Eaubonne,65669,2198
SNCF,298,87276055,8727605,PR/0087-276055-BV,2189,6,VOIE,TRAIN,50117264,Ermont - Eaubonne,RAIL,471868,Ermont - Eaubonne,rail,47898,Ermont - Eaubonne,65669,2197
SNCF,298,87276055,8727605,PR/0087-276055-BV,2194,ERMONT EAUBONNE,BUS,BUS,50118818,Ermont - Eaubonne,BUS,14482,Gare d'Ermont-Eaubonne,bus,473092,Gare d'Ermont-Eaubonne,65669,
SNCF,258,87276063,8727606,PR/0087-276063-00,1925,1,VOIE,TRAIN,50118442,Cernay,RAIL,470864,Cernay,rail,43105,Cernay,65752,1927
SNCF,258,87276063,8727606,PR/0087-276063-00,1926,2,VOIE,TRAIN,50118262,Cernay,RAIL,471069,Cernay,rail,43105,Cernay,65752,1924
SNCF,258,87276063,8727606,PR/0087-276063-00,1928,CERNAY,BUS,BUS,50118661,Cernay,BUS,5252,Gare de Cernay,bus,473180,Gare de Cernay (pl. Anita Conti),65752,
SNCF,189,87276071,8727607,PR/0087-276071-00,1388,1,VOIE,TRAIN,50116269,Franconville - Le Plessis-Bouchard,RAIL,472994,Franconville - Le Plessis-Bouchard,rail,43126,Franconville - Le Plessis-Bouchard,66005,1386
SNCF,189,87276071,8727607,PR/0087-276071-00,1387,2,VOIE,TRAIN,50118866,Franconville - Le Plessis-Bouchard,RAIL,472303,Franconville - Le Plessis-Bouchard,rail,43126,Franconville - Le Plessis-Bouchard,66005,1384
SNCF,189,87276071,8727607,PR/0087-276071-00,1389,FRANCONVILLE-PLESSIS BOUCHARD,BUS,BUS,50116546,Franconville - Le Plessis-Bouchard,BUS,411277,Franconville le Plessis Bouchard,bus,473281,Gare de Franconville (r. Charles Burger),66005,
SNCF,270,87276089,8727608,PR/0087-276089-BV,1992,1,VOIE,TRAIN,50117246,Montigny - Beauchamp,RAIL,472001,Montigny - Beauchamp,rail,43166,Montigny - Beauchamp,66335,1994
SNCF,270,87276089,8727608,PR/0087-276089-BV,1997,2,VOIE,TRAIN,50118331,Montigny - Beauchamp,RAIL,471006,Montigny - Beauchamp,rail,43166,Montigny - Beauchamp,66335,1993
SNCF,270,87276089,8727608,PR/0087-276089-BV,1998,M,VOIE,TRAIN,50117544,Montigny - Beauchamp,RAIL,471725,Montigny - Beauchamp,rail,43166,Montigny - Beauchamp,66335,1994
SNCF,270,87276089,8727608,PR/0087-276089-BV,1996,MONTIGNY BEAUCHAMP,BUS,BUS,50118401,Montigny - Beauchamp,BUS,470837,Montigny - Beauchamp,bus,473395,Gare de Montigny - Beauchamp,66335,
SNCF,400,87276097,8727609,PR/0087-276097-00,2831,1,VOIE,TRAIN,50116467,Pierrelaye,RAIL,472340,Pierrelaye,rail,43180,Pierrelaye,66491,2827
SNCF,400,87276097,8727609,PR/0087-276097-00,2830,2,VOIE,TRAIN,50116568,Pierrelaye,RAIL,472526,Pierrelaye,rail,43180,Pierrelaye,66491,2826
SNCF,400,87276097,8727609,PR/0087-276097-00,2828,PIERRELAYE,BUS,BUS,50118664,Pierrelaye,BUS,472635,Pierrelaye,bus,473442,Gare de Pierrelaye,66491,
SNCF,89,87276105,8727610,PR/0087-276105-00,673,1,VOIE,TRAIN,50118154,Saint-Ouen-l'Aumône,RAIL,471117,Saint-Ouen-l'Aumône,rail,47599,Saint-Ouen-l'Aumône,66803,671
SNCF,89,87276105,8727610,PR/0087-276105-00,672,2,VOIE,TRAIN,50116481,Saint-Ouen-l'Aumône,RAIL,472654,Saint-Ouen-l'Aumône,rail,47599,Saint-Ouen-l'Aumône,66803,671
SNCF,89,87276105,8727610,PR/0087-276105-00,674,C,VOIE,TRAIN,50117675,Saint-Ouen-l'Aumône,RAIL,471653,Saint-Ouen-l'Aumône,rail,47599,Saint-Ouen-l'Aumône,66803,670
SNCF,89,87276105,8727610,PR/0087-276105-00,677,SAINT-OUEN L'AUMONE,BUS,BUS,50117941,Saint-Ouen-l'Aumône,BUS,8645,Mairie / St-Ouen l'Aumône,bus,47600,Mairie,66803,
SNCF,427,87276113,8727611,PR/0087-276113-00,2917,A,VOIE,TRAIN,50118935,Chantilly - Gouvieux,RAIL,472930,Chantilly - Gouvieux,rail,411428,Chantilly - Gouvieux,411429,2914
SNCF,427,87276113,8727611,PR/0087-276113-00,2918,B,VOIE,TRAIN,50117624,Chantilly - Gouvieux,RAIL,471807,Chantilly - Gouvieux,rail,411428,Chantilly - Gouvieux,411429,2915
SNCF,427,87276113,8727611,PR/0087-276113-00,2916,Chantilly Gouvieux,BUS,BUS,50118379,Chantilly - Gouvieux,BUS,470957,Chantilly - Gouvieux,bus,470958,Gare de Chantilly - Gouvieux,411429,
SNCF,427,87276113,8727611,PR/0087-276113-00,2919,M,VOIE,TRAIN,50117599,Chantilly - Gouvieux,RAIL,471772,Chantilly - Gouvieux,rail,411428,Chantilly - Gouvieux,411429,2915
SNCF,161,87276139,8727613,PR/0087-276139-BV,1189,11,VOIE,TRAIN,50116283,Pontoise,RAIL,473003,Pontoise,rail,44411,Pontoise,66816,1181
SNCF,161,87276139,8727613,PR/0087-276139-BV,1188,12,VOIE,TRAIN,50117888,Pontoise,RAIL,471427,Pontoise,rail,44411,Pontoise,66816,1181
SNCF,161,87276139,8727613,PR/0087-276139-BV,1187,13,VOIE,TRAIN,50118720,Pontoise,RAIL,472509,Pontoise,rail,44411,Pontoise,66816,1180
SNCF,161,87276139,8727613,PR/0087-276139-BV,1176,14,VOIE,TRAIN,50118318,Pontoise,RAIL,471025,Pontoise,rail,44411,Pontoise,66816,1180
SNCF,161,87276139,8727613,PR/0087-276139-BV,1186,15,VOIE,TRAIN,50116394,Pontoise,RAIL,472473,Pontoise,rail,44411,Pontoise,66816,1179
SNCF,161,87276139,8727613,PR/0087-276139-BV,1192,16,VOIE,TRAIN,50116381,Pontoise,RAIL,472390,Pontoise,rail,44411,Pontoise,66816,1179
SNCF,161,87276139,8727613,PR/0087-276139-BV,1185,17,VOIE,TRAIN,50118500,Pontoise,RAIL,470796,Pontoise,rail,44411,Pontoise,66816,1178
SNCF,161,87276139,8727613,PR/0087-276139-BV,1177,18,VOIE,TRAIN,50118204,Pontoise,RAIL,471139,Pontoise,rail,44411,Pontoise,66816,1178
SNCF,161,87276139,8727613,PR/0087-276139-BV,1183,19,VOIE,TRAIN,50117939,Pontoise,RAIL,471411,Pontoise,rail,44411,Pontoise,66816,1184
SNCF,161,87276139,8727613,PR/0087-276139-BV,1182,20,VOIE,TRAIN,50118639,Pontoise,RAIL,470651,Pontoise,rail,44411,Pontoise,66816,1184
SNCF,161,87276139,8727613,PR/0087-276139-BV,1190,PONTOISE,BUS,BUS,50117164,Pontoise,BUS,422956,Place du Général de Gaulle - Gare,bus,473332,Gare de Pontoise (Place du Général de Gaulle),66816,
SNCF,264,87276147,8727614,PR/0087-276147-BV,1958,1,VOIE,TRAIN,50117158,Épluches,RAIL,471951,Épluches,rail,47596,Gare Épluches,66915,1959
SNCF,264,87276147,8727614,PR/0087-276147-BV,1962,2,VOIE,TRAIN,50118375,Épluches,RAIL,470945,Épluches,rail,47596,Gare Épluches,66915,1960
SNCF,264,87276147,8727614,PR/0087-276147-BV,1961,EPLUCHES,BUS,BUS,50116591,Épluches,BUS,472608,Épluches,bus,472609,Épluches,472610,
SNCF,264,87276147,8727614,PR/0087-276147-BV,1963,EPLUCHES,BUS,BUS,50118220,Épluches,BUS,8880,Henri Becquerel / Epluches,bus,473188,Henri Becquerel,66915,
SNCF,338,87276154,8727615,PR/0087-276154-00,2425,1,VOIE,TRAIN,50116323,Pont Petit,RAIL,472892,Pont Petit,rail,47595,Pont Petit,66952,2428
SNCF,338,87276154,8727615,PR/0087-276154-00,2426,2,VOIE,TRAIN,50117012,Pont Petit,RAIL,472075,Pont Petit,rail,47595,Pont Petit,66952,2429
SNCF,338,87276154,8727615,PR/0087-276154-00,2427,PONT PETIT,BUS,BUS,50116201,Pont Petit,BUS,472773,Pont Petit,bus,472774,Pont Petit,66952,
SNCF,20,87276162,8727616,PR/0087-276162-00,146,1,VOIE,TRAIN,50118150,Chaponval,RAIL,471130,Chaponval,rail,47591,Chaponval,67016,148
SNCF,20,87276162,8727616,PR/0087-276162-00,150,2,VOIE,TRAIN,50118006,Chaponval,RAIL,471339,Chaponval,rail,47591,Chaponval,67016,147
SNCF,20,87276162,8727616,PR/0087-276162-00,149,CHAPONVAL,BUS,BUS,50118449,Chaponval,BUS,29668,Halte de Chaponval,bus,47592,Halte de Chaponval,67016,
SNCF,82,87276170,8727617,PR/0087-276170-00,627,1,VOIE,TRAIN,50116129,Saint-Gratien,RAIL,472836,Saint-Gratien,rail,43201,Saint-Gratien,65305,628
SNCF,82,87276170,8727617,PR/0087-276170-00,626,2,VOIE,TRAIN,50116493,Saint-Gratien,RAIL,472677,Saint-Gratien,rail,43201,Saint-Gratien,65305,625
SNCF,82,87276170,8727617,PR/0087-276170-00,629,SAINT-GRATIEN,BUS,BUS,50117064,Saint-Gratien,BUS,472109,Saint-Gratien,bus,473536,Gare de Saint-Gratien (parvis),65305,
SNCF,250,87276188,8727618,PR/0087-276188-00,1872,1,VOIE,TRAIN,50118456,Sannois,RAIL,470876,Sannois,rail,43189,Sannois,65441,1870
SNCF,250,87276188,8727618,PR/0087-276188-00,1873,2,VOIE,TRAIN,50116470,Sannois,RAIL,472328,Sannois,rail,43189,Sannois,65441,1869
SNCF,250,87276188,8727618,PR/0087-276188-00,1874,SANNOIS,BUS,BUS,50117117,Sannois,BUS,472096,Sannois,bus,473556,Gare de Sannois,65441,
SNCF,11,87276196,8727619,PR/0087-276196-00,52,1,VOIE,TRAIN,50025233,Garges - Sarcelles,RAIL,473018,Garges - Sarcelles,rail,43251,Garges - Sarcelles,65582,54
SNCF,11,87276196,8727619,PR/0087-276196-00,55,2,VOIE,TRAIN,50117496,Garges - Sarcelles,RAIL,471853,Garges - Sarcelles,rail,43251,Garges - Sarcelles,65582,58
SNCF,11,87276196,8727619,PR/0087-276196-00,57,GARGES SARCELLES,BUS,BUS,50117161,Garges - Sarcelles,BUS,471955,Garges - Sarcelles,bus,473307,Gare de Garges Sarcelles,65582,
SNCF,11,87276196,8727619,PR/0087-276196-00,56,M,VOIE,TRAIN,50118342,Garges - Sarcelles,RAIL,470910,Garges - Sarcelles,rail,43251,Garges - Sarcelles,65582,53
SNCF,349,87276220,8727622,PR/0087-276220-BV,2491,1,VOIE,TRAIN,50117193,Villiers-le-Bel - Gonesse - Arnouville,RAIL,471989,Villiers-le-Bel - Gonesse - Arnouville,rail,43222,Villiers-le-Bel - Gonesse - Arnouville,66009,2488
SNCF,349,87276220,8727622,PR/0087-276220-BV,2490,2,VOIE,TRAIN,50117735,Villiers-le-Bel - Gonesse - Arnouville,RAIL,471601,Villiers-le-Bel - Gonesse - Arnouville,rail,43222,Villiers-le-Bel - Gonesse - Arnouville,66009,2496
SNCF,349,87276220,8727622,PR/0087-276220-BV,2489,2D,VOIE,TRAIN,50118426,Villiers-le-Bel - Gonesse - Arnouville,RAIL,470843,Villiers-le-Bel - Gonesse - Arnouville,rail,43222,Villiers-le-Bel - Gonesse - Arnouville,66009,2493
SNCF,349,87276220,8727622,PR/0087-276220-BV,2487,4,VOIE,TRAIN,50117067,Villiers-le-Bel - Gonesse - Arnouville,RAIL,472108,Villiers-le-Bel - Gonesse - Arnouville,rail,43222,Villiers-le-Bel - Gonesse - Arnouville,66009,2493
SNCF,349,87276220,8727622,PR/0087-276220-BV,2495,A,VOIE,TRAIN,50117826,Villiers-le-Bel - Gonesse - Arnouville,RAIL,471491,Villiers-le-Bel - Gonesse - Arnouville,rail,43222,Villiers-le-Bel - Gonesse - Arnouville,66009,2494
SNCF,349,87276220,8727622,PR/0087-276220-BV,2486,B,VOIE,TRAIN,50117110,Villiers-le-Bel - Gonesse - Arnouville,RAIL,472106,Villiers-le-Bel - Gonesse - Arnouville,rail,43222,Villiers-le-Bel - Gonesse - Arnouville,66009,2494
SNCF,349,87276220,8727622,PR/0087-276220-BV,2492,VILLIERS LE BEL GARE ROUTIERE,BUS,BUS,50117866,Villiers-le-Bel - Gonesse - Arnouville,BUS,471466,Villiers-le-Bel - Gonesse - Arnouville,bus,473620,Gare de Villiers le Bel-Gonesse-Arnouville,66009,
SNCF,349,87276220,8727622,PR/0087-276220-BV,6040,VILLIERS LE BEL GARE ROUTIERE,BUS,BUS,50117317,Villiers-le-Bel - Gonesse - Arnouville,BUS,477144,Villiers-le-Bel - Gonesse - Arnouville,bus,473619,Gare de Villiers-le-Bel Gonesse Arnouville,66009,
SNCF,30,87276238,8727623,PR/0087-276238-00,207,1,VOIE,TRAIN,50117805,Les Noues,RAIL,471529,Les Noues,rail,47968,Les Noues,66650,206
SNCF,30,87276238,8727623,PR/0087-276238-00,205,2,VOIE,TRAIN,50116608,Les Noues,RAIL,472215,Les Noues,rail,47968,Les Noues,66650,206
SNCF,30,87276238,8727623,PR/0087-276238-00,208,LES NOUES,BUS,BUS,50116130,Les Noues,BUS,38013,Mairie / Les Noues,bus,43931,Mairie / Les Noues,66632,
SNCF,30,87276238,8727623,PR/0087-276238-00,6028,LES NOUES,BUS,BUS,50117379,Les Noues,BUS,477082,Mairie / Les Noues,bus,43931,Mairie / Les Noues,66632,
SNCF,353,87276246,8727624,PR/0087-276246-BV,2516,1,VOIE,TRAIN,50116355,Goussainville,RAIL,472420,Goussainville,rail,47876,Goussainville,66535,2517
SNCF,353,87276246,8727624,PR/0087-276246-BV,2521,2,VOIE,TRAIN,50117286,Goussainville,RAIL,471895,Goussainville,rail,47876,Goussainville,66535,2520
SNCF,353,87276246,8727624,PR/0087-276246-BV,2519,GOUSSAINVILLE,BUS,BUS,50118339,Goussainville,BUS,470914,Goussainville,bus,473339,Gare de Goussainville,66535,
SNCF,353,87276246,8727624,PR/0087-276246-BV,2518,M,VOIE,TRAIN,50118657,Goussainville,RAIL,472622,Goussainville,rail,47876,Goussainville,66535,2520
SNCF,342,87276253,8727625,PR/0087-276253-00,2447,1,VOIE,TRAIN,50118671,Louvres,RAIL,472641,Louvres,rail,44628,Louvres,69300,2444
SNCF,342,87276253,8727625,PR/0087-276253-00,2448,2,VOIE,TRAIN,50116393,Louvres,RAIL,472467,Louvres,rail,44628,Louvres,69300,2445
SNCF,342,87276253,8727625,PR/0087-276253-00,2446,LOUVRES,BUS,BUS,50118900,Louvres,BUS,472357,Louvres,bus,473521,Gare de Louvres,69300,
SNCF,360,87276261,8727626,PR/0087-276261-00,2568,1,VOIE,TRAIN,50116304,Survilliers - Fosses,RAIL,472877,Survilliers - Fosses,rail,47958,Survilliers - Fosses,69450,2570
SNCF,360,87276261,8727626,PR/0087-276261-00,2569,2,VOIE,TRAIN,50118277,Survilliers - Fosses,RAIL,470986,Survilliers - Fosses,rail,47958,Survilliers - Fosses,69450,2566
SNCF,360,87276261,8727626,PR/0087-276261-00,2567,SURVILLIERS FOSSES,BUS,BUS,50117937,Survilliers - Fosses,BUS,471409,Survilliers - Fosses,bus,473582,Gare de Survilliers Fosses,69450,
SNCF,465,87276279,8727627,PR/0087-276279-BV,3038,1,VOIE,TRAIN,50118029,Orry-la-Ville - Coye,RAIL,471280,Orry-la-Ville - Coye,rail,411421,Orry-la-Ville - Coye,411422,3043
SNCF,465,87276279,8727627,PR/0087-276279-BV,3044,2,VOIE,TRAIN,50117231,Orry-la-Ville - Coye,RAIL,472016,Orry-la-Ville - Coye,rail,411421,Orry-la-Ville - Coye,411422,3037
SNCF,465,87276279,8727627,PR/0087-276279-BV,3039,3,VOIE,TRAIN,50117825,Orry-la-Ville - Coye,RAIL,471490,Orry-la-Ville - Coye,rail,411421,Orry-la-Ville - Coye,411422,3042
SNCF,465,87276279,8727627,PR/0087-276279-BV,3040,4,VOIE,TRAIN,50117241,Orry-la-Ville - Coye,RAIL,472008,Orry-la-Ville - Coye,rail,411421,Orry-la-Ville - Coye,411422,3042
SNCF,465,87276279,8727627,PR/0087-276279-BV,3041,Orry La Ville Coye,BUS,BUS,50118350,Orry-la-Ville - Coye,BUS,470917,Orry-la-Ville - Coye,bus,473341,Gare d'Orry-la-Ville - Coye (D118),411422,
SNCF,404,87276287,8727628,PR/0087-276287-00,2845,1,VOIE,TRAIN,50116963,La Borne Blanche,RAIL,472140,La Borne Blanche,rail,411418,La Borne Blanche,411419,2843
SNCF,404,87276287,8727628,PR/0087-276287-00,2842,2,VOIE,TRAIN,50118128,La Borne Blanche,RAIL,471184,La Borne Blanche,rail,411418,La Borne Blanche,411419,2843
SNCF,404,87276287,8727628,PR/0087-276287-00,2844,La Borne Blanche,BUS,BUS,50117759,La Borne Blanche,BUS,471573,La Borne Blanche,bus,471574,Gare de La Borne Blanche,411419,
SNCF,115,87276345,8727634,PR/0087-276345-00,874,1,VOIE,TRAIN,50118819,Deuil - Montmagny,RAIL,472457,Deuil - Montmagny,rail,473159,Deuil - Montmagny,65562,875
SNCF,115,87276345,8727634,PR/0087-276345-00,873,2,VOIE,TRAIN,50116374,Deuil - Montmagny,RAIL,472400,Deuil - Montmagny,rail,473159,Deuil - Montmagny,65562,878
SNCF,115,87276345,8727634,PR/0087-276345-00,876,DEUIL MONTMAGNY,BUS,BUS,50118333,Deuil - Montmagny,BUS,471012,Gare de Deuil-Montmagny,bus,43119,Deuil Montmagny,65562,
SNCF,115,87276345,8727634,PR/0087-276345-00,877,DEUIL MONTMAGNY,BUS,BUS,50118860,Deuil - Montmagny,BUS,37933,Gare de Deuil - Montmagny,bus,43119,Deuil Montmagny,65562,
SNCF,188,87276360,8727636,PR/0087-276360-00,1381,1,VOIE,TRAIN,50117627,Groslay,RAIL,471808,Groslay,rail,43133,Groslay,65749,1380
SNCF,188,87276360,8727636,PR/0087-276360-00,1379,2,VOIE,TRAIN,50118530,Groslay,RAIL,470675,Groslay,rail,43133,Groslay,65749,1382
SNCF,188,87276360,8727636,PR/0087-276360-00,1383,GROSLAY,BUS,BUS,50117704,Groslay,BUS,471621,Groslay,bus,473362,Gare de Groslay (r. De Gaulle),65749,
SNCF,305,87276386,8727638,PR/0087-276386-00,2246,1,VOIE,TRAIN,50116619,Sarcelles - Saint-Brice,RAIL,472223,Sarcelles - Saint-Brice,rail,43190,Sarcelles - Saint-Brice,66079,2248
SNCF,305,87276386,8727638,PR/0087-276386-00,2251,2,VOIE,TRAIN,50117999,Sarcelles - Saint-Brice,RAIL,471312,Sarcelles - Saint-Brice,rail,43190,Sarcelles - Saint-Brice,66079,2247
SNCF,305,87276386,8727638,PR/0087-276386-00,2252,M,VOIE,TRAIN,50116548,Sarcelles - Saint-Brice,RAIL,472533,Sarcelles - Saint-Brice,rail,43190,Sarcelles - Saint-Brice,66079,2248
SNCF,305,87276386,8727638,PR/0087-276386-00,2249,SARCELLES SAINT-BRICE,BUS,BUS,50117102,Sarcelles - Saint-Brice,BUS,472082,Sarcelles - Saint-Brice,bus,473548,Gare de Sarcelles-Saint-Brice,66079,
SNCF,305,87276386,8727638,PR/0087-276386-00,2250,SARCELLES SAINT-BRICE,BUS,BUS,50117739,Sarcelles - Saint-Brice,BUS,471588,Sarcelles - Saint-Brice,bus,473548,Gare de Sarcelles-Saint-Brice,66079,
SNCF,262,87276394,8727639,PR/0087-276394-00,1949,1,VOIE,TRAIN,50118074,Écouen - Ézanville,RAIL,471263,Écouen - Ézanville,rail,43073,Écouen - Ézanville,66533,1946
SNCF,262,87276394,8727639,PR/0087-276394-00,1945,2,VOIE,TRAIN,50116977,Écouen - Ézanville,RAIL,472154,Écouen - Ézanville,rail,43073,Écouen - Ézanville,66533,1947
SNCF,262,87276394,8727639,PR/0087-276394-00,1948,ECOUEN EZANVILLE,BUS,BUS,50118165,Écouen - Ézanville,BUS,14261,Gare d'Ecouen Ezanville,bus,473134,Gare d'Ecouen Ezanville,66533,
SNCF,419,87276402,8727640,PR/0087-276402-00,2887,1,VOIE,TRAIN,50117539,Saint-Leu-d'Esserent,RAIL,471736,Saint-Leu-d'Esserent,rail,411329,Saint-Leu-d'Esserent,411330,2890
SNCF,419,87276402,8727640,PR/0087-276402-00,2886,2,VOIE,TRAIN,50118834,Saint-Leu-d'Esserent,RAIL,472485,Saint-Leu-d'Esserent,rail,411329,Saint-Leu-d'Esserent,411330,2889
SNCF,419,87276402,8727640,PR/0087-276402-00,2888,Saint Leu d'Esserent,BUS,BUS,50118607,Saint-Leu-d'Esserent,BUS,470615,Saint-Leu-d'Esserent,bus,473537,Saint-Leu-d'Esserent,411330,
SNCF,418,87276410,8727641,PR/0087-276410-BV,2884,1,VOIE,TRAIN,50116200,Précy-sur-Oise,RAIL,472775,Précy-sur-Oise,rail,411326,Précy-sur-Oise,411327,2881
SNCF,418,87276410,8727641,PR/0087-276410-BV,2885,2,VOIE,TRAIN,50116182,Précy-sur-Oise,RAIL,472762,Précy-sur-Oise,rail,411326,Précy-sur-Oise,411327,2882
SNCF,418,87276410,8727641,PR/0087-276410-BV,2883,Precy sur Oise,BUS,BUS,50117922,Précy-sur-Oise,BUS,471394,Précy-sur-Oise,bus,473888,Précy-sur-Oise,411327,
SNCF,184,87276436,8727643,PR/0087-276436-00,1353,1,VOIE,TRAIN,50117852,Domont,RAIL,471486,Domont,rail,43120,Domont,66654,1352
SNCF,184,87276436,8727643,PR/0087-276436-00,1351,2,VOIE,TRAIN,50118677,Domont,RAIL,472659,Domont,rail,43120,Domont,66654,1349
SNCF,184,87276436,8727643,PR/0087-276436-00,1350,DOMONT,BUS,BUS,50117733,Domont,BUS,14232,Gare de Domont,bus,473161,Gare de Domont,66654,
SNCF,452,87276444,8727644,PR/0087-276444-00,2988,1,VOIE,TRAIN,50118801,Boran-sur-Oise,RAIL,472426,Boran-sur-Oise,rail,411332,Boran-sur-Oise,411333,2986
SNCF,452,87276444,8727644,PR/0087-276444-00,2987,2,VOIE,TRAIN,50117822,Boran-sur-Oise,RAIL,471512,Boran-sur-Oise,rail,411332,Boran-sur-Oise,411333,2989
SNCF,452,87276444,8727644,PR/0087-276444-00,2990,Boran sur Oise,BUS,BUS,50118116,Boran-sur-Oise,BUS,471171,Boran-sur-Oise,bus,473149,Gare de Boran-sur-Oise,411333,
SNCF,43,87276451,8727645,PR/0087-276451-00,278,1,VOIE,TRAIN,50116159,Bruyères-sur-Oise,RAIL,472847,Bruyères-sur-Oise,rail,47533,Bruyères-sur-Oise,67325,280
SNCF,43,87276451,8727645,PR/0087-276451-00,277,2,VOIE,TRAIN,50116432,Bruyères-sur-Oise,RAIL,472277,Bruyères-sur-Oise,rail,47533,Bruyères-sur-Oise,67325,279
SNCF,43,87276451,8727645,PR/0087-276451-00,281,BRUYERES SUR OISE,BUS,BUS,50116138,Bruyères-sur-Oise,BUS,472827,Bruyères-sur-Oise,bus,473160,Gare de Bruyères-sur-Oise,67325,
SNCF,288,87276469,8727646,PR/0087-276469-BV,2119,1,VOIE,TRAIN,50118739,Persan - Beaumont,RAIL,472536,Persan - Beaumont,rail,43178,Persan - Beaumont,67292,2126
SNCF,288,87276469,8727646,PR/0087-276469-BV,2116,10,VOIE,TRAIN,50116308,Persan - Beaumont,RAIL,472873,Persan - Beaumont,rail,43178,Persan - Beaumont,67292,2128
SNCF,288,87276469,8727646,PR/0087-276469-BV,2129,2,VOIE,TRAIN,50118496,Persan - Beaumont,RAIL,470800,Persan - Beaumont,rail,43178,Persan - Beaumont,67292,2126
SNCF,288,87276469,8727646,PR/0087-276469-BV,2117,3,VOIE,TRAIN,50116452,Persan - Beaumont,RAIL,472359,Persan - Beaumont,rail,43178,Persan - Beaumont,67292,2125
SNCF,288,87276469,8727646,PR/0087-276469-BV,2121,4,VOIE,TRAIN,50117516,Persan - Beaumont,RAIL,471699,Persan - Beaumont,rail,43178,Persan - Beaumont,67292,2127
SNCF,288,87276469,8727646,PR/0087-276469-BV,2118,5,VOIE,TRAIN,50117873,Persan - Beaumont,RAIL,471446,Persan - Beaumont,rail,43178,Persan - Beaumont,67292,2125
SNCF,288,87276469,8727646,PR/0087-276469-BV,2115,6,VOIE,TRAIN,50117579,Persan - Beaumont,RAIL,471761,Persan - Beaumont,rail,43178,Persan - Beaumont,67292,2127
SNCF,288,87276469,8727646,PR/0087-276469-BV,2120,7,VOIE,TRAIN,50116371,Persan - Beaumont,RAIL,472394,Persan - Beaumont,rail,43178,Persan - Beaumont,67292,2124
SNCF,288,87276469,8727646,PR/0087-276469-BV,2122,8,VOIE,TRAIN,50116406,Persan - Beaumont,RAIL,472463,Persan - Beaumont,rail,43178,Persan - Beaumont,67292,2128
SNCF,288,87276469,8727646,PR/0087-276469-BV,2123,PERSAN BEAUMONT,BUS,BUS,50117150,Persan - Beaumont,BUS,461680,Gare de Persan Beaumont,bus,473426,Gare de Persan Beaumont,67292,
SNCF,48,87276485,8727648,PR/0087-276485-00,302,1,VOIE,TRAIN,50116154,Bouffémont - Moisselles,RAIL,472842,Bouffémont - Moisselles,rail,47517,Bouffémont - Moisselles,66795,306
SNCF,48,87276485,8727648,PR/0087-276485-00,304,2,VOIE,TRAIN,50118669,Bouffémont - Moisselles,RAIL,472645,Bouffémont - Moisselles,rail,47517,Bouffémont - Moisselles,66795,303
SNCF,48,87276485,8727648,PR/0087-276485-00,305,BOUFFEMONT MOISSELLES,BUS,BUS,50118693,Bouffémont - Moisselles,BUS,11256,Gare de Bouffémont Moisselles,bus,473125,Gare de Bouffémont Moisselles,66795,
SNCF,311,87276493,8727649,PR/0087-276493-BV,2281,1,VOIE,TRAIN,50117257,Montsoult - Maffliers,RAIL,471877,Montsoult - Maffliers,rail,43168,Montsoult - Maffliers,67000,2278
SNCF,311,87276493,8727649,PR/0087-276493-BV,2283,2,VOIE,TRAIN,50117938,Montsoult - Maffliers,RAIL,471410,Montsoult - Maffliers,rail,43168,Montsoult - Maffliers,67000,2279
SNCF,311,87276493,8727649,PR/0087-276493-BV,2282,4,VOIE,TRAIN,50117036,Montsoult - Maffliers,RAIL,472023,Montsoult - Maffliers,rail,43168,Montsoult - Maffliers,67000,2279
SNCF,311,87276493,8727649,PR/0087-276493-BV,2280,MONTSOULT MAFFLIERS,BUS,BUS,50117726,Montsoult - Maffliers,BUS,9352,Gare de Montsoult-Maffliers,bus,473401,Montsoult Maffliers,67000,
SNCF,34,87276501,8727650,PR/0087-276501-00,232,1,VOIE,TRAIN,50118030,Presles - Courcelles,RAIL,471277,Presles - Courcelles,rail,47946,Presles - Courcelles,67169,234
SNCF,34,87276501,8727650,PR/0087-276501-00,233,2,VOIE,TRAIN,50118353,Presles - Courcelles,RAIL,470895,Presles - Courcelles,rail,47946,Presles - Courcelles,67169,236
SNCF,34,87276501,8727650,PR/0087-276501-00,235,PRESLES COURCELLES,BUS,BUS,50116444,Presles - Courcelles,BUS,472253,Presles - Courcelles,bus,473463,Presles - Courcelles,67169,
SNCF,148,87276519,8727651,PR/0087-276519-00,1101,1,VOIE,TRAIN,50118653,Champagne-sur-Oise,RAIL,470666,Champagne-sur-Oise,rail,47590,Champagne-sur-Oise,67241,1102
SNCF,148,87276519,8727651,PR/0087-276519-00,1103,2,VOIE,TRAIN,50118753,Champagne-sur-Oise,RAIL,472567,Champagne-sur-Oise,rail,47590,Champagne-sur-Oise,67241,1099
SNCF,148,87276519,8727651,PR/0087-276519-00,1100,CHAMPAGNE SUR OISE,BUS,BUS,50118431,Champagne-sur-Oise,BUS,470847,Champagne-sur-Oise,bus,473168,Gare de Champagne-sur-Oise,67241,
SNCF,107,87276527,8727652,PR/0087-276527-00,798,1,VOIE,TRAIN,50118520,L'Isle-Adam - Parmain,RAIL,470809,L'Isle-Adam - Parmain,rail,47589,L'Isle-Adam - Parmain,67172,796
SNCF,107,87276527,8727652,PR/0087-276527-00,797,2,VOIE,TRAIN,50117992,L'Isle-Adam - Parmain,RAIL,471307,L'Isle-Adam - Parmain,rail,47589,L'Isle-Adam - Parmain,67172,795
SNCF,107,87276527,8727652,PR/0087-276527-00,799,L'ISLE ADAM PARMAIN,BUS,BUS,50116447,L'Isle-Adam - Parmain,BUS,472248,L'Isle-Adam - Parmain,bus,473501,Mairie - Gare,67172,
SNCF,224,87276535,8727653,PR/0087-276535-00,1726,1,VOIE,TRAIN,50116988,Valmondois,RAIL,472165,Valmondois,rail,47588,Valmondois,67107,1723
SNCF,224,87276535,8727653,PR/0087-276535-00,1719,2,VOIE,TRAIN,50116213,Valmondois,RAIL,472795,Valmondois,rail,47588,Valmondois,67107,1724
SNCF,224,87276535,8727653,PR/0087-276535-00,1718,4,VOIE,TRAIN,50117060,Valmondois,RAIL,472121,Valmondois,rail,47588,Valmondois,67107,1724
SNCF,224,87276535,8727653,PR/0087-276535-00,1721,6,VOIE,TRAIN,50116402,Valmondois,RAIL,472456,Valmondois,rail,47588,Valmondois,67107,1725
SNCF,224,87276535,8727653,PR/0087-276535-00,1720,8,VOIE,TRAIN,50117095,Valmondois,RAIL,472090,Valmondois,rail,47588,Valmondois,67107,1725
SNCF,224,87276535,8727653,PR/0087-276535-00,1722,VALMONDOIS,BUS,BUS,50116143,Valmondois,BUS,472830,Valmondois,bus,473596,Gare de Valmondois,67107,
SNCF,179,87276543,8727654,PR/0087-276543-00,1315,1,VOIE,TRAIN,50118594,Auvers-sur-Oise,RAIL,470610,Auvers-sur-Oise,rail,47918,Auvers-sur-Oise,67027,1318
SNCF,179,87276543,8727654,PR/0087-276543-00,1317,2,VOIE,TRAIN,50116236,Auvers-sur-Oise,RAIL,472941,Auvers-sur-Oise,rail,47918,Auvers-sur-Oise,67027,1316
SNCF,179,87276543,8727654,PR/0087-276543-00,1314,AUVERS SUR OISE,BUS,BUS,50116220,Auvers-sur-Oise,BUS,29676,Mairie,bus,56760,Mairie,67027,
SNCF,201,87276550,8727655,PR/0087-276550-00,1517,1,VOIE,TRAIN,50116491,Belloy - Saint-Martin,RAIL,472664,Belloy - Saint-Martin,rail,47524,Belloy - Saint-Martin,67126,1519
SNCF,201,87276550,8727655,PR/0087-276550-00,1516,2,VOIE,TRAIN,50117990,Belloy - Saint-Martin,RAIL,471323,Belloy - Saint-Martin,rail,47524,Belloy - Saint-Martin,67126,1518
SNCF,201,87276550,8727655,PR/0087-276550-00,1520,BELLOY SAINT-MARTIN,BUS,BUS,50118443,Belloy - Saint-Martin,BUS,40499,Gare de Belloy Saint-Martin,bus,473071,Gare de Belloy Saint-Martin,67126,
SNCF,144,87276568,8727656,PR/0087-276568-00,1078,U,VOIE,TRAIN,50117835,Viarmes,RAIL,471497,Viarmes,rail,47525,Viarmes,67176,1080
SNCF,144,87276568,8727656,PR/0087-276568-00,1079,VIARMES,BUS,BUS,50116979,Viarmes,BUS,472156,Viarmes,bus,473611,Gare de Viarmes,67176,
SNCF,241,87276576,8727657,PR/0087-276576-00,1822,1,VOIE,TRAIN,50118658,Luzarches,RAIL,472616,Luzarches,rail,47528,Luzarches,67177,1819
SNCF,241,87276576,8727657,PR/0087-276576-00,1818,2,VOIE,TRAIN,50117998,Luzarches,RAIL,471314,Luzarches,rail,47528,Luzarches,67177,1820
SNCF,241,87276576,8727657,PR/0087-276576-00,1821,LUZARCHES,BUS,BUS,50117022,Luzarches,BUS,419669,Gare de Luzarches,bus,473522,Gare de Luzarches,67177,
SNCF,69,87276584,8727658,PR/0087-276584-00,496,1,VOIE,TRAIN,50118630,Ermont Halte,RAIL,470642,Ermont Halte,rail,47920,Ermont Halte,65910,498
SNCF,69,87276584,8727658,PR/0087-276584-00,494,2,VOIE,TRAIN,50118898,Ermont Halte,RAIL,472369,Ermont Halte,rail,47920,Ermont Halte,65910,497
SNCF,69,87276584,8727658,PR/0087-276584-00,495,ERMONT HALTE,BUS,BUS,50117017,Ermont Halte,BUS,472071,Ermont Halte,bus,473167,Ermont Halte,65910,
SNCF,165,87276592,8727659,PR/0087-276592-00,1216,1,VOIE,TRAIN,50116537,Gros Noyer Saint-Prix,RAIL,472694,Gros Noyer Saint-Prix,rail,46482,Gros Noyer Saint-Prix,66063,1218
SNCF,165,87276592,8727659,PR/0087-276592-00,1215,2,VOIE,TRAIN,50116233,Gros Noyer Saint-Prix,RAIL,472936,Gros Noyer Saint-Prix,rail,46482,Gros Noyer Saint-Prix,66063,1217
SNCF,165,87276592,8727659,PR/0087-276592-00,1214,GROS NOYER SAINT-PRIX,BUS,BUS,50116630,Gros Noyer Saint-Prix,BUS,5565,Place de la Libération,bus,46485,Place de la Libération,66148,
SNCF,104,87276600,8727660,PR/0087-276600-00,777,1,VOIE,TRAIN,50118257,Saint-Leu-la-Forêt,RAIL,471080,Saint-Leu-la-Forêt,rail,48964,Saint-Leu-la-Forêt,66452,779
SNCF,104,87276600,8727660,PR/0087-276600-00,778,2,VOIE,TRAIN,50118219,Saint-Leu-la-Forêt,RAIL,471051,Saint-Leu-la-Forêt,rail,48964,Saint-Leu-la-Forêt,66452,781
SNCF,104,87276600,8727660,PR/0087-276600-00,776,M,VOIE,TRAIN,50118654,Saint-Leu-la-Forêt,RAIL,470668,Saint-Leu-la-Forêt,rail,48964,Saint-Leu-la-Forêt,66452,779
SNCF,104,87276600,8727660,PR/0087-276600-00,780,SAINT-LEU LA FORET,BUS,BUS,50117256,Saint-Leu-la-Forêt,BUS,471876,Saint-Leu-la-Forêt,bus,473538,Gare de Saint-Leu-la-Forêt,66452,
SNCF,301,87276626,8727662,PR/0087-276626-00,2213,1,VOIE,TRAIN,50117654,Vaucelles,RAIL,471672,Vaucelles,rail,47963,Vaucelles,66520,2216
SNCF,301,87276626,8727662,PR/0087-276626-00,2212,2,VOIE,TRAIN,50116351,Vaucelles,RAIL,472910,Vaucelles,rail,47963,Vaucelles,66520,2215
SNCF,301,87276626,8727662,PR/0087-276626-00,2214,VAUCELLES,BUS,BUS,50118474,Vaucelles,BUS,470755,Vaucelles,bus,470756,Vaucelles,66520,
SNCF,301,87276626,8727662,PR/0087-276626-00,2217,VAUCELLES,BUS,BUS,50117471,Vaucelles,BUS,471819,Vaucelles,bus,470756,Vaucelles,66520,
SNCF,38,87276634,8727663,PR/0087-276634-00,254,1,VOIE,TRAIN,50117248,Taverny,RAIL,471883,Taverny,rail,43206,Taverny,66557,255
SNCF,38,87276634,8727663,PR/0087-276634-00,258,2,VOIE,TRAIN,50117689,Taverny,RAIL,471641,Taverny,rail,43206,Taverny,66557,257
SNCF,38,87276634,8727663,PR/0087-276634-00,253,TAVERNY,BUS,BUS,50116152,Taverny,BUS,472844,Gare de Taverny,bus,473583,Gare de Taverny,66557,
SNCF,38,87276634,8727663,PR/0087-276634-00,256,TAVERNY,BUS,BUS,50116158,Taverny,BUS,5216,Gare de Taverny,bus,473583,Gare de Taverny,66557,
SNCF,9,87276642,8727664,PR/0087-276642-00,44,1,VOIE,TRAIN,50117160,Bessancourt,RAIL,471956,Bessancourt,rail,43090,Bessancourt,66672,45
SNCF,9,87276642,8727664,PR/0087-276642-00,42,2,VOIE,TRAIN,50116660,Bessancourt,RAIL,472170,Bessancourt,rail,43090,Bessancourt,66672,41
SNCF,9,87276642,8727664,PR/0087-276642-00,43,BESSANCOURT,BUS,BUS,50118605,Bessancourt,BUS,5320,Gare de Bessancourt,bus,473072,Gare de Bessancourt (Parvis),66672,
SNCF,332,87276659,8727665,PR/0087-276659-00,2396,1,VOIE,TRAIN,50117813,Frépillon,RAIL,471503,Frépillon,rail,47580,Frépillon,66798,2394
SNCF,332,87276659,8727665,PR/0087-276659-00,2393,2,VOIE,TRAIN,50117684,Frépillon,RAIL,471644,Frépillon,rail,47580,Frépillon,66798,2395
SNCF,332,87276659,8727665,PR/0087-276659-00,2392,FREPILLON,BUS,BUS,50118151,Frépillon,BUS,471129,Frépillon,bus,473286,Gare de Frépillon,66798,
SNCF,221,87276667,8727666,PR/0087-276667-00,1700,1,VOIE,TRAIN,50118646,Méry-sur-Oise,RAIL,470660,Méry-sur-Oise,rail,47582,Méry-sur-Oise,66934,1698
SNCF,221,87276667,8727666,PR/0087-276667-00,1701,2,VOIE,TRAIN,50118776,Méry-sur-Oise,RAIL,472612,Méry-sur-Oise,rail,47582,Méry-sur-Oise,66934,1697
SNCF,221,87276667,8727666,PR/0087-276667-00,1699,MERY SUR OISE,BUS,BUS,50118784,Méry-sur-Oise,BUS,472397,Méry-sur-Oise / Camille Plaquet,bus,47581,Camille Plaquet,66934,
SNCF,221,87276667,8727666,PR/0087-276667-00,1702,MERY SUR OISE,BUS,BUS,50117120,Méry-sur-Oise,BUS,471915,Méry-sur-Oise / Camille Plaquet,bus,47581,Camille Plaquet,66934,
SNCF,268,87276675,8727667,PR/0087-276675-00,1986,1,VOIE,TRAIN,50118364,Mériel,RAIL,470900,Mériel,rail,47585,Mériel,67065,1983
SNCF,268,87276675,8727667,PR/0087-276675-00,1985,2,VOIE,TRAIN,50118576,Mériel,RAIL,470733,Mériel,rail,47585,Mériel,67065,1982
SNCF,268,87276675,8727667,PR/0087-276675-00,1984,MERIEL,BUS,BUS,50117260,Mériel,BUS,5477,Gare de Mériel,bus,473356,Gare de Mériel,67065,
SNCF,126,87276758,8727675,PR/0087-276758-00,940,1,VOIE,TRAIN,50118468,Nointel - Mours,RAIL,470762,Nointel - Mours,rail,47530,Nointel - Mours,67227,939
SNCF,126,87276758,8727675,PR/0087-276758-00,943,2,VOIE,TRAIN,50116603,Nointel - Mours,RAIL,472584,Nointel - Mours,rail,47530,Nointel - Mours,67227,941
SNCF,126,87276758,8727675,PR/0087-276758-00,942,NOINTEL MOURS,BUS,BUS,50118718,Nointel - Mours,BUS,472735,Nointel - Mours,bus,473303,Gare de Nointel - Mours (Avenue de la Gare),67227,
SNCF,171,87281873,8728187,PR/0087-281873-BV,1251,51,VOIE,TRAIN,50117082,MAGENTA,RAIL,472124,Magenta,rail,58572,Magenta,478733,1255
SNCF,171,87281873,8728187,PR/0087-281873-BV,1253,52,VOIE,TRAIN,50117122,MAGENTA,RAIL,471917,Magenta,rail,58572,Magenta,478733,1256
SNCF,171,87281873,8728187,PR/0087-281873-BV,1252,53,VOIE,TRAIN,50117527,MAGENTA,RAIL,471721,Magenta,rail,58572,Magenta,478733,1255
SNCF,171,87281873,8728187,PR/0087-281873-BV,1254,54,VOIE,TRAIN,50117053,MAGENTA,RAIL,472036,Magenta,rail,58572,Magenta,478733,1256
SNCF,171,87281873,8728187,PR/0087-281873-BV,1250,MAGENTA,BUS,BUS,50116320,MAGENTA,BUS,39803,Gare du Nord,bus,473225,Gare du Nord (r. du Faubourg St Denis),71410,
SNCF,220,87281899,8728189,PR/0087-281899-00,1695,31,VOIE,TRAIN,50116573,Haussmann Saint-Lazare,RAIL,472516,Haussmann Saint-Lazare,rail,58718,Haussmann Saint-Lazare,73688,1692
SNCF,220,87281899,8728189,PR/0087-281899-00,1694,32,VOIE,TRAIN,50116210,Haussmann Saint-Lazare,RAIL,472796,Haussmann Saint-Lazare,rail,58718,Haussmann Saint-Lazare,73688,1693
SNCF,220,87281899,8728189,PR/0087-281899-00,1691,33,VOIE,TRAIN,50118016,Haussmann Saint-Lazare,RAIL,471272,Haussmann Saint-Lazare,rail,58718,Haussmann Saint-Lazare,73688,1692
SNCF,220,87281899,8728189,PR/0087-281899-00,1696,34,VOIE,TRAIN,50117836,Haussmann Saint-Lazare,RAIL,471498,Haussmann Saint-Lazare,rail,58718,Haussmann Saint-Lazare,73688,1693
SNCF,1145,87313510,8731351,PR/0087-313510-BV,3749,1,VOIE,TRAIN,50117531,Beauvais,RAIL,471709,Beauvais,rail,411317,Beauvais,411318,3747
SNCF,1145,87313510,8731351,PR/0087-313510-BV,3751,2,VOIE,TRAIN,50116347,Beauvais,RAIL,472914,Beauvais,rail,411317,Beauvais,411318,3750
SNCF,1145,87313510,8731351,PR/0087-313510-BV,3748,3,VOIE,TRAIN,50118221,Beauvais,RAIL,471046,Beauvais,rail,411317,Beauvais,411318,3747
SNCF,1145,87313510,8731351,PR/0087-313510-BV,3753,5,VOIE,TRAIN,50117467,Beauvais,RAIL,471822,Beauvais,rail,411317,Beauvais,411318,3752
SNCF,1145,87313510,8731351,PR/0087-313510-BV,3754,7,VOIE,TRAIN,50117940,Beauvais,RAIL,471404,Beauvais,rail,411317,Beauvais,411318,3752
SNCF,316,87328328,8732832,PR/0087-328328-BV,2314,A,VOIE,TRAIN,50116168,Bibliothèque François Mitterrand,RAIL,472741,Bibliothèque François Mitterrand,rail,45301,Bibliothèque François Mitterrand,71572,2313
SNCF,316,87328328,8732832,PR/0087-328328-BV,2303,B,VOIE,TRAIN,50116388,Bibliothèque François Mitterrand,RAIL,472490,Bibliothèque François Mitterrand,rail,45301,Bibliothèque François Mitterrand,71572,2312
SNCF,316,87328328,8732832,PR/0087-328328-BV,2307,BIBLIOTHEQUE FRANCOIS MITTERRAND,BUS,BUS,50116181,Bibliothèque François Mitterrand,BUS,37556,Bibliothèque François Mitterrand,bus,473115,Bibliothèque François Mitterrand,71572,
SNCF,316,87328328,8732832,PR/0087-328328-BV,4967,BIBLIOTHEQUE FRANCOIS MITTERRAND,BUS,BUS,50118876,Bibliothèque François Mitterrand,BUS,40055,Bibliothèque François Mitterrand,bus,473115,Bibliothèque François Mitterrand,71572,
SNCF,316,87328328,8732832,PR/0087-328328-BV,2305,C,VOIE,TRAIN,50116169,Bibliothèque François Mitterrand,RAIL,472740,Bibliothèque François Mitterrand,rail,45301,Bibliothèque François Mitterrand,71572,2311
SNCF,316,87328328,8732832,PR/0087-328328-BV,2302,D,VOIE,TRAIN,50116114,Bibliothèque François Mitterrand,RAIL,472821,Bibliothèque François Mitterrand,rail,45301,Bibliothèque François Mitterrand,71572,2310
SNCF,316,87328328,8732832,PR/0087-328328-BV,2301,E,VOIE,TRAIN,50117497,Bibliothèque François Mitterrand,RAIL,471854,Bibliothèque François Mitterrand,rail,45301,Bibliothèque François Mitterrand,71572,2309
SNCF,316,87328328,8732832,PR/0087-328328-BV,2304,F,VOIE,TRAIN,50117486,Bibliothèque François Mitterrand,RAIL,471835,Bibliothèque François Mitterrand,rail,45301,Bibliothèque François Mitterrand,71572,2308
SNCF,297,87334482,8733448,PR/0087-334482-00,2181,1,VOIE,TRAIN,50118847,Neuville Université,RAIL,472481,Neuville Université,rail,47879,Neuville Université,66436,2183
SNCF,297,87334482,8733448,PR/0087-334482-00,2180,2,VOIE,TRAIN,50118146,Neuville Université,RAIL,471126,Neuville Université,rail,47879,Neuville Université,66436,2179
SNCF,297,87334482,8733448,PR/0087-334482-00,2182,NEUVILLE UNIVERSITE,BUS,BUS,50116333,Neuville Université,BUS,472898,Neuville Université,bus,473291,Gare de Neuville Université,66436,
SNCF,65,87337980,8733798,PR/0087-337980-00,466,1,VOIE,TRAIN,50116280,Saint-Ouen-l'Aumône Liesse,RAIL,473006,Saint-Ouen-l'Aumône Liesse,rail,43150,Saint-Ouen-l'Aumône Liesse,66659,467
SNCF,65,87337980,8733798,PR/0087-337980-00,468,2,VOIE,TRAIN,50118044,Saint-Ouen-l'Aumône Liesse,RAIL,471301,Saint-Ouen-l'Aumône Liesse,rail,43150,Saint-Ouen-l'Aumône Liesse,66659,470
SNCF,65,87337980,8733798,PR/0087-337980-00,471,SAINT-OUEN L'AUMONE LIESSE,BUS,BUS,50116993,Saint-Ouen-l'Aumône Liesse,BUS,427860,Gare de Liesse - Quai A,bus,473515,Gare de Saint-Ouen-l'Aumône - Liesse,66659,
SNCF,321,87366922,8736692,PR/0087-366922-00,2336,SAINT-GERMAIN EN LAYE BEL AIR-FOURQUEUX,BUS,BUS,50118800,Fourqueux - Bel Air,BUS,472423,Saint-Germain-en-Laye Bel-Air - Fourqueux,bus,473534,Gare du Bel Air,64566,
SNCF,321,87366922,8736692,PR/0087-366922-00,2337,SAINT-GERMAIN EN LAYE BEL AIR-FOURQUEUX,BUS,BUS,50116597,Fourqueux - Bel Air,BUS,472558,Saint-Germain-en-Laye Bel-Air - Fourqueux,bus,473534,Gare du Bel Air,64566,
SNCF,125,87381012,8738101,PR/0087-381012-00,937,1,VOIE,TRAIN,50118362,Péreire Levallois,RAIL,470905,Péreire Levallois,rail,44314,Péreire Levallois,71453,934
SNCF,125,87381012,8738101,PR/0087-381012-00,935,2,VOIE,TRAIN,50117592,Péreire Levallois,RAIL,471778,Péreire Levallois,rail,44314,Péreire Levallois,71453,936
SNCF,125,87381012,8738101,PR/0087-381012-00,6055,3,VOIE,TRAIN,50117425,Péreire Levallois,RAIL,480010,Péreire Levallois,rail,44314,Péreire Levallois,71453,934
SNCF,125,87381012,8738101,PR/0087-381012-00,932,PEREIRE LEVALLOIS,BUS,BUS,50116157,Péreire Levallois,BUS,472849,Péreire Levallois,bus,473434,Péreire Levallois,71453,
SNCF,17,87381020,8738102,PR/0087-381020-00,135,1,VOIE,TRAIN,50117275,Neuilly Porte Maillot,RAIL,471859,Neuilly Porte Maillot,rail,415093,Neuilly Porte Maillot,71379,134
SNCF,17,87381020,8738102,PR/0087-381020-00,136,2,VOIE,TRAIN,50116665,Neuilly Porte Maillot,RAIL,472182,Neuilly Porte Maillot,rail,415093,Neuilly Porte Maillot,71379,134
SNCF,17,87381020,8738102,PR/0087-381020-00,133,NEUILLY PORTE MAILLOT (PALAIS DES CONGRES),BUS,BUS,50117147,Neuilly Porte Maillot,BUS,471909,Neuilly Porte Maillot,bus,473713,Porte Maillot,71379,
SNCF,181,87381038,8738103,PR/0087-381038-00,1333,1,VOIE,TRAIN,50118600,Avenue Foch,RAIL,470620,Avenue Foch,rail,45437,Avenue Foch,71321,1335
SNCF,181,87381038,8738103,PR/0087-381038-00,1334,2,VOIE,TRAIN,50117494,Avenue Foch,RAIL,471843,Avenue Foch,rail,45437,Avenue Foch,71321,1335
SNCF,181,87381038,8738103,PR/0087-381038-00,1332,AVENUE FOCH,BUS,BUS,50117476,Avenue Foch,BUS,23516,Porte Dauphine - Maréchal De Lattre de Tassigny,bus,473069,Porte Dauphine - Maréchal De Lattre de Tassigny,474152,
SNCF,182,87381046,8738104,PR/0087-381046-00,1336,1,VOIE,TRAIN,50117957,Avenue Henri Martin,RAIL,471355,Avenue Henri Martin,rail,45447,Avenue Henri Martin,71286,1338
SNCF,182,87381046,8738104,PR/0087-381046-00,1342,2,VOIE,TRAIN,50118133,Avenue Henri Martin,RAIL,471187,Avenue Henri Martin,rail,45447,Avenue Henri Martin,71286,1337
SNCF,182,87381046,8738104,PR/0087-381046-00,1341,AVENUE HENRY MARTIN,BUS,BUS,50117962,Avenue Henri Martin,BUS,22764,Victor Hugo - Henri Martin,bus,45446,Victor Hugo - Henri Martin,71286,
SNCF,182,87381046,8738104,PR/0087-381046-00,1340,C,VOIE,TRAIN,50117850,Avenue Henri Martin,RAIL,471484,Avenue Henri Martin,rail,45447,Avenue Henri Martin,71286,1338
SNCF,263,87381079,8738107,PR/0087-381079-BV,1956,1B,VOIE,TRAIN,50116346,Bois-Colombes,RAIL,472915,Bois-Colombes,rail,51238,Bois-Colombes,72179,1952
SNCF,263,87381079,8738107,PR/0087-381079-BV,1954,2B,VOIE,TRAIN,50117946,Bois-Colombes,RAIL,471402,Bois-Colombes,rail,51238,Bois-Colombes,72179,1951
SNCF,263,87381079,8738107,PR/0087-381079-BV,1950,BOIS COLOMBES,BUS,BUS,50116247,Bois-Colombes,BUS,472960,Bois-Colombes,bus,473119,Gare de Bois-Colombes (r. des Bourguignons),72179,
SNCF,263,87381079,8738107,PR/0087-381079-BV,1953,BOIS COLOMBES,BUS,BUS,50118752,Bois-Colombes,BUS,27277,Gare de Bois-Colombes,bus,473119,Gare de Bois-Colombes (r. des Bourguignons),72179,
SNCF,263,87381079,8738107,PR/0087-381079-BV,1955,C,VOIE,TRAIN,50117933,Bois-Colombes,RAIL,471375,Bois-Colombes,rail,51238,Bois-Colombes,72179,1951
SNCF,263,87381079,8738107,PR/0087-381079-BV,1957,C,VOIE,TRAIN,50118503,Bois-Colombes,RAIL,470797,Bois-Colombes,rail,51238,Bois-Colombes,72179,1952
SNCF,212,87381087,8738108,PR/0087-381087-00,1639,A,VOIE,TRAIN,50116343,Colombes,RAIL,472902,Colombes,rail,43113,Colombes,72244,1640
SNCF,212,87381087,8738108,PR/0087-381087-00,1641,B,VOIE,TRAIN,50118240,Colombes,RAIL,471096,Colombes,rail,43113,Colombes,72244,1640
SNCF,212,87381087,8738108,PR/0087-381087-00,1638,COLOMBES,BUS,BUS,50116469,Colombes,BUS,472326,Colombes,bus,473259,Gare de Colombes (pl. de la Gare),72244,
SNCF,243,87381095,8738109,PR/0087-381095-00,1832,1B,VOIE,TRAIN,50118613,Le Stade,RAIL,470625,Le Stade,rail,43236,Le Stade,72287,1835
SNCF,243,87381095,8738109,PR/0087-381095-00,1834,2B,VOIE,TRAIN,50116411,Le Stade,RAIL,472443,Le Stade,rail,43236,Le Stade,72287,1829
SNCF,243,87381095,8738109,PR/0087-381095-00,1831,A,VOIE,TRAIN,50116242,Le Stade,RAIL,472955,Le Stade,rail,43236,Le Stade,72287,1835
SNCF,243,87381095,8738109,PR/0087-381095-00,1833,B,VOIE,TRAIN,50117559,Le Stade,RAIL,471754,Le Stade,rail,43236,Le Stade,72287,1829
SNCF,243,87381095,8738109,PR/0087-381095-00,1830,LE STADE,BUS,BUS,50117472,Le Stade,BUS,471829,Le Stade,bus,50757,Boulevard d'Achères,72301,
SNCF,130,87381111,8738111,PR/0087-381111-BV,962,A,VOIE,TRAIN,50117884,PONT CARDINET,RAIL,471459,Pont Cardinet,rail,45493,Pont Cardinet,71475,956
SNCF,130,87381111,8738111,PR/0087-381111-BV,955,B,VOIE,TRAIN,50117997,PONT CARDINET,RAIL,471310,Pont Cardinet,rail,45493,Pont Cardinet,71475,960
SNCF,130,87381111,8738111,PR/0087-381111-BV,957,C,VOIE,TRAIN,50118891,PONT CARDINET,RAIL,472320,Pont Cardinet,rail,45493,Pont Cardinet,71475,959
SNCF,130,87381111,8738111,PR/0087-381111-BV,954,D,VOIE,TRAIN,50118405,PONT CARDINET,RAIL,470841,Pont Cardinet,rail,45493,Pont Cardinet,71475,959
SNCF,130,87381111,8738111,PR/0087-381111-BV,4914,E,VOIE,TRAIN,50118506,PONT CARDINET,RAIL,470793,Pont Cardinet,rail,45493,Pont Cardinet,71475,4913
SNCF,130,87381111,8738111,PR/0087-381111-BV,4915,F,VOIE,TRAIN,50117076,PONT CARDINET,RAIL,472138,Pont Cardinet,rail,45493,Pont Cardinet,71475,4913
SNCF,130,87381111,8738111,PR/0087-381111-BV,961,PONT CARDINET,BUS,BUS,50118050,PONT CARDINET,BUS,27476,Pont Cardinet,bus,473448,Pont Cardinet,71475,
SNCF,68,87381129,8738112,PR/0087-381129-00,489,A,VOIE,TRAIN,50117886,Clichy - Levallois,RAIL,471457,Clichy - Levallois,rail,43112,Clichy - Levallois,72073,486
SNCF,68,87381129,8738112,PR/0087-381129-00,488,B,VOIE,TRAIN,50118572,Clichy - Levallois,RAIL,470726,Clichy - Levallois,rail,43112,Clichy - Levallois,72073,486
SNCF,68,87381129,8738112,PR/0087-381129-00,490,C,VOIE,TRAIN,50117878,Clichy - Levallois,RAIL,471449,Clichy - Levallois,rail,43112,Clichy - Levallois,72073,487
SNCF,68,87381129,8738112,PR/0087-381129-00,492,CLICHY LEVALLOIS,BUS,BUS,50116353,Clichy - Levallois,BUS,22940,Gare de Clichy - Levallois,bus,473257,Gare de Clichy-Levallois,72073,
SNCF,68,87381129,8738112,PR/0087-381129-00,493,D,VOIE,TRAIN,50116302,Clichy - Levallois,RAIL,472866,Clichy - Levallois,rail,43112,Clichy - Levallois,72073,487
SNCF,68,87381129,8738112,PR/0087-381129-00,4911,E,VOIE,TRAIN,50118862,Clichy - Levallois,RAIL,472249,Clichy - Levallois,rail,43112,Clichy - Levallois,72073,4910
SNCF,68,87381129,8738112,PR/0087-381129-00,4912,F,VOIE,TRAIN,50116497,Clichy - Levallois,RAIL,472621,Clichy - Levallois,rail,43112,Clichy - Levallois,72073,4910
SNCF,276,87381137,8738113,PR/0087-381137-BV,2045,15,VOIE,TRAIN,50118651,Asnières-sur-Seine,RAIL,470673,Asnières-sur-Seine,rail,43069,Asnières-sur-Seine,72132,2043
SNCF,276,87381137,8738113,PR/0087-381137-BV,2037,A,VOIE,TRAIN,50118831,Asnières-sur-Seine,RAIL,472448,Asnières-sur-Seine,rail,43069,Asnières-sur-Seine,72132,2039
SNCF,276,87381137,8738113,PR/0087-381137-BV,2044,ASNIERES SUR SEINE,BUS,BUS,50116367,Asnières-sur-Seine,BUS,424724,Rue de la Station,bus,46444,Rue de Station,72132,
SNCF,276,87381137,8738113,PR/0087-381137-BV,2031,B,VOIE,TRAIN,50118100,Asnières-sur-Seine,RAIL,471224,Asnières-sur-Seine,rail,43069,Asnières-sur-Seine,72132,2039
SNCF,276,87381137,8738113,PR/0087-381137-BV,2029,C,VOIE,TRAIN,50118874,Asnières-sur-Seine,RAIL,472289,Asnières-sur-Seine,rail,43069,Asnières-sur-Seine,72132,2043
SNCF,276,87381137,8738113,PR/0087-381137-BV,2036,D,VOIE,TRAIN,50117206,Asnières-sur-Seine,RAIL,471962,Asnières-sur-Seine,rail,43069,Asnières-sur-Seine,72132,2042
SNCF,276,87381137,8738113,PR/0087-381137-BV,2035,E,VOIE,TRAIN,50118787,Asnières-sur-Seine,RAIL,472391,Asnières-sur-Seine,rail,43069,Asnières-sur-Seine,72132,2042
SNCF,276,87381137,8738113,PR/0087-381137-BV,2034,F,VOIE,TRAIN,50116307,Asnières-sur-Seine,RAIL,472878,Asnières-sur-Seine,rail,43069,Asnières-sur-Seine,72132,2041
SNCF,276,87381137,8738113,PR/0087-381137-BV,2033,G,VOIE,TRAIN,50118203,Asnières-sur-Seine,RAIL,471132,Asnières-sur-Seine,rail,43069,Asnières-sur-Seine,72132,2041
SNCF,276,87381137,8738113,PR/0087-381137-BV,2032,H,VOIE,TRAIN,50116593,Asnières-sur-Seine,RAIL,472565,Asnières-sur-Seine,rail,43069,Asnières-sur-Seine,72132,2040
SNCF,129,87381145,8738114,PR/0087-381145-00,950,1,VOIE,TRAIN,50117013,Osny,RAIL,472074,Osny,rail,51494,Osny,66977,949
SNCF,129,87381145,8738114,PR/0087-381145-00,951,2,VOIE,TRAIN,50116237,Osny,RAIL,472942,Osny,rail,51494,Osny,66977,952
SNCF,129,87381145,8738114,PR/0087-381145-00,953,OSNY,BUS,BUS,50118403,Osny,BUS,470835,Osny,bus,473342,Gare d'Osny (D92),66977,
SNCF,242,87381152,8738115,PR/0087-381152-00,1828,1,VOIE,TRAIN,50118872,Boissy-l'Aillerie,RAIL,472294,Boissy-l'Aillerie,rail,46801,Boissy-l'Aillerie,67056,1824
SNCF,242,87381152,8738115,PR/0087-381152-00,1823,2,VOIE,TRAIN,50116111,Boissy-l'Aillerie,RAIL,472804,Boissy-l'Aillerie,rail,46801,Boissy-l'Aillerie,67056,1825
SNCF,242,87381152,8738115,PR/0087-381152-00,1827,3,VOIE,TRAIN,50116662,Boissy-l'Aillerie,RAIL,472168,Boissy-l'Aillerie,rail,46801,Boissy-l'Aillerie,67056,1824
SNCF,242,87381152,8738115,PR/0087-381152-00,1826,BOISSY L'AILLERIE,BUS,BUS,50117821,Boissy-l'Aillerie,BUS,29749,Victor Hugo,bus,45024,Victor Hugo,67056,
SNCF,242,87381152,8738115,PR/0087-381152-00,4968,BOISSY L'AILLERIE,BUS,BUS,50117537,Boissy-l'Aillerie,BUS,29759,Victor Hugo,bus,45024,Victor Hugo,67056,
SNCF,235,87381160,8738116,PR/0087-381160-00,1794,1,VOIE,TRAIN,50118606,Montgeroult - Courcelles,RAIL,470614,Montgeroult - Courcelles,rail,44161,Montgeroult - Courcelles,67076,1793
SNCF,235,87381160,8738116,PR/0087-381160-00,1792,2,VOIE,TRAIN,50117840,Montgeroult - Courcelles,RAIL,471475,Montgeroult - Courcelles,rail,44161,Montgeroult - Courcelles,67076,1796
SNCF,235,87381160,8738116,PR/0087-381160-00,1795,MONTGEROULT COURCELLES,BUS,BUS,50117804,Montgeroult - Courcelles,BUS,471528,Montgeroult - Courcelles,bus,473391,Montgeroult - Courcelles,67076,
SNCF,3,87381178,8738117,PR/0087-381178-00,15,1,VOIE,TRAIN,50118246,Us,RAIL,471090,Us,rail,47922,Us,67131,12
SNCF,3,87381178,8738117,PR/0087-381178-00,14,2,VOIE,TRAIN,50118466,Us,RAIL,470764,Us,rail,47922,Us,67131,16
SNCF,3,87381178,8738117,PR/0087-381178-00,13,US,BUS,BUS,50116163,Us,BUS,472750,Us,bus,472751,Us,67131,
SNCF,344,87381186,8738118,PR/0087-381186-00,2454,1,VOIE,TRAIN,50118665,Santeuil - Le Perchay,RAIL,472637,Santeuil - Le Perchay,rail,47949,Santeuil - Le Perchay,67196,2456
SNCF,344,87381186,8738118,PR/0087-381186-00,2455,2,VOIE,TRAIN,50117698,Santeuil - Le Perchay,RAIL,471631,Santeuil - Le Perchay,rail,47949,Santeuil - Le Perchay,67196,2457
SNCF,344,87381186,8738118,PR/0087-381186-00,2458,SANTEUIL LE PERCHAY,BUS,BUS,50118701,Santeuil - Le Perchay,BUS,472703,Santeuil - Le Perchay,bus,472704,Santeuil - Le Perchay,67196,
SNCF,18,87381194,8738119,PR/0087-381194-BV,137,1,VOIE,TRAIN,50117979,Chars,RAIL,471358,Chars,rail,47930,Chars,67352,138
SNCF,18,87381194,8738119,PR/0087-381194-BV,139,2,VOIE,TRAIN,50116425,Chars,RAIL,472293,Chars,rail,47930,Chars,67352,141
SNCF,18,87381194,8738119,PR/0087-381194-BV,140,CHARS,BUS,BUS,50118512,Chars,BUS,470818,Chars,bus,473173,Gare de Chars,67352,
SNCF,431,87381202,8738120,PR/0087-381202-00,2939,1,VOIE,TRAIN,50117212,Lavilletertre,RAIL,471969,Lavilletertre,rail,411348,Lavilletertre,411349,2936
SNCF,431,87381202,8738120,PR/0087-381202-00,2938,2,VOIE,TRAIN,50118931,Lavilletertre,RAIL,472921,Lavilletertre,rail,411348,Lavilletertre,411349,2935
SNCF,431,87381202,8738120,PR/0087-381202-00,2937,La Villetertre,BUS,BUS,50118880,Lavilletertre,BUS,472334,Lavilletertre,bus,472335,Gare de Lavilletertre,411349,
SNCF,425,87381210,8738121,PR/0087-381210-00,2908,1,VOIE,TRAIN,50118315,Liancourt-Saint-Pierre,RAIL,471023,Liancourt-Saint-Pierre,rail,411342,Liancourt-Saint-Pierre,411343,2905
SNCF,425,87381210,8738121,PR/0087-381210-00,2909,2,VOIE,TRAIN,50118625,Liancourt-Saint-Pierre,RAIL,470645,Liancourt-Saint-Pierre,rail,411342,Liancourt-Saint-Pierre,411343,2906
SNCF,425,87381210,8738121,PR/0087-381210-00,2907,Liancourt Saint-Pierre,BUS,BUS,50117681,Liancourt-Saint-Pierre,BUS,471648,Liancourt-Saint-Pierre,bus,473519,Liancourt-Saint-Pierre,411343,
SNCF,409,87381228,8738122,PR/0087-381228-BV,2860,1,VOIE,TRAIN,50118260,Chaumont-en-Vexin,RAIL,471071,Chaumont-en-Vexin,rail,411345,Chaumont-en-Vexin,411346,2862
SNCF,409,87381228,8738122,PR/0087-381228-BV,2861,2,VOIE,TRAIN,50118180,Chaumont-en-Vexin,RAIL,471166,Chaumont-en-Vexin,rail,411345,Chaumont-en-Vexin,411346,2863
SNCF,409,87381228,8738122,PR/0087-381228-BV,2864,Chaumont en Vexin,BUS,BUS,50118156,Chaumont-en-Vexin,BUS,471120,Chaumont-en-Vexin,bus,473191,Gare de Chaumont-en-Vexin,411346,
SNCF,429,87381236,8738123,PR/0087-381236-00,2924,1,VOIE,TRAIN,50117227,Trie-Château,RAIL,472020,Trie-Château,rail,411338,Trie-Château,411339,2926
SNCF,429,87381236,8738123,PR/0087-381236-00,2925,2,VOIE,TRAIN,50118642,Trie-Château,RAIL,470665,Trie-Château,rail,411338,Trie-Château,411339,2927
SNCF,429,87381236,8738123,PR/0087-381236-00,2928,Trie Château,BUS,BUS,50118859,Trie-Château,BUS,472257,Trie-Château,bus,473591,Gare de Trie-Château,411339,
SNCF,454,87381244,8738124,PR/0087-381244-00,3003,1,VOIE,TRAIN,50117146,Gisors,RAIL,471908,Gisors,rail,59301,Gisors,74348,3006
SNCF,454,87381244,8738124,PR/0087-381244-00,3010,1,VOIE,TRAIN,50118550,Gisors,RAIL,470698,Gisors,rail,59301,Gisors,74348,3007
SNCF,454,87381244,8738124,PR/0087-381244-00,3008,2,VOIE,TRAIN,50118212,Gisors,RAIL,471054,Gisors,rail,59301,Gisors,74348,3005
SNCF,454,87381244,8738124,PR/0087-381244-00,3004,3,VOIE,TRAIN,50116668,Gisors,RAIL,472177,Gisors,rail,59301,Gisors,74348,3007
SNCF,454,87381244,8738124,PR/0087-381244-00,3009,4,VOIE,TRAIN,50116399,Gisors,RAIL,472480,Gisors,rail,59301,Gisors,74348,3005
SNCF,454,87381244,8738124,PR/0087-381244-00,3002,Gisors,BUS,BUS,50117837,Gisors,BUS,471499,Gisors,bus,473336,Gare de Gisors,74348,
SNCF,167,87381418,8738141,PR/0087-381418-BV,1232,1,VOIE,TRAIN,50117621,Éragny - Neuville,RAIL,471810,Éragny - Neuville,rail,43079,Éragny - Neuville,66484,1229
SNCF,167,87381418,8738141,PR/0087-381418-BV,1231,2,VOIE,TRAIN,50116356,Éragny - Neuville,RAIL,472435,Éragny - Neuville,rail,43079,Éragny - Neuville,66484,1230
SNCF,167,87381418,8738141,PR/0087-381418-BV,1233,ERAGNY NEUVILLE,BUS,BUS,50117774,Éragny - Neuville,BUS,471562,Éragny - Neuville,bus,473371,Gare d'Éragny,66484,
SNCF,91,87381426,8738142,PR/0087-381426-00,687,1,VOIE,TRAIN,50118288,Saint-Ouen-l'Aumône Quartier de l'Église,RAIL,470962,Saint-Ouen-l'Aumône Quartier de l'Église,rail,47955,Saint-Ouen-l'Aumône Quartier de l'Église,66731,690
SNCF,91,87381426,8738142,PR/0087-381426-00,688,2,VOIE,TRAIN,50117594,Saint-Ouen-l'Aumône Quartier de l'Église,RAIL,471776,Saint-Ouen-l'Aumône Quartier de l'Église,rail,47955,Saint-Ouen-l'Aumône Quartier de l'Église,66731,689
SNCF,91,87381426,8738142,PR/0087-381426-00,686,SAINT-OUEN L'AUMONE QUARTIER DE L'EGLISE,BUS,BUS,50116380,Saint-Ouen-l'Aumône Quartier de l'Église,BUS,472388,Saint-Ouen-l'Aumône Quartier de l'Église,bus,51384,Verdun,66731,
SNCF,273,87381459,8738145,PR/0087-381459-BV,2018,1,VOIE,TRAIN,50117781,Conflans Fin d'Oise,RAIL,471534,Conflans Fin d'Oise,rail,43114,Conflans Fin d'Oise,73605,2016
SNCF,273,87381459,8738145,PR/0087-381459-BV,2017,2,VOIE,TRAIN,50117555,Conflans Fin d'Oise,RAIL,471751,Conflans Fin d'Oise,rail,43114,Conflans Fin d'Oise,73605,2016
SNCF,273,87381459,8738145,PR/0087-381459-BV,4907,A,VOIE,TRAIN,50116396,Conflans Fin d'Oise,RAIL,472478,Conflans Fin d'Oise,rail,43114,Conflans Fin d'Oise,73605,4906
SNCF,273,87381459,8738145,PR/0087-381459-BV,4909,B,VOIE,TRAIN,50117897,Conflans Fin d'Oise,RAIL,471418,Conflans Fin d'Oise,rail,43114,Conflans Fin d'Oise,73605,4908
SNCF,273,87381459,8738145,PR/0087-381459-BV,2019,Conflans Fin d'Oise,BUS,BUS,50118377,Conflans Fin d'Oise,BUS,18758,Gare de Conflans Fin d'Oise,bus,473262,Gare de Conflans Fin d'Oise,73605,
SNCF,273,87381459,8738145,PR/0087-381459-BV,2020,Conflans Fin d'Oise,BUS,BUS,50116389,Conflans Fin d'Oise,BUS,472488,Conflans Fin d'Oise,bus,473262,Gare de Conflans Fin d'Oise,73605,
SNCF,146,87381475,8738147,PR/0087-381475-00,1092,1,VOIE,TRAIN,50117069,Chanteloup-les-Vignes,RAIL,472114,Chanteloup-les-Vignes,rail,47929,Chanteloup-les-Vignes,65443,1090
SNCF,146,87381475,8738147,PR/0087-381475-00,1091,2,VOIE,TRAIN,50118781,Chanteloup-les-Vignes,RAIL,472603,Chanteloup-les-Vignes,rail,47929,Chanteloup-les-Vignes,65443,1089
SNCF,146,87381475,8738147,PR/0087-381475-00,1086,Chanteloup les Vignes,BUS,BUS,50118107,Chanteloup-les-Vignes,BUS,471225,Gare de Chanteloup-les-Vignes,bus,473172,Gare de Chanteloup-les-Vignes,65443,
SNCF,146,87381475,8738147,PR/0087-381475-00,1087,Chanteloup les Vignes,BUS,BUS,50117882,Chanteloup-les-Vignes,BUS,471453,Chanteloup-les-Vignes,bus,473172,Gare de Chanteloup-les-Vignes,65443,
SNCF,146,87381475,8738147,PR/0087-381475-00,1088,Chanteloup les Vignes,BUS,BUS,50116408,Chanteloup-les-Vignes,BUS,420877,Gare de Chanteloup les Vignes,bus,473172,Gare de Chanteloup-les-Vignes,65443,
SNCF,261,87381483,8738148,PR/0087-381483-00,1938,1,VOIE,TRAIN,50116397,Maurecourt,RAIL,472476,Maurecourt,rail,43160,Maurecourt,65827,1942
SNCF,261,87381483,8738148,PR/0087-381483-00,1944,2,VOIE,TRAIN,50117741,Maurecourt,RAIL,471595,Maurecourt,rail,43160,Maurecourt,65827,1943
SNCF,261,87381483,8738148,PR/0087-381483-00,1939,MAURECOURT,BUS,BUS,50117701,Maurecourt,BUS,13514,Foch Pasteur / Maurecourt,bus,43000,Foch,65804,
SNCF,261,87381483,8738148,PR/0087-381483-00,1940,MAURECOURT,BUS,BUS,50117028,Maurecourt,BUS,472029,Gare de Maurecourt,bus,473351,Gare de Maurecourt,65827,
SNCF,261,87381483,8738148,PR/0087-381483-00,1941,MAURECOURT,BUS,BUS,50116284,Maurecourt,BUS,13511,Gare de Maurecourt,bus,473351,Gare de Maurecourt,65827,
SNCF,216,87381491,8738149,PR/0087-381491-00,1666,1,VOIE,TRAIN,50116972,Andrésy,RAIL,472150,Andrésy,rail,47916,Andrésy,65542,1667
SNCF,216,87381491,8738149,PR/0087-381491-00,1665,2,VOIE,TRAIN,50118211,Andrésy,RAIL,471059,Andrésy,rail,47916,Andrésy,65542,1668
SNCF,216,87381491,8738149,PR/0087-381491-00,1662,ANDRESY,BUS,BUS,50118871,Andrésy,BUS,472298,Andrésy,bus,473031,Gare d'Andrésy,65542,
SNCF,216,87381491,8738149,PR/0087-381491-00,1663,Andrésy,BUS,BUS,50116195,Andrésy,BUS,472781,Andrésy,bus,419206,Gare d'Andrésy (Av. des Coutayes),65542,
SNCF,216,87381491,8738149,PR/0087-381491-00,1664,Andrésy,BUS,BUS,50117901,Andrésy,BUS,471414,Andrésy,bus,419206,Gare d'Andrésy (Av. des Coutayes),65542,
SNCF,176,87381509,8738150,PR/0087-381509-BV,1280,A,VOIE,TRAIN,50116108,Mantes-la-Jolie,RAIL,472803,Mantes-la-Jolie,rail,43157,Mantes-la-Jolie,65931,1283
SNCF,176,87381509,8738150,PR/0087-381509-BV,1279,B,VOIE,TRAIN,50117130,Mantes-la-Jolie,RAIL,471925,Mantes-la-Jolie,rail,43157,Mantes-la-Jolie,65931,1283
SNCF,176,87381509,8738150,PR/0087-381509-BV,1286,C,VOIE,TRAIN,50116610,Mantes-la-Jolie,RAIL,472217,Mantes-la-Jolie,rail,43157,Mantes-la-Jolie,65931,1290
SNCF,176,87381509,8738150,PR/0087-381509-BV,1282,D,VOIE,TRAIN,50118131,Mantes-la-Jolie,RAIL,471185,Mantes-la-Jolie,rail,43157,Mantes-la-Jolie,65931,1290
SNCF,176,87381509,8738150,PR/0087-381509-BV,1289,E,VOIE,TRAIN,50118469,Mantes-la-Jolie,RAIL,470761,Mantes-la-Jolie,rail,43157,Mantes-la-Jolie,65931,1281
SNCF,176,87381509,8738150,PR/0087-381509-BV,1287,F,VOIE,TRAIN,50116503,Mantes-la-Jolie,RAIL,472625,Mantes-la-Jolie,rail,43157,Mantes-la-Jolie,65931,1281
SNCF,176,87381509,8738150,PR/0087-381509-BV,1285,G,VOIE,TRAIN,50118421,Mantes-la-Jolie,RAIL,470860,Mantes-la-Jolie,rail,43157,Mantes-la-Jolie,65931,1278
SNCF,176,87381509,8738150,PR/0087-381509-BV,5029,Gare de Mantes-la-Jolie,BUS,BUS,50117201,Mantes-la-Jolie,BUS,19962,Gare de Mantes-la-Jolie - Quai 8,bus,473080,Gare Routière Mantes-la-Jolie (Quai 8-13),65931,
SNCF,176,87381509,8738150,PR/0087-381509-BV,1277,H,VOIE,TRAIN,50117166,Mantes-la-Jolie,RAIL,471958,Mantes-la-Jolie,rail,43157,Mantes-la-Jolie,65931,1278
SNCF,176,87381509,8738150,PR/0087-381509-BV,1284,MANTES LA JOLIE,BUS,BUS,50116203,Mantes-la-Jolie,BUS,411229,Mantes la Jolie,bus,43244,Gare Routière Mantes-la-Ville (Quai 21-31),65931,
SNCF,290,87381558,8738155,PR/0087-381558-00,2133,1,VOIE,TRAIN,50117578,Juziers,RAIL,471760,Juziers,rail,43137,Juziers,65988,2137
SNCF,290,87381558,8738155,PR/0087-381558-00,2134,2,VOIE,TRAIN,50117233,Juziers,RAIL,472000,Juziers,rail,43137,Juziers,65988,2132
SNCF,290,87381558,8738155,PR/0087-381558-00,2135,JUZIERS,BUS,BUS,50117734,Juziers,BUS,472081,Juziers,bus,473409,Gare de Juziers,65988,
SNCF,290,87381558,8738155,PR/0087-381558-00,2136,JUZIERS,BUS,BUS,50117101,Juziers,BUS,472081,Juziers,bus,473409,Gare de Juziers,65988,
SNCF,290,87381558,8738155,PR/0087-381558-00,2138,JUZIERS,BUS,BUS,50117470,Juziers,BUS,477147,Juziers,bus,473409,Gare de Juziers,65988,
SNCF,290,87381558,8738155,PR/0087-381558-00,6034,JUZIERS,BUS,BUS,50117312,Juziers,BUS,477147,Juziers,bus,473409,Gare de Juziers,65988,
SNCF,395,87381566,8738156,PR/0087-381566-00,2793,1,VOIE,TRAIN,50118910,Gargenville,RAIL,472345,Gargenville,rail,43129,Gargenville,65732,2788
SNCF,395,87381566,8738156,PR/0087-381566-00,2787,2,VOIE,TRAIN,50118230,Gargenville,RAIL,471040,Gargenville,rail,43129,Gargenville,65732,2789
SNCF,395,87381566,8738156,PR/0087-381566-00,2790,GARGENVILLE,BUS,BUS,50116305,Gargenville,BUS,472876,Gargenville,bus,473302,Gare de Gargenville (r. Gabriel Peri),65732,
SNCF,33,87381574,8738157,PR/0087-381574-00,227,1,VOIE,TRAIN,50025229,Issou - Porcheville,RAIL,473015,Issou - Porcheville,rail,46975,Issou - Porcheville,65668,228
SNCF,33,87381574,8738157,PR/0087-381574-00,225,2,VOIE,TRAIN,50118037,Issou - Porcheville,RAIL,471290,Issou - Porcheville,rail,46975,Issou - Porcheville,65668,229
SNCF,33,87381574,8738157,PR/0087-381574-00,226,Issou - Porcheville,BUS,BUS,50117582,Issou - Porcheville,BUS,471756,Gare d'Issou,bus,473384,Gare d'Issou,65668,
SNCF,33,87381574,8738157,PR/0087-381574-00,230,Issou - Porcheville,BUS,BUS,50117716,Issou - Porcheville,BUS,471616,Gare d'Issou,bus,473384,Gare d'Issou,65668,
SNCF,33,87381574,8738157,PR/0087-381574-00,231,ISSOU PORCHEVILLE,BUS,BUS,50116471,Issou - Porcheville,BUS,472329,Issou - Porcheville,bus,473384,Gare d'Issou,65668,
SNCF,60,87381582,8738158,PR/0087-381582-BV,384,1,VOIE,TRAIN,50117133,Limay,RAIL,471926,Limay,rail,43151,Limay,65788,383
SNCF,60,87381582,8738158,PR/0087-381582-BV,379,2,VOIE,TRAIN,50116670,Limay,RAIL,472175,Limay,rail,43151,Limay,65788,382
SNCF,60,87381582,8738158,PR/0087-381582-BV,3756,LIMAY,BUS,BUS,50118608,Limay,BUS,18429,Place Robespierre,bus,46963,Place Robespierre,420960,
SNCF,60,87381582,8738158,PR/0087-381582-BV,378,LIMAY,BUS,BUS,50118400,Limay,BUS,13854,Gare de Limay,bus,473500,Gare de Limay,65788,
SNCF,60,87381582,8738158,PR/0087-381582-BV,380,LIMAY,BUS,BUS,50117121,Limay,BUS,18430,Place Robespierre,bus,46963,Place Robespierre,420960,
SNCF,60,87381582,8738158,PR/0087-381582-BV,381,LIMAY,BUS,BUS,50118632,Limay,BUS,13855,Gare de Limay,bus,473500,Gare de Limay,65788,
SNCF,88,87381590,8738159,PR/0087-381590-00,669,A,VOIE,TRAIN,50118356,Mantes Station,RAIL,470892,Mantes Station,rail,46965,Mantes Station,65770,667
SNCF,88,87381590,8738159,PR/0087-381590-00,668,B,VOIE,TRAIN,50116126,Mantes Station,RAIL,472300,Mantes Station,rail,46965,Mantes Station,65770,664
SNCF,88,87381590,8738159,PR/0087-381590-00,662,C,VOIE,TRAIN,50118868,Mantes Station,RAIL,472300,Mantes Station,rail,46965,Mantes Station,65770,6053
SNCF,88,87381590,8738159,PR/0087-381590-00,4972,CALMETTE MANTES STATION,BUS,BUS,50116199,Mantes Station,BUS,472776,Mantes Station,bus,44381,Gare de Mantes-Station / Calmette,65770,
SNCF,88,87381590,8738159,PR/0087-381590-00,659,CALMETTE MANTES STATION,BUS,BUS,50117055,Mantes Station,BUS,472035,Mantes Station,bus,44381,Gare de Mantes-Station / Calmette,65770,
SNCF,88,87381590,8738159,PR/0087-381590-00,663,D,VOIE,TRAIN,50118484,Mantes Station,RAIL,470779,Mantes Station,rail,46965,Mantes Station,65770,661
SNCF,88,87381590,8738159,PR/0087-381590-00,660,E,VOIE,TRAIN,50118560,Mantes Station,RAIL,470711,Mantes Station,rail,46965,Mantes Station,65770,6054
SNCF,88,87381590,8738159,PR/0087-381590-00,5027,Mantes Station,BUS,BUS,50116486,Mantes Station,BUS,13656,Calmette / Gare de Mantes Station,bus,44381,Gare de Mantes-Station / Calmette,65770,
SNCF,88,87381590,8738159,PR/0087-381590-00,5028,Mantes Station,BUS,BUS,50116567,Mantes Station,BUS,472035,Mantes Station,bus,44381,Gare de Mantes-Station / Calmette,65770,
SNCF,29,87381624,8738162,PR/0087-381624-BV,203,1,VOIE,TRAIN,50118119,Bréval,RAIL,471174,Bréval,rail,43100,Bréval,65051,201
SNCF,29,87381624,8738162,PR/0087-381624-BV,204,2,VOIE,TRAIN,50118214,Bréval,RAIL,471056,Bréval,rail,43100,Bréval,65051,202
SNCF,96,87381657,8738165,PR/0087-381657-BV,727,1,VOIE,TRAIN,50025234,Achères Ville,RAIL,473017,Achères Ville,rail,46647,Achères Ville,73604,724
SNCF,96,87381657,8738165,PR/0087-381657-BV,726,2,VOIE,TRAIN,50118335,Achères Ville,RAIL,471010,Achères Ville,rail,46647,Achères Ville,73604,723
SNCF,96,87381657,8738165,PR/0087-381657-BV,722,ACHERES VILLE,BUS,BUS,50117049,Achères Ville,BUS,473025,Achères Ville,bus,470535,Gare d'Achères Ville,73604,
SNCF,278,87381715,8738171,PR/0087-381715-00,2056,1,VOIE,TRAIN,50118270,Mareil-sur-Mauldre,RAIL,471061,Mareil-sur-Mauldre,rail,46884,Mareil-sur-Mauldre,64572,2053
SNCF,278,87381715,8738171,PR/0087-381715-00,2055,2,VOIE,TRAIN,50118591,Mareil-sur-Mauldre,RAIL,470748,Mareil-sur-Mauldre,rail,46884,Mareil-sur-Mauldre,64572,2052
SNCF,278,87381715,8738171,PR/0087-381715-00,2054,MAREIL SUR MAULDRE,BUS,BUS,50118428,Mareil-sur-Mauldre,BUS,32640,Maurice Cayen,bus,44124,Maurice Cayen,415518,
SNCF,278,87381715,8738171,PR/0087-381715-00,6035,MAREIL SUR MAULDRE,BUS,BUS,50117362,Mareil-sur-Mauldre,BUS,32640,Maurice Cayen,bus,44124,Maurice Cayen,415518,
SNCF,222,87381723,8738172,PR/0087-381723-BV,1703,1,VOIE,TRAIN,50117004,Maule,RAIL,472054,Maule,rail,46886,Maule,64674,1705
SNCF,222,87381723,8738172,PR/0087-381723-BV,1708,2,VOIE,TRAIN,50118802,Maule,RAIL,472419,Maule,rail,46886,Maule,64674,1704
SNCF,222,87381723,8738172,PR/0087-381723-BV,1706,MAULE,BUS,BUS,50117703,Maule,BUS,471634,Maule,bus,473349,Maule,64674,
SNCF,222,87381723,8738172,PR/0087-381723-BV,1707,MAULE,BUS,BUS,50025235,Maule,BUS,473016,Maule,bus,473349,Maule,64674,
SNCF,46,87381731,8738173,PR/0087-381731-00,290,1,VOIE,TRAIN,50117727,Nézel - Aulnay,RAIL,471611,Nézel - Aulnay,rail,47944,Nézel - Aulnay,64945,292
SNCF,46,87381731,8738173,PR/0087-381731-00,289,2,VOIE,TRAIN,50118899,Nézel - Aulnay,RAIL,472371,Nézel - Aulnay,rail,47944,Nézel - Aulnay,64945,291
SNCF,46,87381731,8738173,PR/0087-381731-00,288,NEZEL AULNAY,BUS,BUS,50118813,Nézel - Aulnay,BUS,472417,Nézel - Aulnay,bus,473294,Gare de Nézel,64945,
SNCF,46,87381731,8738173,PR/0087-381731-00,293,NEZEL AULNAY,BUS,BUS,50117254,Nézel - Aulnay,BUS,471889,Nézel - Aulnay,bus,473294,Gare de Nézel,64945,
SNCF,269,87381798,8738179,PR/0087-381798-00,1987,1,VOIE,TRAIN,50117900,Val d'Argenteuil,RAIL,471415,Val d'Argenteuil,rail,43212,Val d'Argenteuil,65110,1989
SNCF,269,87381798,8738179,PR/0087-381798-00,1988,2,VOIE,TRAIN,50118655,Val d'Argenteuil,RAIL,470667,Val d'Argenteuil,rail,43212,Val d'Argenteuil,65110,1991
SNCF,269,87381798,8738179,PR/0087-381798-00,1990,VAL D'ARGENTEUIL,BUS,BUS,50116531,Val d'Argenteuil,BUS,472683,Val d'Argenteuil,bus,473593,Gare du Val d'Argenteuil,65110,
SNCF,5,87381806,8738180,PR/0087-381806-00,29,1,VOIE,TRAIN,50118670,Triel-sur-Seine,RAIL,472640,Triel-sur-Seine,rail,46926,Triel-sur-Seine,463843,26
SNCF,5,87381806,8738180,PR/0087-381806-00,28,2,VOIE,TRAIN,50118287,Triel-sur-Seine,RAIL,470997,Triel-sur-Seine,rail,46926,Triel-sur-Seine,463843,24
SNCF,5,87381806,8738180,PR/0087-381806-00,27,TRIEL SUR SEINE,BUS,BUS,50117612,Triel-sur-Seine,BUS,472615,Gare de Triel-sur-Seine,bus,473592,Gare de Triel-sur-Seine,463843,
SNCF,5,87381806,8738180,PR/0087-381806-00,25,Triel-sur-Seine,BUS,BUS,50117109,Triel-sur-Seine,BUS,13447,Gare de Triel sur Seine,bus,473592,Gare de Triel-sur-Seine,463843,
SNCF,5,87381806,8738180,PR/0087-381806-00,30,Triel-sur-Seine,BUS,BUS,50116586,Triel-sur-Seine,BUS,472615,Gare de Triel-sur-Seine,bus,473592,Gare de Triel-sur-Seine,463843,
SNCF,114,87381814,8738181,PR/0087-381814-00,871,1,VOIE,TRAIN,50116279,Vaux-sur-Seine,RAIL,472999,Vaux-sur-Seine,rail,43217,Vaux-sur-Seine,66338,866
SNCF,114,87381814,8738181,PR/0087-381814-00,872,2,VOIE,TRAIN,50118609,Vaux-sur-Seine,RAIL,470629,Vaux-sur-Seine,rail,43217,Vaux-sur-Seine,66338,869
SNCF,114,87381814,8738181,PR/0087-381814-00,867,VAUX SUR SEINE,BUS,BUS,50118349,Vaux-sur-Seine,BUS,470916,Vaux-sur-Seine,bus,423614,Champeaux,423615,
SNCF,114,87381814,8738181,PR/0087-381814-00,868,Vaux-sur-Seine,BUS,BUS,50118263,Vaux-sur-Seine,BUS,426867,Gare de Vaux sur Seine,bus,473602,Gare de Vaux-sur-Seine,66338,
SNCF,80,87381822,8738182,PR/0087-381822-00,617,1,VOIE,TRAIN,50117928,Thun le Paradis,RAIL,471382,Thun le Paradis,rail,46902,Thun le Paradis,66334,611
SNCF,80,87381822,8738182,PR/0087-381822-00,615,2,VOIE,TRAIN,50118592,Thun le Paradis,RAIL,470612,Thun le Paradis,rail,46902,Thun le Paradis,66334,614
SNCF,80,87381822,8738182,PR/0087-381822-00,612,THUN LE PARADIS,BUS,BUS,50117932,Thun le Paradis,BUS,471376,Thun le Paradis,bus,416772,Boulevard Thiers,66334,
SNCF,80,87381822,8738182,PR/0087-381822-00,613,THUN LE PARADIS,BUS,BUS,50117563,Thun le Paradis,BUS,13881,Boulevard Thiers / Thun le Paradis,bus,416772,Boulevard Thiers,66334,
SNCF,80,87381822,8738182,PR/0087-381822-00,616,THUN LE PARADIS,BUS,BUS,50118767,Thun le Paradis,BUS,13575,Boulevard Thiers / Thun le Paradis,bus,416772,Boulevard Thiers,66334,
SNCF,81,87381830,8738183,PR/0087-381830-BV,620,A,VOIE,TRAIN,50118904,Meulan - Hardricourt,RAIL,472350,Meulan - Hardricourt,rail,46897,Meulan - Hardricourt,66321,624
SNCF,81,87381830,8738183,PR/0087-381830-BV,619,B,VOIE,TRAIN,50117710,Meulan - Hardricourt,RAIL,471626,Meulan - Hardricourt,rail,46897,Meulan - Hardricourt,66321,621
SNCF,81,87381830,8738183,PR/0087-381830-BV,618,Meulan - Hardricourt,BUS,BUS,50116311,Meulan - Hardricourt,BUS,18548,Cacao Barry / Meulan Hardricourt,bus,42413,Cacao Barry,66321,
SNCF,81,87381830,8738183,PR/0087-381830-BV,622,Meulan - Hardricourt,BUS,BUS,50117695,Meulan - Hardricourt,BUS,13806,Cacao Barry / Meulan Hardricourt,bus,42413,Cacao Barry,66321,
SNCF,81,87381830,8738183,PR/0087-381830-BV,623,MEULAN HARDRICOURT,BUS,BUS,50116403,Meulan - Hardricourt,BUS,13806,Cacao Barry / Meulan Hardricourt,bus,42413,Cacao Barry,66321,
SNCF,272,87381848,8738184,PR/0087-381848-BV,2004,20,VOIE,TRAIN,50116535,Argenteuil,RAIL,472690,Argenteuil,rail,47875,Argenteuil,65063,2011
SNCF,272,87381848,8738184,PR/0087-381848-BV,2008,21,VOIE,TRAIN,50116295,Argenteuil,RAIL,472859,Argenteuil,rail,47875,Argenteuil,65063,2014
SNCF,272,87381848,8738184,PR/0087-381848-BV,2005,22,VOIE,TRAIN,50116523,Argenteuil,RAIL,472730,Argenteuil,rail,47875,Argenteuil,65063,6149
SNCF,272,87381848,8738184,PR/0087-381848-BV,2007,23,VOIE,TRAIN,50116139,Argenteuil,RAIL,472826,Argenteuil,rail,47875,Argenteuil,65063,2012
SNCF,272,87381848,8738184,PR/0087-381848-BV,2013,24,VOIE,TRAIN,50118061,Argenteuil,RAIL,471242,Argenteuil,rail,47875,Argenteuil,65063,2010
SNCF,272,87381848,8738184,PR/0087-381848-BV,2006,25,VOIE,TRAIN,50118239,Argenteuil,RAIL,471033,Argenteuil,rail,47875,Argenteuil,65063,2009
SNCF,272,87381848,8738184,PR/0087-381848-BV,2015,ARGENTEUIL,BUS,BUS,50116642,Argenteuil,BUS,27031,Gare d'Argenteuil,bus,473037,Gare d'Argenteuil (Gare routière),65063,
SNCF,95,87381863,8738186,PR/0087-381863-00,716,1,VOIE,TRAIN,50116962,Cormeilles-en-Parisis,RAIL,472141,Cormeilles-en-Parisis,rail,43116,Cormeilles-en-Parisis,65399,719
SNCF,95,87381863,8738186,PR/0087-381863-00,720,2,VOIE,TRAIN,50118072,Cormeilles-en-Parisis,RAIL,471261,Cormeilles-en-Parisis,rail,43116,Cormeilles-en-Parisis,65399,718
SNCF,95,87381863,8738186,PR/0087-381863-00,717,C,VOIE,TRAIN,50116140,Cormeilles-en-Parisis,RAIL,472832,Cormeilles-en-Parisis,rail,43116,Cormeilles-en-Parisis,65399,6046
SNCF,95,87381863,8738186,PR/0087-381863-00,721,CORMEILLES EN PARISIS,BUS,BUS,50118091,Cormeilles-en-Parisis,BUS,5115,Gare de Cormeilles - Place Semard,bus,473266,Gare de Cormeilles-en-Parisis - Place Semard,65399,
SNCF,145,87381871,8738187,PR/0087-381871-00,1083,1,VOIE,TRAIN,50116317,La Frette - Montigny,RAIL,472880,La Frette - Montigny,rail,43143,La Frette - Montigny,65659,1081
SNCF,145,87381871,8738187,PR/0087-381871-00,1085,2,VOIE,TRAIN,50025238,La Frette - Montigny,RAIL,473021,La Frette - Montigny,rail,43143,La Frette - Montigny,65659,1082
SNCF,145,87381871,8738187,PR/0087-381871-00,1084,LA FRETTE MONTIGNY,BUS,BUS,50117772,La Frette - Montigny,BUS,471560,La Frette - Montigny,bus,473421,Gare de La Frette - Montigny,65659,
SNCF,314,87381889,8738188,PR/0087-381889-00,2298,1,VOIE,TRAIN,50118274,Herblay,RAIL,470983,Herblay,rail,47603,Herblay,65897,2297
SNCF,314,87381889,8738188,PR/0087-381889-00,2296,2,VOIE,TRAIN,50117031,Herblay,RAIL,472032,Herblay,rail,47603,Herblay,65897,2295
SNCF,314,87381889,8738188,PR/0087-381889-00,2299,HERBLAY,BUS,BUS,50118647,Herblay,BUS,470659,Herblay,bus,473365,Gare de Herblay,65897,
SNCF,71,87381897,8738189,PR/0087-381897-BV,513,A,VOIE,TRAIN,50118376,Conflans-Sainte-Honorine,RAIL,470959,Conflans-Sainte-Honorine,rail,47447,Conflans-Sainte-Honorine,66095,516
SNCF,71,87381897,8738189,PR/0087-381897-BV,512,B,VOIE,TRAIN,50116239,Conflans-Sainte-Honorine,RAIL,472947,Conflans-Sainte-Honorine,rail,47447,Conflans-Sainte-Honorine,66095,515
SNCF,71,87381897,8738189,PR/0087-381897-BV,511,C,VOIE,TRAIN,50117731,Conflans-Sainte-Honorine,RAIL,471597,Conflans-Sainte-Honorine,rail,47447,Conflans-Sainte-Honorine,66095,515
SNCF,71,87381897,8738189,PR/0087-381897-BV,508,CONFLANS SAINTE-HONORINE,BUS,BUS,50118549,Conflans-Sainte-Honorine,BUS,34790,Place Coutisson,bus,473265,Place Coutisson,66095,
SNCF,71,87381897,8738189,PR/0087-381897-BV,517,Conflans St-Honorine,BUS,BUS,50116390,Conflans-Sainte-Honorine,BUS,472498,Conflans-Sainte-Honorine,bus,473263,Gare de Conflans-Sainte-Honorine (pl. Romagné),66095,
SNCF,71,87381897,8738189,PR/0087-381897-BV,509,D,VOIE,TRAIN,50117860,Conflans-Sainte-Honorine,RAIL,471464,Conflans-Sainte-Honorine,rail,47447,Conflans-Sainte-Honorine,66095,514
SNCF,71,87381897,8738189,PR/0087-381897-BV,510,E,VOIE,TRAIN,50116299,Conflans-Sainte-Honorine,RAIL,472871,Conflans-Sainte-Honorine,rail,47447,Conflans-Sainte-Honorine,66095,514
SNCF,351,87381905,8738190,PR/0087-381905-00,2503,1,VOIE,TRAIN,50118934,Cergy Préfecture,RAIL,472932,Cergy Préfecture,rail,44559,Cergy Préfecture,66696,2506
SNCF,351,87381905,8738190,PR/0087-381905-00,2502,2,VOIE,TRAIN,50116409,Cergy Préfecture,RAIL,472439,Cergy Préfecture,rail,44559,Cergy Préfecture,66696,2506
SNCF,351,87381905,8738190,PR/0087-381905-00,2507,CERGY PREFECTURE,BUS,BUS,50117074,Cergy Préfecture,BUS,5601,Gare de Cergy Préfecture (C),bus,473082,Gare de Cergy Préfecture (A - F),66696,
SNCF,155,87382002,8738200,PR/0087-382002-BV,1147,A,VOIE,TRAIN,50117580,Bécon les Bruyères,RAIL,471758,Bécon les Bruyères,rail,47923,Bécon les Bruyères,72124,1136
SNCF,155,87382002,8738200,PR/0087-382002-BV,1144,B,VOIE,TRAIN,50118272,Bécon les Bruyères,RAIL,470981,Bécon les Bruyères,rail,47923,Bécon les Bruyères,72124,1138
SNCF,155,87382002,8738200,PR/0087-382002-BV,5088,BECON LES BRUYERES,BUS,BUS,50117063,Bécon les Bruyères,BUS,27275,Balzac,bus,50759,Balzac,474399,
SNCF,155,87382002,8738200,PR/0087-382002-BV,5089,BECON LES BRUYERES,BUS,BUS,50117947,Bécon les Bruyères,BUS,37450,Balzac,bus,50759,Balzac,474399,
SNCF,155,87382002,8738200,PR/0087-382002-BV,1135,C,VOIE,TRAIN,50117104,Bécon les Bruyères,RAIL,472101,Bécon les Bruyères,rail,47923,Bécon les Bruyères,72124,1137
SNCF,155,87382002,8738200,PR/0087-382002-BV,1140,C2,VOIE,TRAIN,50116680,Bécon les Bruyères,RAIL,472238,Bécon les Bruyères,rail,47923,Bécon les Bruyères,72124,1142
SNCF,155,87382002,8738200,PR/0087-382002-BV,1143,C2,VOIE,TRAIN,50117534,Bécon les Bruyères,RAIL,471714,Bécon les Bruyères,rail,47923,Bécon les Bruyères,72124,1137
SNCF,155,87382002,8738200,PR/0087-382002-BV,1141,C3,VOIE,TRAIN,50117773,Bécon les Bruyères,RAIL,471561,Bécon les Bruyères,rail,47923,Bécon les Bruyères,72124,1136
SNCF,155,87382002,8738200,PR/0087-382002-BV,1145,C3,VOIE,TRAIN,50116578,Bécon les Bruyères,RAIL,472599,Bécon les Bruyères,rail,47923,Bécon les Bruyères,72124,1138
SNCF,155,87382002,8738200,PR/0087-382002-BV,1139,D,VOIE,TRAIN,50117616,Bécon les Bruyères,RAIL,471815,Bécon les Bruyères,rail,47923,Bécon les Bruyères,72124,1142
SNCF,388,87382200,8738220,PR/0087-382200-00,2751,1,VOIE,TRAIN,50118517,Courbevoie,RAIL,470814,Courbevoie,rail,43118,Courbevoie,73614,2750
SNCF,388,87382200,8738220,PR/0087-382200-00,2748,2,VOIE,TRAIN,50116400,Courbevoie,RAIL,472453,Courbevoie,rail,43118,Courbevoie,73614,2747
SNCF,388,87382200,8738220,PR/0087-382200-00,2749,COURBEVOIE,BUS,BUS,50116134,Courbevoie,BUS,24329,Gare de Courbevoie,bus,473248,Gare de Courbevoie,73614,
SNCF,252,87382218,8738221,PR/0087-382218-BV,1885,1,VOIE,TRAIN,50116502,La Défense,RAIL,472137,La Défense,rail,470549,La Défense,71517,1887
SNCF,252,87382218,8738221,PR/0087-382218-BV,1881,2,VOIE,TRAIN,50116430,La Défense,RAIL,472283,La Défense,rail,470549,La Défense,71517,1882
SNCF,252,87382218,8738221,PR/0087-382218-BV,1884,3,VOIE,TRAIN,50117077,La Défense,RAIL,472137,La Défense,rail,470549,La Défense,71517,1887
SNCF,252,87382218,8738221,PR/0087-382218-BV,1886,4,VOIE,TRAIN,50118298,La Défense,RAIL,470974,La Défense,rail,470549,La Défense,71517,1882
SNCF,252,87382218,8738221,PR/0087-382218-BV,1883,LA DEFENSE,BUS,BUS,50117138,La Défense,BUS,471901,La Défense,bus,473415,Gare de La Défense,71517,
SNCF,113,87382259,8738225,PR/0087-382259-BV,861,1,VOIE,TRAIN,50118047,Garches - Marnes-la-Coquette,RAIL,471297,Garches - Marnes-la-Coquette,rail,47770,Garches - Marnes-la-Coquette,70713,863
SNCF,113,87382259,8738225,PR/0087-382259-BV,865,2,VOIE,TRAIN,50117872,Garches - Marnes-la-Coquette,RAIL,471447,Garches - Marnes-la-Coquette,rail,47770,Garches - Marnes-la-Coquette,70713,860
SNCF,113,87382259,8738225,PR/0087-382259-BV,862,3,VOIE,TRAIN,50118378,Garches - Marnes-la-Coquette,RAIL,470956,Garches - Marnes-la-Coquette,rail,47770,Garches - Marnes-la-Coquette,70713,863
SNCF,113,87382259,8738225,PR/0087-382259-BV,4969,GARCHES MARNES LA COQUETTE,BUS,BUS,50116209,Garches - Marnes-la-Coquette,BUS,29262,Gare de Garches - Marnes-La-Coquette,bus,473290,Gare de Garches - Marnes-la-Coquette,70713,
SNCF,113,87382259,8738225,PR/0087-382259-BV,864,GARCHES MARNES LA COQUETTE,BUS,BUS,50118521,Garches - Marnes-la-Coquette,BUS,470810,Garches - Marnes-la-Coquette,bus,473290,Gare de Garches - Marnes-la-Coquette,70713,
SNCF,296,87382267,8738226,PR/0087-382267-00,2178,A,VOIE,TRAIN,50118235,Vaucresson,RAIL,471037,Vaucresson,rail,43216,Vaucresson,70705,2175
SNCF,296,87382267,8738226,PR/0087-382267-00,2177,B,VOIE,TRAIN,50118319,Vaucresson,RAIL,471026,Vaucresson,rail,43216,Vaucresson,70705,2174
SNCF,296,87382267,8738226,PR/0087-382267-00,2176,VAUCRESSON,BUS,BUS,50118473,Vaucresson,BUS,470757,Vaucresson,bus,473601,Gare de Vaucresson,70705,
SNCF,326,87382333,8738233,PR/0087-382333-00,2368,1,VOIE,TRAIN,50117525,Chaville Rive Droite,RAIL,471723,Chaville Rive Droite,rail,43241,Chaville Rive Droite,69503,2365
SNCF,326,87382333,8738233,PR/0087-382333-00,2369,2,VOIE,TRAIN,50117818,Chaville Rive Droite,RAIL,471516,Chaville Rive Droite,rail,43241,Chaville Rive Droite,69503,2366
SNCF,326,87382333,8738233,PR/0087-382333-00,2367,CHAVILLE RIVE DROITE,BUS,BUS,50117056,Chaville Rive Droite,BUS,472117,Chaville Rive Droite,bus,473193,Gare de Chaville Rive Droite,69503,
SNCF,281,87382341,8738234,PR/0087-382341-00,2079,1,VOIE,TRAIN,50117564,Sèvres - Ville-d'Avray,RAIL,471746,Sèvres - Ville-d'Avray,rail,47767,Sèvres - Ville-d'Avray,70686,2076
SNCF,281,87382341,8738234,PR/0087-382341-00,2080,2,VOIE,TRAIN,50118699,Sèvres - Ville-d'Avray,RAIL,472701,Sèvres - Ville-d'Avray,rail,47767,Sèvres - Ville-d'Avray,70686,2077
SNCF,281,87382341,8738234,PR/0087-382341-00,2078,SEVRES VILLE D'AVRAY,BUS,BUS,50118504,Sèvres - Ville-d'Avray,BUS,35989,Gare de Sèvres - Ville d'Avray Rive Droite,bus,473578,Gare de Sèvres - Ville d'Avray,70686,
SNCF,206,87382358,8738235,PR/0087-382358-BV,1588,1,VOIE,TRAIN,50118416,Saint-Cloud,RAIL,470852,Saint-Cloud,rail,43196,Saint-Cloud,73749,1585
SNCF,206,87382358,8738235,PR/0087-382358-BV,1586,2,VOIE,TRAIN,50117915,Saint-Cloud,RAIL,471432,Saint-Cloud,rail,43196,Saint-Cloud,73749,1584
SNCF,206,87382358,8738235,PR/0087-382358-BV,1590,A,VOIE,TRAIN,50117894,Saint-Cloud,RAIL,471421,Saint-Cloud,rail,43196,Saint-Cloud,73749,1585
SNCF,206,87382358,8738235,PR/0087-382358-BV,1587,B,VOIE,TRAIN,50117144,Saint-Cloud,RAIL,471906,Saint-Cloud,rail,43196,Saint-Cloud,73749,1584
SNCF,206,87382358,8738235,PR/0087-382358-BV,1583,SAINT-CLOUD,BUS,BUS,50117692,Saint-Cloud,BUS,24919,Gare de Saint-Cloud,bus,473469,Gare de Saint-Cloud,73749,
SNCF,206,87382358,8738235,PR/0087-382358-BV,1589,SAINT-CLOUD,BUS,BUS,50118041,Saint-Cloud,BUS,24920,Gare de Saint-Cloud,bus,473469,Gare de Saint-Cloud,73749,
SNCF,251,87382366,8738236,PR/0087-382366-00,1877,1,VOIE,TRAIN,50118715,Le Val d'Or,RAIL,472728,Le Val d'Or,rail,422065,Le Val d'Or,422067,1879
SNCF,251,87382366,8738236,PR/0087-382366-00,1878,2,VOIE,TRAIN,50116605,Le Val d'Or,RAIL,472573,Le Val d'Or,rail,422065,Le Val d'Or,422067,1880
SNCF,251,87382366,8738236,PR/0087-382366-00,1875,C,VOIE,TRAIN,50118635,Le Val d'Or,RAIL,470655,Le Val d'Or,rail,422065,Le Val d'Or,422067,1880
SNCF,251,87382366,8738236,PR/0087-382366-00,1876,LE VAL D'OR,BUS,BUS,50118286,Le Val d'Or,BUS,470995,Le Val d'Or,bus,470996,Le Val d'Or,422067,
SNCF,320,87382374,8738237,PR/0087-382374-00,2331,1,VOIE,TRAIN,50116457,Suresnes Mont Valérien,RAIL,472349,Suresnes Mont Valérien,rail,43205,Suresnes Mont Valérien,70829,2329
SNCF,320,87382374,8738237,PR/0087-382374-00,2330,2,VOIE,TRAIN,50118266,Suresnes Mont Valérien,RAIL,471065,Suresnes Mont Valérien,rail,43205,Suresnes Mont Valérien,70829,2334
SNCF,320,87382374,8738237,PR/0087-382374-00,2332,C,VOIE,TRAIN,50118125,Suresnes Mont Valérien,RAIL,471181,Suresnes Mont Valérien,rail,43205,Suresnes Mont Valérien,70829,2329
SNCF,320,87382374,8738237,PR/0087-382374-00,2333,SURESNES MONT VALERIEN,BUS,BUS,50117958,Suresnes Mont Valérien,BUS,25498,Gare du Mont-Valérien,bus,473577,Gare de Suresnes - Mont Valérien,70829,
SNCF,320,87382374,8738237,PR/0087-382374-00,2335,SURESNES MONT VALERIEN,BUS,BUS,50118080,Suresnes Mont Valérien,BUS,25486,Gare du Mont-Valérien,bus,473577,Gare de Suresnes - Mont Valérien,70829,
SNCF,92,87382382,8738238,PR/0087-382382-BV,692,1,VOIE,TRAIN,50118008,PUTEAUX,RAIL,471324,Puteaux,rail,43184,Puteaux,71422,693
SNCF,92,87382382,8738238,PR/0087-382382-BV,695,2,VOIE,TRAIN,50118432,PUTEAUX,RAIL,470869,Puteaux,rail,43184,Puteaux,71422,694
SNCF,92,87382382,8738238,PR/0087-382382-BV,691,PUTEAUX,BUS,BUS,50118544,PUTEAUX,BUS,470696,Puteaux,bus,473480,Gare de Puteaux,71422,
SNCF,119,87382432,8738243,PR/0087-382432-00,897,1,VOIE,TRAIN,50117694,La Celle-Saint-Cloud,RAIL,471635,La Celle-Saint-Cloud,rail,47880,La Celle-Saint-Cloud,64251,898
SNCF,119,87382432,8738243,PR/0087-382432-00,899,2,VOIE,TRAIN,50117171,La Celle-Saint-Cloud,RAIL,471931,La Celle-Saint-Cloud,rail,47880,La Celle-Saint-Cloud,64251,900
SNCF,119,87382432,8738243,PR/0087-382432-00,901,LA CELLE SAINT-CLOUD,BUS,BUS,50116464,La Celle-Saint-Cloud,BUS,472332,La Celle-Saint-Cloud,bus,473410,Gare de La Celle-Saint-Cloud,64251,
SNCF,382,87382440,8738244,PR/0087-382440-00,2717,1,VOIE,TRAIN,50117653,Bougival,RAIL,471671,Bougival,rail,47790,Bougival,64301,2718
SNCF,382,87382440,8738244,PR/0087-382440-00,2720,2,VOIE,TRAIN,50117068,Bougival,RAIL,472113,Bougival,rail,47790,Bougival,64301,2719
SNCF,382,87382440,8738244,PR/0087-382440-00,2716,BOUGIVAL,BUS,BUS,50118395,Bougival,BUS,32170,Gare de Bougival,bus,473150,Gare de Bougival,64301,
SNCF,382,87382440,8738244,PR/0087-382440-00,3757,BOUGIVAL,BUS,BUS,50118276,Bougival,BUS,32171,Gare de Bougival,bus,473150,Gare de Bougival,64301,
SNCF,139,87382457,8738245,PR/0087-382457-00,1018,A,VOIE,TRAIN,50118018,Louveciennes,RAIL,471270,Louveciennes,rail,473506,Louveciennes,64341,1021
SNCF,139,87382457,8738245,PR/0087-382457-00,1019,B,VOIE,TRAIN,50116413,Louveciennes,RAIL,472446,Louveciennes,rail,473506,Louveciennes,64341,1017
SNCF,139,87382457,8738245,PR/0087-382457-00,1020,LOUVECIENNES,BUS,BUS,50118387,Louveciennes,BUS,470929,Louveciennes,bus,473897,Gare de Louveciennes,64341,
SNCF,87,87382465,8738246,PR/0087-382465-BV,654,1,VOIE,TRAIN,50118510,Marly-le-Roi,RAIL,470789,Marly-le-Roi,rail,43248,Marly-le-Roi,64405,653
SNCF,87,87382465,8738246,PR/0087-382465-BV,658,2,VOIE,TRAIN,50117119,Marly-le-Roi,RAIL,472098,Marly-le-Roi,rail,43248,Marly-le-Roi,64405,656
SNCF,87,87382465,8738246,PR/0087-382465-BV,6031,MARLY LE ROI,BUS,BUS,50117345,Marly-le-Roi,BUS,34479,Gare de Marly-Le-Roi - Parvis,bus,473298,Gare de Marly-le-Roi (Place de la Gare),64405,
SNCF,87,87382465,8738246,PR/0087-382465-BV,655,MARLY LE ROI,BUS,BUS,50117084,Marly-le-Roi,BUS,472130,Marly-le-Roi,bus,473298,Gare de Marly-le-Roi (Place de la Gare),64405,
SNCF,87,87382465,8738246,PR/0087-382465-BV,657,T,VOIE,TRAIN,50116520,Marly-le-Roi,RAIL,472725,Marly-le-Roi,rail,43248,Marly-le-Roi,64405,656
SNCF,300,87382473,8738247,PR/0087-382473-00,2211,1,VOIE,TRAIN,50117489,L'Étang-la-Ville,RAIL,471846,L'Étang-la-Ville,rail,47937,L'Étang-la-Ville,73603,2207
SNCF,300,87382473,8738247,PR/0087-382473-00,2206,2,VOIE,TRAIN,50118066,L'Étang-la-Ville,RAIL,471255,L'Étang-la-Ville,rail,47937,L'Étang-la-Ville,73603,2208
SNCF,300,87382473,8738247,PR/0087-382473-00,2209,L'ETANG LA VILLE,BUS,BUS,50118366,L'Étang-la-Ville,BUS,34645,Mairie / L'Etang la Ville,bus,54751,Mairie / L'Etang la Ville,64394,
SNCF,300,87382473,8738247,PR/0087-382473-00,2210,L'ETANG LA VILLE,BUS,BUS,50116681,L'Étang-la-Ville,BUS,34644,Mairie / L'Etang la Ville,bus,54751,Mairie / L'Etang la Ville,64394,
SNCF,286,87382481,8738248,PR/0087-382481-BV,2107,1,VOIE,TRAIN,50116321,Saint-Nom-la-Bretèche Forêt de Marly,RAIL,472894,Saint-Nom-la-Bretèche Forêt de Marly,rail,47954,Saint-Nom-la-Bretèche Forêt de Marly,64382,2104
SNCF,286,87382481,8738248,PR/0087-382481-BV,2105,2,VOIE,TRAIN,50117620,Saint-Nom-la-Bretèche Forêt de Marly,RAIL,471811,Saint-Nom-la-Bretèche Forêt de Marly,rail,47954,Saint-Nom-la-Bretèche Forêt de Marly,64382,2104
SNCF,286,87382481,8738248,PR/0087-382481-BV,2106,SAINT-NOM LA BRETECHE FORET DE MARLY,BUS,BUS,50117823,Saint-Nom-la-Bretèche Forêt de Marly,BUS,471511,Saint-Nom-la-Bretèche Forêt de Marly,bus,473543,Gare de Saint Nom-la-Bretèche,64382,
SNCF,94,87382499,8738249,PR/0087-382499-00,713,1,VOIE,TRAIN,50117504,Cergy Saint-Christophe,RAIL,471703,Cergy Saint-Christophe,rail,47897,Cergy Saint-Christophe,66858,715
SNCF,94,87382499,8738249,PR/0087-382499-00,714,2,VOIE,TRAIN,50118285,Cergy Saint-Christophe,RAIL,470994,Cergy Saint-Christophe,rail,47897,Cergy Saint-Christophe,66858,709
SNCF,94,87382499,8738249,PR/0087-382499-00,710,CERGY SAINT-CHRISTOPHE,BUS,BUS,50117281,Cergy Saint-Christophe,BUS,471894,Cergy Saint-Christophe,bus,473085,Gare de Cergy Saint-Christophe,66858,
SNCF,62,87382655,8738265,PR/0087-382655-00,399,1,VOIE,TRAIN,50118745,Cergy le Haut,RAIL,472554,Cergy le Haut,rail,43104,Cergy le Haut,66834,398
SNCF,62,87382655,8738265,PR/0087-382655-00,395,2,VOIE,TRAIN,50116382,Cergy le Haut,RAIL,472384,Cergy le Haut,rail,43104,Cergy le Haut,66834,396
SNCF,62,87382655,8738265,PR/0087-382655-00,6033,3,VOIE,TRAIN,50117388,Cergy le Haut,RAIL,478476,Cergy le Haut,rail,43104,Cergy le Haut,66834,398
SNCF,62,87382655,8738265,PR/0087-382655-00,397,4,VOIE,TRAIN,50118840,Cergy le Haut,RAIL,472468,Cergy le Haut,rail,43104,Cergy le Haut,66834,396
SNCF,62,87382655,8738265,PR/0087-382655-00,393,CERGY LE HAUT,BUS,BUS,50118280,Cergy le Haut,BUS,470989,Cergy le Haut,bus,473084,Gare de Cergy le Haut (Gare routière),66834,
SNCF,6,87382804,8738280,PR/0087-382804-00,31,SAINT-GERMAIN EN LAYE GRANDE CEINTURE,BUS,BUS,50117604,Saint-Germain-en-Laye Grande Ceinture,BUS,471793,Saint-Germain-en-Laye Grande Ceinture,bus,473535,Gare de Saint-Germain Grande Ceinture,64622,
SNCF,237,87382812,8738281,PR/0087-382812-00,6042,MAREIL MARLY,BUS,BUS,50117365,Mareil-Marly,BUS,477158,Mareil-Marly,bus,477159,Mareil-Marly,64480,
SNCF,237,87382812,8738281,PR/0087-382812-00,6041,PR/0087-393812-HR,BUS,BUS,50117355,Mareil-Marly,BUS,477167,Mareil-Marly,bus,477159,Mareil-Marly,64480,
SNCF,124,87382861,8738286,PR/0087-382861-00,929,1,VOIE,TRAIN,50118399,Versailles Rive Droite,RAIL,470933,Versailles Rive Droite,rail,44602,Versailles Rive Droite,64021,931
SNCF,124,87382861,8738286,PR/0087-382861-00,928,2,VOIE,TRAIN,50118322,Versailles Rive Droite,RAIL,470999,Versailles Rive Droite,rail,44602,Versailles Rive Droite,64021,931
SNCF,124,87382861,8738286,PR/0087-382861-00,930,VERSAILLES RIVE DROITE,BUS,BUS,50118641,Versailles Rive Droite,BUS,470662,Versailles Rive Droite,bus,473609,Gare de Versailles - Rive Droite,64021,
SNCF,373,87382879,8738287,PR/0087-382879-00,2653,1,VOIE,TRAIN,50117949,Montreuil,RAIL,471396,Montreuil,rail,43167,Montreuil,63989,2650
SNCF,373,87382879,8738287,PR/0087-382879-00,2654,2,VOIE,TRAIN,50116978,Montreuil,RAIL,472155,Montreuil,rail,43167,Montreuil,63989,2651
SNCF,373,87382879,8738287,PR/0087-382879-00,2652,MONTREUIL,BUS,BUS,50118200,Montreuil,BUS,4217,Gare de Montreuil,bus,473397,Gare de Montreuil,63989,
SNCF,175,87382887,8738288,PR/0087-382887-BV,1272,1,VOIE,TRAIN,50116678,Viroflay Rive Droite,RAIL,472236,Viroflay Rive Droite,rail,46689,Viroflay Rive Droite,422420,1275
SNCF,175,87382887,8738288,PR/0087-382887-BV,1274,2,VOIE,TRAIN,50025228,Viroflay Rive Droite,RAIL,473014,Viroflay Rive Droite,rail,46689,Viroflay Rive Droite,422420,1276
SNCF,175,87382887,8738288,PR/0087-382887-BV,1273,VIROFLAY RIVE DROITE,BUS,BUS,50117075,Viroflay Rive Droite,BUS,472767,Viroflay Rive Gauche / Gabriel Péri,bus,43038,Gabriel Péri / Viroflay Rive Gauche,63980,
SNCF,309,87383281,8738328,PR/0087-383281-00,2269,1,VOIE,TRAIN,50118330,Massy - Verrières,RAIL,471007,Massy - Verrières,rail,47940,Massy - Verrières,63320,2266
SNCF,309,87383281,8738328,PR/0087-383281-00,2268,2,VOIE,TRAIN,50118161,Massy - Verrières,RAIL,471106,Massy - Verrières,rail,47940,Massy - Verrières,63320,2270
SNCF,309,87383281,8738328,PR/0087-383281-00,2267,MASSY VERRIERES,BUS,BUS,50116344,Massy - Verrières,BUS,472917,Massy - Verrières,bus,473347,Gare de Massy Verrières (Avenue de Verrieres),63320,
SNCF,204,87384008,8738400,PR/0087-384008-00,1535,1,VOIE,TRAIN,50118049,Paris Saint-Lazare,RAIL,471238,Paris Saint-Lazare,rail,58566,Gare Saint-Lazare,71370,1563
SNCF,204,87384008,8738400,PR/0087-384008-00,1544,10,VOIE,TRAIN,50118897,Paris Saint-Lazare,RAIL,472368,Paris Saint-Lazare,rail,58566,Gare Saint-Lazare,71370,1550
SNCF,204,87384008,8738400,PR/0087-384008-00,1543,11,VOIE,TRAIN,50116144,Paris Saint-Lazare,RAIL,472852,Paris Saint-Lazare,rail,58566,Gare Saint-Lazare,71370,1550
SNCF,204,87384008,8738400,PR/0087-384008-00,1527,12,VOIE,TRAIN,50118614,Paris Saint-Lazare,RAIL,470624,Paris Saint-Lazare,rail,58566,Gare Saint-Lazare,71370,1561
SNCF,204,87384008,8738400,PR/0087-384008-00,1538,13,VOIE,TRAIN,50117524,Paris Saint-Lazare,RAIL,471724,Paris Saint-Lazare,rail,58566,Gare Saint-Lazare,71370,1561
SNCF,204,87384008,8738400,PR/0087-384008-00,1549,14,VOIE,TRAIN,50118937,Paris Saint-Lazare,RAIL,472934,Paris Saint-Lazare,rail,58566,Gare Saint-Lazare,71370,1572
SNCF,204,87384008,8738400,PR/0087-384008-00,1536,15,VOIE,TRAIN,50117018,Paris Saint-Lazare,RAIL,472070,Paris Saint-Lazare,rail,58566,Gare Saint-Lazare,71370,1572
SNCF,204,87384008,8738400,PR/0087-384008-00,1534,16,VOIE,TRAIN,50118650,Paris Saint-Lazare,RAIL,470674,Paris Saint-Lazare,rail,58566,Gare Saint-Lazare,71370,1559
SNCF,204,87384008,8738400,PR/0087-384008-00,1533,17,VOIE,TRAIN,50118268,Paris Saint-Lazare,RAIL,471063,Paris Saint-Lazare,rail,58566,Gare Saint-Lazare,71370,1559
SNCF,204,87384008,8738400,PR/0087-384008-00,1532,18,VOIE,TRAIN,50117219,Paris Saint-Lazare,RAIL,472013,Paris Saint-Lazare,rail,58566,Gare Saint-Lazare,71370,1558
SNCF,204,87384008,8738400,PR/0087-384008-00,1531,19,VOIE,TRAIN,50117106,Paris Saint-Lazare,RAIL,472102,Paris Saint-Lazare,rail,58566,Gare Saint-Lazare,71370,1558
SNCF,204,87384008,8738400,PR/0087-384008-00,1530,2,VOIE,TRAIN,50117176,Paris Saint-Lazare,RAIL,471940,Paris Saint-Lazare,rail,58566,Gare Saint-Lazare,71370,1557
SNCF,204,87384008,8738400,PR/0087-384008-00,1560,20,VOIE,TRAIN,50116572,Paris Saint-Lazare,RAIL,472519,Paris Saint-Lazare,rail,58566,Gare Saint-Lazare,71370,1556
SNCF,204,87384008,8738400,PR/0087-384008-00,1537,21,VOIE,TRAIN,50118197,Paris Saint-Lazare,RAIL,471150,Paris Saint-Lazare,rail,58566,Gare Saint-Lazare,71370,1556
SNCF,204,87384008,8738400,PR/0087-384008-00,1539,22,VOIE,TRAIN,50118269,Paris Saint-Lazare,RAIL,471064,Paris Saint-Lazare,rail,58566,Gare Saint-Lazare,71370,1555
SNCF,204,87384008,8738400,PR/0087-384008-00,1570,23,VOIE,TRAIN,50117963,Paris Saint-Lazare,RAIL,471341,Paris Saint-Lazare,rail,58566,Gare Saint-Lazare,71370,1554
SNCF,204,87384008,8738400,PR/0087-384008-00,1571,23,VOIE,TRAIN,50118057,Paris Saint-Lazare,RAIL,471064,Paris Saint-Lazare,rail,58566,Gare Saint-Lazare,71370,1555
SNCF,204,87384008,8738400,PR/0087-384008-00,1569,24,VOIE,TRAIN,50116965,Paris Saint-Lazare,RAIL,472142,Paris Saint-Lazare,rail,58566,Gare Saint-Lazare,71370,1554
SNCF,204,87384008,8738400,PR/0087-384008-00,1568,25,VOIE,TRAIN,50116434,Paris Saint-Lazare,RAIL,472273,Paris Saint-Lazare,rail,58566,Gare Saint-Lazare,71370,1553
SNCF,204,87384008,8738400,PR/0087-384008-00,1566,26,VOIE,TRAIN,50118489,Paris Saint-Lazare,RAIL,470776,Paris Saint-Lazare,rail,58566,Gare Saint-Lazare,71370,1553
SNCF,204,87384008,8738400,PR/0087-384008-00,1528,27,VOIE,TRAIN,50117065,Paris Saint-Lazare,RAIL,472110,Paris Saint-Lazare,rail,58566,Gare Saint-Lazare,71370,1552
SNCF,204,87384008,8738400,PR/0087-384008-00,1529,3,VOIE,TRAIN,50116473,Paris Saint-Lazare,RAIL,472318,Paris Saint-Lazare,rail,58566,Gare Saint-Lazare,71370,1557
SNCF,204,87384008,8738400,PR/0087-384008-00,1565,4,VOIE,TRAIN,50116639,Paris Saint-Lazare,RAIL,472208,Paris Saint-Lazare,rail,58566,Gare Saint-Lazare,71370,1551
SNCF,204,87384008,8738400,PR/0087-384008-00,1564,5,VOIE,TRAIN,50116556,Paris Saint-Lazare,RAIL,472546,Paris Saint-Lazare,rail,58566,Gare Saint-Lazare,71370,1551
SNCF,204,87384008,8738400,PR/0087-384008-00,1548,6,VOIE,TRAIN,50117670,Paris Saint-Lazare,RAIL,471658,Paris Saint-Lazare,rail,58566,Gare Saint-Lazare,71370,1562
SNCF,204,87384008,8738400,PR/0087-384008-00,1547,7,VOIE,TRAIN,50118929,Paris Saint-Lazare,RAIL,471658,Paris Saint-Lazare,rail,58566,Gare Saint-Lazare,71370,1562
SNCF,204,87384008,8738400,PR/0087-384008-00,1546,8,VOIE,TRAIN,50117833,Paris Saint-Lazare,RAIL,471495,Paris Saint-Lazare,rail,58566,Gare Saint-Lazare,71370,1567
SNCF,204,87384008,8738400,PR/0087-384008-00,1545,9,VOIE,TRAIN,50118540,Paris Saint-Lazare,RAIL,470692,Paris Saint-Lazare,rail,58566,Gare Saint-Lazare,71370,1567
SNCF,204,87384008,8738400,PR/0087-384008-00,1540,PARIS SAINT-LAZARE,BUS,BUS,50118858,Paris Saint-Lazare,BUS,472258,Paris Saint-Lazare,bus,473237,Gare Saint-Lazare,71370,
SNCF,100,87386003,8738600,PR/0087-386003-BV,752,A,VOIE,TRAIN,50116420,La Garenne-Colombes,RAIL,472301,La Garenne-Colombes,rail,47412,La Garenne-Colombes,72148,757
SNCF,100,87386003,8738600,PR/0087-386003-BV,753,B,VOIE,TRAIN,50117142,La Garenne-Colombes,RAIL,471904,La Garenne-Colombes,rail,47412,La Garenne-Colombes,72148,751
SNCF,100,87386003,8738600,PR/0087-386003-BV,750,B5,VOIE,TRAIN,50117279,La Garenne-Colombes,RAIL,471865,La Garenne-Colombes,rail,47412,La Garenne-Colombes,72148,751
SNCF,100,87386003,8738600,PR/0087-386003-BV,754,C,VOIE,TRAIN,50116272,La Garenne-Colombes,RAIL,472998,La Garenne-Colombes,rail,47412,La Garenne-Colombes,72148,758
SNCF,100,87386003,8738600,PR/0087-386003-BV,5090,LA GARENNE COLOMBES,BUS,BUS,50118282,La Garenne-Colombes,BUS,470991,La Garenne-Colombes,bus,473422,Gare de la Garenne-Colombes (bd De Gaulle),72148,
SNCF,100,87386003,8738600,PR/0087-386003-BV,749,LA GARENNE COLOMBES,BUS,BUS,50116521,La Garenne-Colombes,BUS,36825,Gare de la Garenne-Colombes,bus,473422,Gare de la Garenne-Colombes (bd De Gaulle),72148,
SNCF,191,87386052,8738605,PR/0087-386052-00,1398,1,VOIE,TRAIN,50118723,Achères Grand Cormier,RAIL,472507,Achères Grand Cormier,rail,47915,Achères Grand Cormier,65190,1396
SNCF,191,87386052,8738605,PR/0087-386052-00,1395,1B,VOIE,TRAIN,50117079,Achères Grand Cormier,RAIL,472135,Achères Grand Cormier,rail,47915,Achères Grand Cormier,65190,1396
SNCF,191,87386052,8738605,PR/0087-386052-00,1397,2,VOIE,TRAIN,50116443,Achères Grand Cormier,RAIL,472259,Achères Grand Cormier,rail,47915,Achères Grand Cormier,65190,1401
SNCF,191,87386052,8738605,PR/0087-386052-00,1402,2B,VOIE,TRAIN,50117228,Achères Grand Cormier,RAIL,472019,Achères Grand Cormier,rail,47915,Achères Grand Cormier,65190,1401
SNCF,191,87386052,8738605,PR/0087-386052-00,1399,ACHERES GRAND CORMIER,BUS,BUS,50117185,Achères Grand Cormier,BUS,471981,Achères Grand Cormier,bus,473027,Gare d'Achères Grand Cormier,65190,
SNCF,24,87386300,8738630,PR/0087-386300-BV,176,A,VOIE,TRAIN,50117149,Les Vallées,RAIL,471911,Les Vallées,rail,47969,Les Vallées,72177,178
SNCF,24,87386300,8738630,PR/0087-386300-BV,174,B,VOIE,TRAIN,50116508,Les Vallées,RAIL,472646,Les Vallées,rail,47969,Les Vallées,72177,177
SNCF,24,87386300,8738630,PR/0087-386300-BV,175,LES VALLEES,BUS,BUS,50118196,Les Vallées,BUS,471149,Les Vallées,bus,50649,Rue de l'Aigle,72158,
SNCF,183,87386318,8738631,PR/0087-386318-BV,1346,1,VOIE,TRAIN,50118365,Nanterre Université,RAIL,470899,Nanterre Université,rail,43170,Nanterre Université,70956,1348
SNCF,183,87386318,8738631,PR/0087-386318-BV,1345,2,VOIE,TRAIN,50116099,Nanterre Université,RAIL,472807,Nanterre Université,rail,43170,Nanterre Université,70956,1347
SNCF,183,87386318,8738631,PR/0087-386318-BV,1344,C,VOIE,TRAIN,50118289,Nanterre Université,RAIL,470961,Nanterre Université,rail,43170,Nanterre Université,70956,1347
SNCF,183,87386318,8738631,PR/0087-386318-BV,1343,NANTERRE UNIVERSITE,BUS,BUS,50116677,Nanterre Université,BUS,472233,Nanterre Université,bus,473296,Gare de Nanterre Université,70956,
SNCF,378,87386409,8738640,PR/0087-386409-00,2688,A,VOIE,TRAIN,50116626,Houilles - Carrières-sur-Seine,RAIL,472203,Houilles - Carrières-sur-Seine,rail,43082,Houilles - Carrières-sur-Seine,64741,2692
SNCF,378,87386409,8738640,PR/0087-386409-00,2685,B,VOIE,TRAIN,50118808,Houilles - Carrières-sur-Seine,RAIL,472409,Houilles - Carrières-sur-Seine,rail,43082,Houilles - Carrières-sur-Seine,64741,2692
SNCF,378,87386409,8738640,PR/0087-386409-00,2693,C,VOIE,TRAIN,50118796,Houilles - Carrières-sur-Seine,RAIL,472389,Houilles - Carrières-sur-Seine,rail,43082,Houilles - Carrières-sur-Seine,64741,2691
SNCF,378,87386409,8738640,PR/0087-386409-00,2687,D,VOIE,TRAIN,50117693,Houilles - Carrières-sur-Seine,RAIL,471638,Houilles - Carrières-sur-Seine,rail,43082,Houilles - Carrières-sur-Seine,64741,2691
SNCF,378,87386409,8738640,PR/0087-386409-00,2686,E,VOIE,TRAIN,50118357,Houilles - Carrières-sur-Seine,RAIL,470891,Houilles - Carrières-sur-Seine,rail,43082,Houilles - Carrières-sur-Seine,64741,2690
SNCF,378,87386409,8738640,PR/0087-386409-00,2689,HOUILLES CARRIERES SUR SEINE,BUS,BUS,50118306,Houilles - Carrières-sur-Seine,BUS,471014,Houilles - Carrières-sur-Seine,bus,473369,Gare de Houilles Carrières-sur-Seine,64741,
SNCF,364,87386417,8738641,PR/0087-386417-BV,2587,A,VOIE,TRAIN,50117223,Sartrouville,RAIL,472009,Sartrouville,rail,43191,Sartrouville,64918,2589
SNCF,364,87386417,8738641,PR/0087-386417-BV,2594,B2,VOIE,TRAIN,50117577,Sartrouville,RAIL,471763,Sartrouville,rail,43191,Sartrouville,64918,2588
SNCF,364,87386417,8738641,PR/0087-386417-BV,2593,B4,VOIE,TRAIN,50118827,Sartrouville,RAIL,472440,Sartrouville,rail,43191,Sartrouville,64918,2588
SNCF,364,87386417,8738641,PR/0087-386417-BV,2591,C3,VOIE,TRAIN,50118430,Sartrouville,RAIL,470846,Sartrouville,rail,43191,Sartrouville,64918,2595
SNCF,364,87386417,8738641,PR/0087-386417-BV,2592,C4,VOIE,TRAIN,50118056,Sartrouville,RAIL,471244,Sartrouville,rail,43191,Sartrouville,64918,2595
SNCF,364,87386417,8738641,PR/0087-386417-BV,2590,SARTROUVILLE,BUS,BUS,50117282,Sartrouville,BUS,471891,Sartrouville,bus,473558,Gare de Sartrouville,64918,
SNCF,138,87386425,8738642,PR/0087-386425-BV,1010,1,VOIE,TRAIN,50117145,Maisons-Laffitte,RAIL,471907,Maisons-Laffitte,rail,473109,Maisons-Laffitte,65048,1013
SNCF,138,87386425,8738642,PR/0087-386425-BV,1009,1C,VOIE,TRAIN,50118480,Maisons-Laffitte,RAIL,470784,Maisons-Laffitte,rail,473109,Maisons-Laffitte,65048,1013
SNCF,138,87386425,8738642,PR/0087-386425-BV,1011,2,VOIE,TRAIN,50116229,Maisons-Laffitte,RAIL,472928,Maisons-Laffitte,rail,473109,Maisons-Laffitte,65048,1014
SNCF,138,87386425,8738642,PR/0087-386425-BV,1012,2B,VOIE,TRAIN,50117717,Maisons-Laffitte,RAIL,471617,Maisons-Laffitte,rail,473109,Maisons-Laffitte,65048,1014
SNCF,138,87386425,8738642,PR/0087-386425-BV,1016,MAISONS LAFFITTE,BUS,BUS,50117015,Maisons-Laffitte,BUS,472073,Maisons-Laffitte,bus,43155,Gare de Maisons-Laffitte,65048,
SNCF,356,87386573,8738657,PR/0087-386573-BV,2532,A,VOIE,TRAIN,50117705,Poissy,RAIL,471620,Poissy,rail,47874,Poissy,64883,2533
SNCF,356,87386573,8738657,PR/0087-386573-BV,2541,B,VOIE,TRAIN,50118184,Poissy,RAIL,471154,Poissy,rail,47874,Poissy,64883,2533
SNCF,356,87386573,8738657,PR/0087-386573-BV,2535,C,VOIE,TRAIN,50117729,Poissy,RAIL,471599,Poissy,rail,47874,Poissy,64883,2539
SNCF,356,87386573,8738657,PR/0087-386573-BV,2536,D,VOIE,TRAIN,50117708,Poissy,RAIL,471624,Poissy,rail,47874,Poissy,64883,2539
SNCF,356,87386573,8738657,PR/0087-386573-BV,2534,E,VOIE,TRAIN,50117724,Poissy,RAIL,471609,Poissy,rail,47874,Poissy,64883,2540
SNCF,356,87386573,8738657,PR/0087-386573-BV,2538,POISSY,BUS,BUS,50117606,Poissy,BUS,471795,Gare de Poissy,bus,473329,Gare de Poissy (Parvis),64883,
SNCF,356,87386573,8738657,PR/0087-386573-BV,6009,POISSY GARE NORD,BUS,BUS,50117342,Poissy,BUS,477125,Poissy,bus,473446,Gare de Poissy (Nord),64883,
SNCF,211,87386649,8738664,PR/0087-386649-00,1634,1,VOIE,TRAIN,50117633,Villennes-sur-Seine,RAIL,471690,Villennes-sur-Seine,rail,47966,Villennes-sur-Seine,64949,1636
SNCF,211,87386649,8738664,PR/0087-386649-00,1635,2,VOIE,TRAIN,50116124,Villennes-sur-Seine,RAIL,472816,Villennes-sur-Seine,rail,47966,Villennes-sur-Seine,64949,1637
SNCF,211,87386649,8738664,PR/0087-386649-00,1633,VILLENNES SUR SEINE,BUS,BUS,50117225,Villennes-sur-Seine,BUS,13624,Gare de Villennes-sur-Seine,bus,474206,Gare de Villennes-sur-Seine,64949,
SNCF,375,87386656,8738665,PR/0087-386656-BV,2663,A,VOIE,TRAIN,50117707,Vernouillet - Verneuil,RAIL,471622,Vernouillet - Verneuil,rail,47964,Vernouillet - Verneuil,65691,2668
SNCF,375,87386656,8738665,PR/0087-386656-BV,2669,B,VOIE,TRAIN,50116512,Vernouillet - Verneuil,RAIL,472710,Vernouillet - Verneuil,rail,47964,Vernouillet - Verneuil,65691,2667
SNCF,375,87386656,8738665,PR/0087-386656-BV,2662,C,VOIE,TRAIN,50118638,Vernouillet - Verneuil,RAIL,470650,Vernouillet - Verneuil,rail,47964,Vernouillet - Verneuil,65691,2667
SNCF,375,87386656,8738665,PR/0087-386656-BV,2664,D,VOIE,TRAIN,50118386,Vernouillet - Verneuil,RAIL,470930,Vernouillet - Verneuil,rail,47964,Vernouillet - Verneuil,65691,2666
SNCF,375,87386656,8738665,PR/0087-386656-BV,2665,VERNOUILLET VERNEUIL,BUS,BUS,50117914,Vernouillet - Verneuil,BUS,411227,Vernouillet Verneuil,bus,473604,Gare de Vernouillet Verneuil,65691,
SNCF,76,87386664,8738666,PR/0087-386664-00,588,A,VOIE,TRAIN,50118737,Les Clairières de Verneuil,RAIL,472539,Les Clairières de Verneuil,rail,54249,Les Clairières de Verneuil,65985,586
SNCF,76,87386664,8738666,PR/0087-386664-00,587,B,VOIE,TRAIN,50117105,Les Clairières de Verneuil,RAIL,472100,Les Clairières de Verneuil,rail,54249,Les Clairières de Verneuil,65985,586
SNCF,76,87386664,8738666,PR/0087-386664-00,590,LES CLAIRIERES DE VERNEUIL,BUS,BUS,50118525,Les Clairières de Verneuil,BUS,13594,Gare des Clairières de Verneuil,bus,473473,Gare des Clairières de Verneuil,65985,
SNCF,348,87386680,8738668,PR/0087-386680-BV,2485,1,VOIE,TRAIN,50118316,Les Mureaux,RAIL,471027,Les Mureaux,rail,47881,Les Mureaux,65994,2484
SNCF,348,87386680,8738668,PR/0087-386680-BV,2478,2,VOIE,TRAIN,50117645,Les Mureaux,RAIL,471678,Les Mureaux,rail,47881,Les Mureaux,65994,2483
SNCF,348,87386680,8738668,PR/0087-386680-BV,2479,C,VOIE,TRAIN,50116296,Les Mureaux,RAIL,472868,Les Mureaux,rail,47881,Les Mureaux,65994,6047
SNCF,348,87386680,8738668,PR/0087-386680-BV,2480,CI,VOIE,TRAIN,50118495,Les Mureaux,RAIL,470770,Les Mureaux,rail,47881,Les Mureaux,65994,2484
SNCF,348,87386680,8738668,PR/0087-386680-BV,2477,Les Mureaux,BUS,BUS,50118652,Les Mureaux,BUS,463923,Gare des Mureaux (A3),bus,473497,Gare des Mureaux,65994,
SNCF,348,87386680,8738668,PR/0087-386680-BV,2482,Les Mureaux,BUS,BUS,50118649,Les Mureaux,BUS,32735,Gare des Mureaux (D3),bus,473497,Gare des Mureaux,65994,
SNCF,198,87386730,8738673,PR/0087-386730-00,1493,1,VOIE,TRAIN,50117794,Aubergenville Élisabethville,RAIL,471523,Aubergenville Élisabethville,rail,43070,Aubergenville Élisabethville,65490,1490
SNCF,198,87386730,8738673,PR/0087-386730-00,1491,2,VOIE,TRAIN,50117247,Aubergenville Élisabethville,RAIL,472002,Aubergenville Élisabethville,rail,43070,Aubergenville Élisabethville,65490,1495
SNCF,198,87386730,8738673,PR/0087-386730-00,1494,AUBERGENVILLE ELISABETHVILLE,BUS,BUS,50116426,Aubergenville Élisabethville,BUS,472292,Aubergenville Élisabethville,bus,473039,Aubergenville Elisabethville (parvis),65490,
SNCF,198,87386730,8738673,PR/0087-386730-00,1492,C,VOIE,TRAIN,50118703,Aubergenville Élisabethville,RAIL,472707,Aubergenville Élisabethville,rail,43070,Aubergenville Élisabethville,65490,1495
SNCF,195,87386763,8738676,PR/0087-386763-BV,1427,1,VOIE,TRAIN,50118208,Épône - Mézières,RAIL,471058,Épône - Mézières,rail,47882,Épône - Mézières,65326,1421
SNCF,195,87386763,8738676,PR/0087-386763-BV,1424,2,VOIE,TRAIN,50117680,Épône - Mézières,RAIL,471647,Épône - Mézières,rail,47882,Épône - Mézières,65326,1422
SNCF,195,87386763,8738676,PR/0087-386763-BV,1428,A,VOIE,TRAIN,50117242,Épône - Mézières,RAIL,472005,Épône - Mézières,rail,47882,Épône - Mézières,65326,1423
SNCF,195,87386763,8738676,PR/0087-386763-BV,1426,B,VOIE,TRAIN,50116401,Épône - Mézières,RAIL,472454,Épône - Mézières,rail,47882,Épône - Mézières,65326,1423
SNCF,195,87386763,8738676,PR/0087-386763-BV,1425,EPONE MEZIERES,BUS,BUS,50117970,Épône - Mézières,BUS,471365,Épône - Mézières,bus,473370,Gare d'Epone-Mezières,65326,
SNCF,1137,87387001,8738700,PR/0087-387001-BV,3715,A,VOIE,TRAIN,50117535,Évreux Normandie,RAIL,471713,Évreux Normandie,rail,411365,Évreux Normandie,411366,3714
SNCF,1137,87387001,8738700,PR/0087-387001-BV,3712,B,VOIE,TRAIN,50116459,Évreux Normandie,RAIL,472353,Évreux Normandie,rail,411365,Évreux Normandie,411366,3711
SNCF,1137,87387001,8738700,PR/0087-387001-BV,3713,C,VOIE,TRAIN,50116569,Évreux Normandie,RAIL,472524,Évreux Normandie,rail,411365,Évreux Normandie,411366,3711
SNCF,1137,87387001,8738700,PR/0087-387001-BV,3717,D,VOIE,TRAIN,50118358,Évreux Normandie,RAIL,470894,Évreux Normandie,rail,411365,Évreux Normandie,411366,3716
SNCF,1137,87387001,8738700,PR/0087-387001-BV,3718,E,VOIE,TRAIN,50117005,Évreux Normandie,RAIL,472055,Évreux Normandie,rail,411365,Évreux Normandie,411366,3716
SNCF,403,87387092,8738709,PR/0087-387092-00,2839,1,VOIE,TRAIN,50117842,Bueil,RAIL,471477,Bueil,rail,411362,Bueil,411363,2841
SNCF,403,87387092,8738709,PR/0087-387092-00,2840,2,VOIE,TRAIN,50118388,Bueil,RAIL,470928,Bueil,rail,411362,Bueil,411363,2837
SNCF,403,87387092,8738709,PR/0087-387092-00,2838,E,VOIE,TRAIN,50118177,Bueil,RAIL,471161,Bueil,rail,411362,Bueil,411363,2841
SNCF,72,87391003,8739100,PR/0087-391003-BV,560,1,VOIE,TRAIN,50116656,Paris Montparnasse,RAIL,472173,Paris Montparnasse,rail,43238,Gare Montparnasse,71139,529
SNCF,72,87391003,8739100,PR/0087-391003-BV,554,10,VOIE,TRAIN,50118534,Paris Montparnasse,RAIL,470679,Paris Montparnasse,rail,43238,Gare Montparnasse,71139,543
SNCF,72,87391003,8739100,PR/0087-391003-BV,538,11,VOIE,TRAIN,50117634,Paris Montparnasse,RAIL,471693,Paris Montparnasse,rail,43238,Gare Montparnasse,71139,543
SNCF,72,87391003,8739100,PR/0087-391003-BV,551,12,VOIE,TRAIN,50116501,Paris Montparnasse,RAIL,472627,Paris Montparnasse,rail,43238,Gare Montparnasse,71139,549
SNCF,72,87391003,8739100,PR/0087-391003-BV,552,13,VOIE,TRAIN,50118830,Paris Montparnasse,RAIL,472451,Paris Montparnasse,rail,43238,Gare Montparnasse,71139,549
SNCF,72,87391003,8739100,PR/0087-391003-BV,563,14,VOIE,TRAIN,50117560,Paris Montparnasse,RAIL,471742,Paris Montparnasse,rail,43238,Gare Montparnasse,71139,541
SNCF,72,87391003,8739100,PR/0087-391003-BV,562,15,VOIE,TRAIN,50118206,Paris Montparnasse,RAIL,471135,Paris Montparnasse,rail,43238,Gare Montparnasse,71139,541
SNCF,72,87391003,8739100,PR/0087-391003-BV,561,16,VOIE,TRAIN,50116249,Paris Montparnasse,RAIL,472964,Paris Montparnasse,rail,43238,Gare Montparnasse,71139,548
SNCF,72,87391003,8739100,PR/0087-391003-BV,557,17,VOIE,TRAIN,50117175,Paris Montparnasse,RAIL,471935,Paris Montparnasse,rail,43238,Gare Montparnasse,71139,548
SNCF,72,87391003,8739100,PR/0087-391003-BV,559,18,VOIE,TRAIN,50117765,Paris Montparnasse,RAIL,471552,Paris Montparnasse,rail,43238,Gare Montparnasse,71139,531
SNCF,72,87391003,8739100,PR/0087-391003-BV,555,19,VOIE,TRAIN,50117678,Paris Montparnasse,RAIL,471650,Paris Montparnasse,rail,43238,Gare Montparnasse,71139,531
SNCF,72,87391003,8739100,PR/0087-391003-BV,519,2,VOIE,TRAIN,50117770,Paris Montparnasse,RAIL,471566,Paris Montparnasse,rail,43238,Gare Montparnasse,71139,546
SNCF,72,87391003,8739100,PR/0087-391003-BV,524,20,VOIE,TRAIN,50117125,Paris Montparnasse,RAIL,471918,Paris Montparnasse,rail,43238,Gare Montparnasse,71139,545
SNCF,72,87391003,8739100,PR/0087-391003-BV,533,21,VOIE,TRAIN,50116416,Paris Montparnasse,RAIL,472308,Paris Montparnasse,rail,43238,Gare Montparnasse,71139,545
SNCF,72,87391003,8739100,PR/0087-391003-BV,526,22,VOIE,TRAIN,50116468,Paris Montparnasse,RAIL,472325,Paris Montparnasse,rail,43238,Gare Montparnasse,71139,544
SNCF,72,87391003,8739100,PR/0087-391003-BV,518,23,VOIE,TRAIN,50118662,Paris Montparnasse,RAIL,472624,Paris Montparnasse,rail,43238,Gare Montparnasse,71139,544
SNCF,72,87391003,8739100,PR/0087-391003-BV,528,24,VOIE,TRAIN,50118888,Paris Montparnasse,RAIL,472319,Paris Montparnasse,rail,43238,Gare Montparnasse,71139,547
SNCF,72,87391003,8739100,PR/0087-391003-BV,520,3,VOIE,TRAIN,50116334,Paris Montparnasse,RAIL,472895,Paris Montparnasse,rail,43238,Gare Montparnasse,71139,546
SNCF,72,87391003,8739100,PR/0087-391003-BV,539,4,VOIE,TRAIN,50118045,Paris Montparnasse,RAIL,471299,Paris Montparnasse,rail,43238,Gare Montparnasse,71139,535
SNCF,72,87391003,8739100,PR/0087-391003-BV,537,5,VOIE,TRAIN,50117796,Paris Montparnasse,RAIL,471521,Paris Montparnasse,rail,43238,Gare Montparnasse,71139,535
SNCF,72,87391003,8739100,PR/0087-391003-BV,523,6,VOIE,TRAIN,50117605,Paris Montparnasse,RAIL,471794,Paris Montparnasse,rail,43238,Gare Montparnasse,71139,540
SNCF,72,87391003,8739100,PR/0087-391003-BV,525,7,VOIE,TRAIN,50117536,Paris Montparnasse,RAIL,471733,Paris Montparnasse,rail,43238,Gare Montparnasse,71139,540
SNCF,72,87391003,8739100,PR/0087-391003-BV,553,8,VOIE,TRAIN,50117505,Paris Montparnasse,RAIL,471704,Paris Montparnasse,rail,43238,Gare Montparnasse,71139,542
SNCF,72,87391003,8739100,PR/0087-391003-BV,558,9,VOIE,TRAIN,50117771,Paris Montparnasse,RAIL,471567,Paris Montparnasse,rail,43238,Gare Montparnasse,71139,542
SNCF,72,87391003,8739100,PR/0087-391003-BV,556,PARIS MONTPARNASSE,BUS,BUS,50116109,Paris Montparnasse,BUS,41519,Gare Montparnasse,bus,463857,Gare Montparnasse (Boulevard de Vaugirard),71139,
SNCF,72,87391102,8739110,PR/0087-391102-00,530,25,VOIE,TRAIN,50118694,Paris Montparnasse,RAIL,472691,Paris Montparnasse,rail,43238,Gare Montparnasse,71139,534
SNCF,72,87391102,8739110,PR/0087-391102-00,532,26,VOIE,TRAIN,50117767,Paris Montparnasse,RAIL,471554,Paris Montparnasse,rail,43238,Gare Montparnasse,71139,534
SNCF,72,87391102,8739110,PR/0087-391102-00,527,27,VOIE,TRAIN,50116327,Paris Montparnasse,RAIL,472888,Paris Montparnasse,rail,43238,Gare Montparnasse,71139,550
SNCF,72,87391102,8739110,PR/0087-391102-00,522,28,VOIE,TRAIN,50117468,Paris Montparnasse,RAIL,471820,Paris Montparnasse,rail,43238,Gare Montparnasse,71139,550
SNCF,228,87391532,8739153,PR/0087-391532-BV,1749,1,VOIE,TRAIN,50118434,Vanves - Malakoff,RAIL,470871,Vanves - Malakoff,rail,43214,Vanves - Malakoff,70584,1745
SNCF,228,87391532,8739153,PR/0087-391532-BV,1750,1B,VOIE,TRAIN,50117240,Vanves - Malakoff,RAIL,472007,Vanves - Malakoff,rail,43214,Vanves - Malakoff,70584,1746
SNCF,228,87391532,8739153,PR/0087-391532-BV,1744,2,VOIE,TRAIN,50117623,Vanves - Malakoff,RAIL,471812,Vanves - Malakoff,rail,43214,Vanves - Malakoff,70584,1747
SNCF,228,87391532,8739153,PR/0087-391532-BV,1751,2B,VOIE,TRAIN,50117046,Vanves - Malakoff,RAIL,472047,Vanves - Malakoff,rail,43214,Vanves - Malakoff,70584,1746
SNCF,228,87391532,8739153,PR/0087-391532-BV,1748,VANVES MALAKOFF,BUS,BUS,50116544,Vanves - Malakoff,BUS,472540,Vanves - Malakoff,bus,473597,Gare de Vanves - Malakoff,70584,
SNCF,352,87391565,8739156,PR/0087-391565-00,2515,1,VOIE,TRAIN,50116391,Clamart,RAIL,472493,Clamart,rail,43111,Clamart,70505,2512
SNCF,352,87391565,8739156,PR/0087-391565-00,2508,1B,VOIE,TRAIN,50116291,Clamart,RAIL,472863,Clamart,rail,43111,Clamart,70505,2514
SNCF,352,87391565,8739156,PR/0087-391565-00,2510,2,VOIE,TRAIN,50118060,Clamart,RAIL,471241,Clamart,rail,43111,Clamart,70505,2513
SNCF,352,87391565,8739156,PR/0087-391565-00,2509,2B,VOIE,TRAIN,50116294,Clamart,RAIL,472858,Clamart,rail,43111,Clamart,70505,2514
SNCF,352,87391565,8739156,PR/0087-391565-00,2511,CLAMART,BUS,BUS,50117898,Clamart,BUS,471417,Clamart,bus,473246,Gare de Clamart (côté Malakoff),70505,
SNCF,210,87393009,8739300,PR/0087-393009-BV,1623,B,VOIE,TRAIN,50117541,Versailles Chantiers,RAIL,471738,Versailles Chantiers,rail,43219,Versailles Chantiers,63880,1627
SNCF,210,87393009,8739300,PR/0087-393009-BV,1624,C,VOIE,TRAIN,50117927,Versailles Chantiers,RAIL,471389,Versailles Chantiers,rail,43219,Versailles Chantiers,63880,1627
SNCF,210,87393009,8739300,PR/0087-393009-BV,1625,D,VOIE,TRAIN,50118464,Versailles Chantiers,RAIL,470766,Versailles Chantiers,rail,43219,Versailles Chantiers,63880,1628
SNCF,210,87393009,8739300,PR/0087-393009-BV,1617,E,VOIE,TRAIN,50117108,Versailles Chantiers,RAIL,472104,Versailles Chantiers,rail,43219,Versailles Chantiers,63880,1628
SNCF,210,87393009,8739300,PR/0087-393009-BV,1631,F,VOIE,TRAIN,50116172,Versailles Chantiers,RAIL,472737,Versailles Chantiers,rail,43219,Versailles Chantiers,63880,1629
SNCF,210,87393009,8739300,PR/0087-393009-BV,1620,G,VOIE,TRAIN,50116362,Versailles Chantiers,RAIL,472407,Versailles Chantiers,rail,43219,Versailles Chantiers,63880,1629
SNCF,210,87393009,8739300,PR/0087-393009-BV,1626,H,VOIE,TRAIN,50118578,Versailles Chantiers,RAIL,470737,Versailles Chantiers,rail,43219,Versailles Chantiers,63880,1630
SNCF,210,87393009,8739300,PR/0087-393009-BV,1618,J,VOIE,TRAIN,50117135,Versailles Chantiers,RAIL,471928,Versailles Chantiers,rail,43219,Versailles Chantiers,63880,1630
SNCF,210,87393009,8739300,PR/0087-393009-BV,1622,VERSAILLES CHANTIERS,BUS,BUS,50118873,Versailles Chantiers,BUS,411254,Versailles Chantiers,bus,473606,Gare des Chantiers - États Généraux / Abbé Rousseaux,63880,
SNCF,246,87393033,8739303,PR/0087-393033-BV,1846,1,VOIE,TRAIN,50118721,INVALIDES,RAIL,472511,Invalides,rail,470540,Invalides,71274,1852
SNCF,246,87393033,8739303,PR/0087-393033-BV,1848,2,VOIE,TRAIN,50116453,INVALIDES,RAIL,472358,Invalides,rail,470540,Invalides,71274,1851
SNCF,246,87393033,8739303,PR/0087-393033-BV,1847,3,VOIE,TRAIN,50116652,INVALIDES,RAIL,472193,Invalides,rail,470540,Invalides,71274,1852
SNCF,246,87393033,8739303,PR/0087-393033-BV,1849,4,VOIE,TRAIN,50116370,INVALIDES,RAIL,472392,Invalides,rail,470540,Invalides,71274,1851
SNCF,246,87393033,8739303,PR/0087-393033-BV,1850,INVALIDES,BUS,BUS,50118283,INVALIDES,BUS,470992,Invalides,bus,473381,Invalides (r. Esnault-Pelterie),71274,
SNCF,26,87393041,8739304,PR/0087-393041-00,185,1,VOIE,TRAIN,50116287,Pont de l'Alma,RAIL,473007,Pont de l'Alma,rail,415091,Pont de l'Alma,71271,187
SNCF,26,87393041,8739304,PR/0087-393041-00,184,2,VOIE,TRAIN,50118326,Pont de l'Alma,RAIL,471002,Pont de l'Alma,rail,415091,Pont de l'Alma,71271,186
SNCF,26,87393041,8739304,PR/0087-393041-00,188,PONT DE L'ALMA,BUS,BUS,50118631,Pont de l'Alma,BUS,470643,Pont de l'Alma,bus,45129,Pont de l'Alma / Bosquet - Rapp,71271,
SNCF,325,87393058,8739305,PR/0087-393058-BV,2363,1,VOIE,TRAIN,50116161,Champ de Mars Tour Eiffel,RAIL,472748,Champ de Mars Tour Eiffel,rail,58757,Champ de Mars Tour Eiffel,73844,2362
SNCF,325,87393058,8739305,PR/0087-393058-BV,2361,2,VOIE,TRAIN,50117198,Champ de Mars Tour Eiffel,RAIL,471988,Champ de Mars Tour Eiffel,rail,58757,Champ de Mars Tour Eiffel,73844,2364
SNCF,325,87393058,8739305,PR/0087-393058-BV,2360,CHAMP DE MARS TOUR EIFFEL,BUS,BUS,50117838,Champ de Mars Tour Eiffel,BUS,25772,Champ de Mars,bus,58756,Champs de Mars,73844,
SNCF,363,87393066,8739306,PR/0087-393066-00,2582,1,VOIE,TRAIN,50118672,JAVEL,RAIL,472653,Javel,rail,45346,Javel,71150,2586
SNCF,363,87393066,8739306,PR/0087-393066-00,2583,2,VOIE,TRAIN,50118586,JAVEL,RAIL,470744,Javel,rail,45346,Javel,71150,2585
SNCF,363,87393066,8739306,PR/0087-393066-00,2584,JAVEL,BUS,BUS,50117851,JAVEL,BUS,29965,Javel,bus,473402,Javel,71150,
SNCF,292,87393074,8739307,PR/0087-393074-00,2149,1,VOIE,TRAIN,50117522,Issy,RAIL,471718,Issy,rail,43084,Issy,70612,2153
SNCF,292,87393074,8739307,PR/0087-393074-00,2151,2,VOIE,TRAIN,50118735,Issy,RAIL,472515,Issy,rail,43084,Issy,70612,2152
SNCF,292,87393074,8739307,PR/0087-393074-00,2150,ISSY,BUS,BUS,50116260,Issy,BUS,472985,Issy-RER,bus,473386,Gare d'Issy (av. de Verdun),70612,
SNCF,2,87393082,8739308,PR/0087-393082-00,9,1,VOIE,TRAIN,50118334,Meudon Val Fleury,RAIL,471011,Meudon Val Fleury,rail,43163,Meudon Val Fleury,70412,7
SNCF,2,87393082,8739308,PR/0087-393082-00,8,2,VOIE,TRAIN,50117685,Meudon Val Fleury,RAIL,471645,Meudon Val Fleury,rail,43163,Meudon Val Fleury,70412,6
SNCF,2,87393082,8739308,PR/0087-393082-00,10,MEUDON VAL FLEURY,BUS,BUS,50117253,Meudon Val Fleury,BUS,37845,Gare de Val Fleury,bus,473510,Gare de Val Fleury,70412,
SNCF,2,87393082,8739308,PR/0087-393082-00,11,MEUDON VAL FLEURY,BUS,BUS,50117490,Meudon Val Fleury,BUS,37034,Gare de Val Fleury,bus,473510,Gare de Val Fleury,70412,
SNCF,158,87393108,8739310,PR/0087-393108-00,1160,1,VOIE,TRAIN,50118846,Meudon,RAIL,472479,Meudon,rail,43162,Meudon,70515,1164
SNCF,158,87393108,8739310,PR/0087-393108-00,1161,1B,VOIE,TRAIN,50118124,Meudon,RAIL,471180,Meudon,rail,43162,Meudon,70515,1163
SNCF,158,87393108,8739310,PR/0087-393108-00,1159,2,VOIE,TRAIN,50118494,Meudon,RAIL,470767,Meudon,rail,43162,Meudon,70515,1165
SNCF,158,87393108,8739310,PR/0087-393108-00,1162,2B,VOIE,TRAIN,50116306,Meudon,RAIL,472879,Meudon,rail,43162,Meudon,70515,1163
SNCF,158,87393108,8739310,PR/0087-393108-00,1166,MEUDON,BUS,BUS,50117902,Meudon,BUS,471413,Meudon,bus,473509,Meudon,70515,
SNCF,266,87393116,8739311,PR/0087-393116-00,1969,1,VOIE,TRAIN,50118688,BELLEVUE,RAIL,472679,Bellevue,rail,43088,Bellevue,69528,1972
SNCF,266,87393116,8739311,PR/0087-393116-00,1975,1B,VOIE,TRAIN,50117910,BELLEVUE,RAIL,471435,Bellevue,rail,43088,Bellevue,69528,1971
SNCF,266,87393116,8739311,PR/0087-393116-00,1974,2,VOIE,TRAIN,50118782,BELLEVUE,RAIL,472607,Bellevue,rail,43088,Bellevue,69528,1970
SNCF,266,87393116,8739311,PR/0087-393116-00,1976,2B,VOIE,TRAIN,50116410,BELLEVUE,RAIL,472441,Bellevue,rail,43088,Bellevue,69528,1971
SNCF,266,87393116,8739311,PR/0087-393116-00,1973,BELLEVUE,BUS,BUS,50118770,BELLEVUE,BUS,37228,Gare de Bellevue,bus,473106,Gare de Bellevue,69528,
SNCF,55,87393124,8739312,PR/0087-393124-00,346,1,VOIE,TRAIN,50118683,Sèvres Rive Gauche,RAIL,472662,Sèvres Rive Gauche,rail,43195,Sèvres Rive Gauche,463754,352
SNCF,55,87393124,8739312,PR/0087-393124-00,345,1B,VOIE,TRAIN,50118186,Sèvres Rive Gauche,RAIL,471152,Sèvres Rive Gauche,rail,43195,Sèvres Rive Gauche,463754,351
SNCF,55,87393124,8739312,PR/0087-393124-00,349,2,VOIE,TRAIN,50118043,Sèvres Rive Gauche,RAIL,471302,Sèvres Rive Gauche,rail,43195,Sèvres Rive Gauche,463754,347
SNCF,55,87393124,8739312,PR/0087-393124-00,350,2B,VOIE,TRAIN,50118354,Sèvres Rive Gauche,RAIL,470898,Sèvres Rive Gauche,rail,43195,Sèvres Rive Gauche,463754,351
SNCF,55,87393124,8739312,PR/0087-393124-00,348,SEVRES RIVE GAUCHE,BUS,BUS,50117170,Sèvres Rive Gauche,BUS,471930,Sèvres Rive Gauche,bus,412380,Sèvres - Rive Gauche (Pont N118),417630,
SNCF,371,87393157,8739315,PR/0087-393157-00,2640,1,VOIE,TRAIN,50118359,Versailles Château Rive Gauche,RAIL,470893,Versailles Château Rive Gauche,rail,43220,Versailles Château Rive Gauche,73721,2638
SNCF,371,87393157,8739315,PR/0087-393157-00,2634,2,VOIE,TRAIN,50117207,Versailles Château Rive Gauche,RAIL,471963,Versailles Château Rive Gauche,rail,43220,Versailles Château Rive Gauche,73721,2637
SNCF,371,87393157,8739315,PR/0087-393157-00,2633,3,VOIE,TRAIN,50118557,Versailles Château Rive Gauche,RAIL,470707,Versailles Château Rive Gauche,rail,43220,Versailles Château Rive Gauche,73721,2637
SNCF,371,87393157,8739315,PR/0087-393157-00,2635,4,VOIE,TRAIN,50118895,Versailles Château Rive Gauche,RAIL,472314,Versailles Château Rive Gauche,rail,43220,Versailles Château Rive Gauche,73721,2639
SNCF,371,87393157,8739315,PR/0087-393157-00,2636,VERSAILLES CHATEAU RIVE GAUCHE,BUS,BUS,50117602,Versailles Château Rive Gauche,BUS,471800,Versailles Château Rive Gauche,bus,473607,Gare de Versailles Château Rive Gauche,73721,
SNCF,13,87393165,8739316,PR/0087-393165-00,64,1,VOIE,TRAIN,50118687,Porchefontaine,RAIL,472670,Porchefontaine,rail,43183,Porchefontaine,63886,68
SNCF,13,87393165,8739316,PR/0087-393165-00,65,2,VOIE,TRAIN,50118420,Porchefontaine,RAIL,470858,Porchefontaine,rail,43183,Porchefontaine,63886,69
SNCF,13,87393165,8739316,PR/0087-393165-00,70,PORCHEFONTAINE,BUS,BUS,50117655,Porchefontaine,BUS,471470,Porchefontaine / Octroi,bus,473333,Porchefontaine,63886,
SNCF,41,87393173,8739317,PR/0087-393173-BV,271,1,VOIE,TRAIN,50116257,Chaville - Vélizy,RAIL,472982,Chaville - Vélizy,rail,47883,Chaville - Vélizy,69487,266
SNCF,41,87393173,8739317,PR/0087-393173-BV,270,2,VOIE,TRAIN,50117738,Chaville - Vélizy,RAIL,471589,Chaville - Vélizy,rail,47883,Chaville - Vélizy,69487,268
SNCF,41,87393173,8739317,PR/0087-393173-BV,269,3,VOIE,TRAIN,50117764,Chaville - Vélizy,RAIL,471551,Chaville - Vélizy,rail,47883,Chaville - Vélizy,69487,267
SNCF,41,87393173,8739317,PR/0087-393173-BV,264,4,VOIE,TRAIN,50118159,Chaville - Vélizy,RAIL,471121,Chaville - Vélizy,rail,47883,Chaville - Vélizy,69487,267
SNCF,41,87393173,8739317,PR/0087-393173-BV,265,CHAVILLE VELIZY,BUS,BUS,50118869,Chaville - Vélizy,BUS,472302,Chaville - Vélizy,bus,473192,Gare de Chaville-Vélizy (Gare routière),69487,
SNCF,275,87393207,8739320,PR/0087-393207-00,2025,1,VOIE,TRAIN,50116450,Chaville Rive Gauche,RAIL,472372,Chaville Rive Gauche,rail,43108,Chaville Rive Gauche,73718,2027
SNCF,275,87393207,8739320,PR/0087-393207-00,2021,1B,VOIE,TRAIN,50117644,Chaville Rive Gauche,RAIL,471679,Chaville Rive Gauche,rail,43108,Chaville Rive Gauche,73718,2022
SNCF,275,87393207,8739320,PR/0087-393207-00,2023,2,VOIE,TRAIN,50118875,Chaville Rive Gauche,RAIL,472291,Chaville Rive Gauche,rail,43108,Chaville Rive Gauche,73718,2026
SNCF,275,87393207,8739320,PR/0087-393207-00,2024,2B,VOIE,TRAIN,50116974,Chaville Rive Gauche,RAIL,472152,Chaville Rive Gauche,rail,43108,Chaville Rive Gauche,73718,2022
SNCF,275,87393207,8739320,PR/0087-393207-00,2028,CHAVILLE RIVE GAUCHE,BUS,BUS,50117748,Chaville Rive Gauche,BUS,8109,Gare de Chaville Rive Gauche,bus,473175,Gare Chaville Rive Gauche,73718,
SNCF,227,87393215,8739321,PR/0087-393215-00,1734,1,VOIE,TRAIN,50118120,Viroflay Rive Gauche,RAIL,471175,Viroflay Rive Gauche,rail,462388,Viroflay Rive Gauche,63923,1737
SNCF,227,87393215,8739321,PR/0087-393215-00,1742,1B,VOIE,TRAIN,50117961,Viroflay Rive Gauche,RAIL,471343,Viroflay Rive Gauche,rail,462388,Viroflay Rive Gauche,63923,1737
SNCF,227,87393215,8739321,PR/0087-393215-00,1739,1I,VOIE,TRAIN,50117983,Viroflay Rive Gauche,RAIL,471362,Viroflay Rive Gauche,rail,462388,Viroflay Rive Gauche,63923,1735
SNCF,227,87393215,8739321,PR/0087-393215-00,1741,2,VOIE,TRAIN,50117573,Viroflay Rive Gauche,RAIL,471767,Viroflay Rive Gauche,rail,462388,Viroflay Rive Gauche,63923,1736
SNCF,227,87393215,8739321,PR/0087-393215-00,1740,2B,VOIE,TRAIN,50116153,Viroflay Rive Gauche,RAIL,472845,Viroflay Rive Gauche,rail,462388,Viroflay Rive Gauche,63923,1735
SNCF,227,87393215,8739321,PR/0087-393215-00,1743,2I,VOIE,TRAIN,50118797,Viroflay Rive Gauche,RAIL,472387,Viroflay Rive Gauche,rail,462388,Viroflay Rive Gauche,63923,1736
SNCF,227,87393215,8739321,PR/0087-393215-00,1738,VIROFLAY RIVE GAUCHE,BUS,BUS,50118681,Viroflay Rive Gauche,BUS,25583,Gabriel Péri / Viroflay Rive Gauche,bus,43038,Gabriel Péri / Viroflay Rive Gauche,63980,
SNCF,324,87393223,8739322,PR/0087-393223-BV,2354,1,VOIE,TRAIN,50116337,Saint-Cyr,RAIL,472908,Saint-Cyr,rail,46990,Saint-Cyr,73731,2358
SNCF,324,87393223,8739322,PR/0087-393223-BV,2353,1B,VOIE,TRAIN,50117136,Saint-Cyr,RAIL,471899,Saint-Cyr,rail,46990,Saint-Cyr,73731,2357
SNCF,324,87393223,8739322,PR/0087-393223-BV,2351,1M,VOIE,TRAIN,50118455,Saint-Cyr,RAIL,470890,Saint-Cyr,rail,46990,Saint-Cyr,73731,2356
SNCF,324,87393223,8739322,PR/0087-393223-BV,2352,2,VOIE,TRAIN,50118234,Saint-Cyr,RAIL,471036,Saint-Cyr,rail,46990,Saint-Cyr,73731,2357
SNCF,324,87393223,8739322,PR/0087-393223-BV,2350,2B,VOIE,TRAIN,50118717,Saint-Cyr,RAIL,472732,Saint-Cyr,rail,46990,Saint-Cyr,73731,2356
SNCF,324,87393223,8739322,PR/0087-393223-BV,2349,2M,VOIE,TRAIN,50118069,Saint-Cyr,RAIL,471247,Saint-Cyr,rail,46990,Saint-Cyr,73731,2348
SNCF,324,87393223,8739322,PR/0087-393223-BV,2355,SAINT-CYR,BUS,BUS,50116348,Saint-Cyr,BUS,5852,Divison Leclerc,bus,42851,Division Leclerc,73861,
SNCF,324,87393223,8739322,PR/0087-393223-BV,2359,SAINT-CYR,BUS,BUS,50116672,Saint-Cyr,BUS,472229,Division Leclerc,bus,42851,Division Leclerc,73861,
SNCF,295,87393256,8739325,PR/0087-393256-BV,2167,1,VOIE,TRAIN,50118023,La Verrière,RAIL,471266,La Verrière,rail,43147,La Verrière,63426,2171
SNCF,295,87393256,8739325,PR/0087-393256-BV,2173,1B,VOIE,TRAIN,50117652,La Verrière,RAIL,471670,La Verrière,rail,43147,La Verrière,63426,2171
SNCF,295,87393256,8739325,PR/0087-393256-BV,2165,2,VOIE,TRAIN,50118427,La Verrière,RAIL,470844,La Verrière,rail,43147,La Verrière,63426,2169
SNCF,295,87393256,8739325,PR/0087-393256-BV,2166,2B,VOIE,TRAIN,50116160,La Verrière,RAIL,472749,La Verrière,rail,43147,La Verrière,63426,2169
SNCF,295,87393256,8739325,PR/0087-393256-BV,2170,LA VERRIERE,BUS,BUS,50118682,La Verrière,BUS,21073,La Verrière Gare,bus,473427,Gare de La Verrière (Gare routière),63426,
SNCF,57,87393272,8739327,PR/0087-393272-00,361,1,VOIE,TRAIN,50116684,Coignières,RAIL,472242,Coignières,rail,47932,Coignières,63369,364
SNCF,57,87393272,8739327,PR/0087-393272-00,363,2,VOIE,TRAIN,50116215,Coignières,RAIL,472793,Coignières,rail,47932,Coignières,63369,365
SNCF,57,87393272,8739327,PR/0087-393272-00,362,COIGNIERES,BUS,BUS,50118714,Coignières,BUS,472729,Coignières,bus,473258,Coignières,63369,
SNCF,57,87393272,8739327,PR/0087-393272-00,6005,Gare de Coignières,BUS,BUS,50118763,Coignières,BUS,472586,Coignières,bus,473258,Coignières,63369,
SNCF,367,87393280,8739328,PR/0087-393280-00,2614,1,VOIE,TRAIN,50117221,Les Essarts-le-Roi,RAIL,472011,Les Essarts-le-Roi,rail,43229,Les Essarts-le-Roi,63240,2611
SNCF,367,87393280,8739328,PR/0087-393280-00,2615,2,VOIE,TRAIN,50117194,Les Essarts-le-Roi,RAIL,471993,Les Essarts-le-Roi,rail,43229,Les Essarts-le-Roi,63240,2612
SNCF,367,87393280,8739328,PR/0087-393280-00,2613,LES ESSARTS LE ROI,BUS,BUS,50116543,Les Essarts-le-Roi,BUS,472705,Les Essarts-le-Roi,bus,471615,Les Essarts-le-Roi,63240,
SNCF,229,87393298,8739329,PR/0087-393298-BV,1757,1,VOIE,TRAIN,50116155,Le Perray,RAIL,472843,Le Perray,rail,43235,Le Perray,62804,1756
SNCF,229,87393298,8739329,PR/0087-393298-BV,1752,1B,VOIE,TRAIN,50116552,Le Perray,RAIL,472553,Le Perray,rail,43235,Le Perray,62804,1753
SNCF,229,87393298,8739329,PR/0087-393298-BV,1755,2,VOIE,TRAIN,50118110,Le Perray,RAIL,471229,Le Perray,rail,43235,Le Perray,62804,1753
SNCF,229,87393298,8739329,PR/0087-393298-BV,6007,Gare du Perray,BUS,BUS,50116276,Le Perray,BUS,473002,Le Perray,bus,473450,Gare du Perray-en-Yvelines (all. des Platanes),62804,
SNCF,229,87393298,8739329,PR/0087-393298-BV,1754,LE PERRAY,BUS,BUS,50116218,Le Perray,BUS,472789,Le Perray,bus,473450,Gare du Perray-en-Yvelines (all. des Platanes),62804,
SNCF,215,87393306,8739330,PR/0087-393306-BV,1657,1,VOIE,TRAIN,50117163,Issy Val de Seine,RAIL,471953,Issy Val De Seine,rail,462357,Issy Val de Seine,71016,1659
SNCF,215,87393306,8739330,PR/0087-393306-BV,1661,2,VOIE,TRAIN,50118507,Issy Val de Seine,RAIL,470792,Issy Val De Seine,rail,462357,Issy Val de Seine,71016,1658
SNCF,215,87393306,8739330,PR/0087-393306-BV,1660,ISSY VAL DE SEINE,BUS,BUS,50117858,Issy Val de Seine,BUS,471460,Issy Val De Seine,bus,473393,Gare de Issy - Val de Seine,71016,
SNCF,118,87393314,8739331,PR/0087-393314-BV,889,1,VOIE,TRAIN,50116384,RAMBOUILLET,RAIL,472483,Rambouillet,rail,427870,Rambouillet,60665,890
SNCF,118,87393314,8739331,PR/0087-393314-BV,892,1B,VOIE,TRAIN,50117935,RAMBOUILLET,RAIL,471377,Rambouillet,rail,427870,Rambouillet,60665,896
SNCF,118,87393314,8739331,PR/0087-393314-BV,895,2,VOIE,TRAIN,50118750,RAMBOUILLET,RAIL,472543,Rambouillet,rail,427870,Rambouillet,60665,891
SNCF,118,87393314,8739331,PR/0087-393314-BV,893,2B,VOIE,TRAIN,50117951,RAMBOUILLET,RAIL,471399,Rambouillet,rail,427870,Rambouillet,60665,896
SNCF,118,87393314,8739331,PR/0087-393314-BV,6008,Gare de Rambouillet,BUS,BUS,50117780,RAMBOUILLET,BUS,462699,Gare de Rambouillet,bus,473464,Gare de Rambouillet,60665,
SNCF,118,87393314,8739331,PR/0087-393314-BV,894,RAMBOUILLET,BUS,BUS,50118136,RAMBOUILLET,BUS,462699,Gare de Rambouillet,bus,473464,Gare de Rambouillet,60665,
SNCF,106,87393322,8739332,PR/0087-393322-BV,791,1,VOIE,TRAIN,50116414,Pont du Garigliano - Hôpital Européen G. Pompidou,RAIL,472449,Pont du Garigliano - Hôpital Européen Georges Pompidou,rail,58798,Pont du Garigliano - Hôpital Européen G. Pompidou,74002,789
SNCF,106,87393322,8739332,PR/0087-393322-BV,792,2,VOIE,TRAIN,50118939,Pont du Garigliano - Hôpital Européen G. Pompidou,RAIL,472937,Pont du Garigliano - Hôpital Européen Georges Pompidou,rail,58798,Pont du Garigliano - Hôpital Européen G. Pompidou,74002,790
SNCF,106,87393322,8739332,PR/0087-393322-BV,793,BOULEVARD VICTOR PONT DU GARIGLIANO,BUS,BUS,50116252,Pont du Garigliano - Hôpital Européen G. Pompidou,BUS,472973,Pont du Garigliano - Hôpital Européen Georges Pompidou,bus,45360,Hôpital Européen Georges Pompidou,480561,
SNCF,106,87393322,8739332,PR/0087-393322-BV,794,BOULEVARD VICTOR PONT DU GARIGLIANO,BUS,BUS,50116211,Pont du Garigliano - Hôpital Européen G. Pompidou,BUS,480515,Pont du Garigliano - Hôpital Européen G. Pompidou,bus,45360,Hôpital Européen Georges Pompidou,480561,
SNCF,337,87393348,8739334,PR/0087-393348-00,2423,1,VOIE,TRAIN,50118022,Gazeran,RAIL,471264,Gazeran,rail,46832,Gazeran,60454,2419
SNCF,337,87393348,8739334,PR/0087-393348-00,2424,2,VOIE,TRAIN,50117112,Gazeran,RAIL,472093,Gazeran,rail,46832,Gazeran,60454,2420
SNCF,337,87393348,8739334,PR/0087-393348-00,2421,GAZERAN,BUS,BUS,50025236,Gazeran,BUS,473022,Gazeran Buissonnet,bus,54934,Gazeran Buissonnet,60580,
SNCF,337,87393348,8739334,PR/0087-393348-00,2422,GAZERAN,BUS,BUS,50116966,Gazeran,BUS,472145,Gazeran Buissonnet,bus,54934,Gazeran Buissonnet,60580,
SNCF,232,87393363,8739336,PR/0087-393363-BV,1768,1,VOIE,TRAIN,50117085,Beynes,RAIL,472129,Beynes,rail,46857,Beynes,64338,1769
SNCF,232,87393363,8739336,PR/0087-393363-BV,1772,2,VOIE,TRAIN,50117259,Beynes,RAIL,471879,Beynes,rail,46857,Beynes,64338,1771
SNCF,232,87393363,8739336,PR/0087-393363-BV,1770,BEYNES,BUS,BUS,50116095,Beynes,BUS,35376,Gare de Beynes,bus,473073,Gare de Beynes,64338,
SNCF,40,87393405,8739340,PR/0087-393405-00,259,1,VOIE,TRAIN,50118412,Fontenay-le-Fleury,RAIL,470834,Fontenay-le-Fleury,rail,47884,Fontenay-le-Fleury,63999,261
SNCF,40,87393405,8739340,PR/0087-393405-00,263,2,VOIE,TRAIN,50116530,Fontenay-le-Fleury,RAIL,472685,Fontenay-le-Fleury,rail,47884,Fontenay-le-Fleury,63999,260
SNCF,40,87393405,8739340,PR/0087-393405-00,262,FONTENAY LE FLEURY,BUS,BUS,50117023,Fontenay-le-Fleury,BUS,5724,Gare,bus,473255,Gare de Fontenay-le-Fleury,63999,
SNCF,271,87393413,8739341,PR/0087-393413-00,1999,1,VOIE,TRAIN,50117829,Villepreux - Les Clayes,RAIL,471493,Villepreux - Les Clayes,rail,43221,Villepreux - Les Clayes,64145,2003
SNCF,271,87393413,8739341,PR/0087-393413-00,2000,2,VOIE,TRAIN,50117904,Villepreux - Les Clayes,RAIL,471442,Villepreux - Les Clayes,rail,43221,Villepreux - Les Clayes,64145,2002
SNCF,271,87393413,8739341,PR/0087-393413-00,2001,VILLEPREUX LES CLAYES,BUS,BUS,50116570,Villepreux - Les Clayes,BUS,472522,Villepreux - Les Clayes,bus,419208,Gare Routière des Clayes,64145,
SNCF,331,87393421,8739342,PR/0087-393421-BV,2388,1,VOIE,TRAIN,50116387,Plaisir - Grignon,RAIL,472484,Plaisir - Grignon,rail,47885,Plaisir - Grignon,64199,2391
SNCF,331,87393421,8739342,PR/0087-393421-BV,2390,2,VOIE,TRAIN,50116254,Plaisir - Grignon,RAIL,472978,Plaisir - Grignon,rail,47885,Plaisir - Grignon,64199,2386
SNCF,331,87393421,8739342,PR/0087-393421-BV,2389,C,VOIE,TRAIN,50118526,Plaisir - Grignon,RAIL,470807,Plaisir - Grignon,rail,47885,Plaisir - Grignon,64199,2386
SNCF,331,87393421,8739342,PR/0087-393421-BV,2387,PLAISIR GRIGNON,BUS,BUS,50117664,Plaisir - Grignon,BUS,477257,Gare de Plaisir - Grignon,bus,473328,Gare de Plaisir Grignon,64199,
SNCF,136,87393439,8739343,PR/0087-393439-00,1001,1,VOIE,TRAIN,50118127,Garancières - La Queue,RAIL,471183,Garancières - La Queue,rail,47903,Garancières - La Queue,64025,1000
SNCF,136,87393439,8739343,PR/0087-393439-00,1003,2,VOIE,TRAIN,50116969,Garancières - La Queue,RAIL,472146,Garancières - La Queue,rail,47903,Garancières - La Queue,64025,999
SNCF,136,87393439,8739343,PR/0087-393439-00,1002,GARANCIERES LA QUEUE,BUS,BUS,50116437,Garancières - La Queue,BUS,35647,Gare de Garancières la Queue,bus,473289,Gare de Garancières - La Queue,64025,
SNCF,22,87393447,8739344,PR/0087-393447-00,158,1,VOIE,TRAIN,50117875,Orgerus - Béhoust,RAIL,471444,Orgerus - Béhoust,rail,47921,Orgerus - Béhoust,64175,159
SNCF,22,87393447,8739344,PR/0087-393447-00,161,2,VOIE,TRAIN,50116363,Orgerus - Béhoust,RAIL,472406,Orgerus - Béhoust,rail,47921,Orgerus - Béhoust,64175,162
SNCF,22,87393447,8739344,PR/0087-393447-00,160,ORGERUS BEHOUST,BUS,BUS,50116618,Orgerus - Béhoust,BUS,472224,Orgerus - Béhoust,bus,473315,Gare d'Orgerus Béhoust (Rue du Clos aux Biches),64175,
SNCF,74,87393454,8739345,PR/0087-393454-00,572,1,VOIE,TRAIN,50118674,Tacoignières - Richebourg,RAIL,472649,Tacoignières - Richebourg,rail,47959,Tacoignières - Richebourg,64194,570
SNCF,74,87393454,8739345,PR/0087-393454-00,571,2,VOIE,TRAIN,50117550,Tacoignières - Richebourg,RAIL,471731,Tacoignières - Richebourg,rail,47959,Tacoignières - Richebourg,64194,574
SNCF,74,87393454,8739345,PR/0087-393454-00,573,TACOIGNIERES RICHEBOURG,BUS,BUS,50118304,Tacoignières - Richebourg,BUS,471016,Tacoignières - Richebourg,bus,473559,Gare de Tacoignières Richebourg,64194,
SNCF,225,87393462,8739346,PR/0087-393462-00,1727,1,VOIE,TRAIN,50118238,Houdan,RAIL,471032,Houdan,rail,47935,Houdan,63893,1730
SNCF,225,87393462,8739346,PR/0087-393462-00,1731,2,VOIE,TRAIN,50116463,Houdan,RAIL,472346,Houdan,rail,47935,Houdan,63893,1729
SNCF,225,87393462,8739346,PR/0087-393462-00,1728,HOUDAN,BUS,BUS,50117507,Houdan,BUS,471702,Houdan,bus,473368,Gare de Houdan,63893,
SNCF,424,87393470,8739347,PR/0087-393470-00,2903,1,VOIE,TRAIN,50117287,Marchezais - Broué,RAIL,471896,Marchezais - Broué,rail,411495,Marchezais - Broué,411496,2902
SNCF,424,87393470,8739347,PR/0087-393470-00,2904,2,VOIE,TRAIN,50116671,Marchezais - Broué,RAIL,472176,Marchezais - Broué,rail,411495,Marchezais - Broué,411496,2901
SNCF,424,87393470,8739347,PR/0087-393470-00,2900,Marchezais Broué,BUS,BUS,50118160,Marchezais - Broué,BUS,471105,Marchezais - Broué,bus,473155,Marchezais - Broué,411496,
SNCF,407,87393488,8739348,PR/0087-393488-00,2853,1,VOIE,TRAIN,50117098,Dreux,RAIL,472080,Dreux,rail,411492,Dreux,411493,2857
SNCF,407,87393488,8739348,PR/0087-393488-00,2851,2,VOIE,TRAIN,50116418,Dreux,RAIL,472306,Dreux,rail,411492,Dreux,411493,2857
SNCF,407,87393488,8739348,PR/0087-393488-00,2852,3,VOIE,TRAIN,50116609,Dreux,RAIL,472214,Dreux,rail,411492,Dreux,411493,2855
SNCF,407,87393488,8739348,PR/0087-393488-00,2858,4,VOIE,TRAIN,50118769,Dreux,RAIL,472594,Dreux,rail,411492,Dreux,411493,2856
SNCF,407,87393488,8739348,PR/0087-393488-00,2859,5,VOIE,TRAIN,50118741,Dreux,RAIL,472532,Dreux,rail,411492,Dreux,411493,2855
SNCF,407,87393488,8739348,PR/0087-393488-00,2854,Dreux,BUS,BUS,50117757,Dreux,BUS,471576,Dreux,bus,473132,Gare de Dreux,411493,
SNCF,238,87393504,8739350,PR/0087-393504-00,1806,1,VOIE,TRAIN,50116212,Petit Jouy Les Loges,RAIL,472794,Petit Jouy Les Loges,rail,57674,Petit Jouy Les Loges,63594,1807
SNCF,238,87393504,8739350,PR/0087-393504-00,1808,2,VOIE,TRAIN,50117285,Petit Jouy Les Loges,RAIL,471898,Petit Jouy Les Loges,rail,57674,Petit Jouy Les Loges,63594,1805
SNCF,238,87393504,8739350,PR/0087-393504-00,1804,PETIT JOUY LES LOGES,BUS,BUS,50118942,Petit Jouy Les Loges,BUS,20392,Gare du Petit-Jouy - Les Loges,bus,473320,Gare du Petit-Jouy - Les Loges,63594,
SNCF,238,87393504,8739350,PR/0087-393504-00,6032,PETIT JOUY LES LOGES,BUS,BUS,50117304,Petit Jouy Les Loges,BUS,20392,Gare du Petit-Jouy - Les Loges,bus,473320,Gare du Petit-Jouy - Les Loges,63594,
SNCF,66,87393512,8739351,PR/0087-393512-00,476,1,VOIE,TRAIN,50118799,Jouy-en-Josas,RAIL,472383,Jouy-en-Josas,rail,43136,Jouy-en-Josas,63523,474
SNCF,66,87393512,8739351,PR/0087-393512-00,475,2,VOIE,TRAIN,50117610,Jouy-en-Josas,RAIL,471791,Jouy-en-Josas,rail,43136,Jouy-en-Josas,63523,473
SNCF,66,87393512,8739351,PR/0087-393512-00,472,JOUY EN JOSAS,BUS,BUS,50116629,Jouy-en-Josas,BUS,472198,Jouy-en-Josas,bus,473403,Gare de Jouy-en-Josas (parvis),63523,
SNCF,294,87393538,8739353,PR/0087-393538-00,2160,1,VOIE,TRAIN,50116324,Vauboyen,RAIL,472889,Vauboyen,rail,43215,Vauboyen,63454,2164
SNCF,294,87393538,8739353,PR/0087-393538-00,2161,2,VOIE,TRAIN,50117236,Vauboyen,RAIL,471996,Vauboyen,rail,43215,Vauboyen,63454,2163
SNCF,294,87393538,8739353,PR/0087-393538-00,2162,VAUBOYEN,BUS,BUS,50116599,Vauboyen,BUS,20326,Gare de Vauboyen,bus,473600,Gare de Vauboyen,63454,
SNCF,37,87393546,8739354,PR/0087-393546-BV,252,1,VOIE,TRAIN,50116146,Bièvres,RAIL,472850,Bièvres,rail,43091,Bièvres,63404,248
SNCF,37,87393546,8739354,PR/0087-393546-BV,250,2,VOIE,TRAIN,50116676,Bièvres,RAIL,472234,Bièvres,rail,43091,Bièvres,63404,249
SNCF,37,87393546,8739354,PR/0087-393546-BV,251,BIEVRES,BUS,BUS,50118476,Bièvres,BUS,11554,Gare de Bièvres,bus,473075,Gare de Bièvres (Parvis),63404,
SNCF,389,87393561,8739356,PR/0087-393561-00,2755,1,VOIE,TRAIN,50116533,Igny,RAIL,472687,Igny,rail,43083,Igny,63352,2752
SNCF,389,87393561,8739356,PR/0087-393561-00,2756,2,VOIE,TRAIN,50118308,Igny,RAIL,471020,Igny,rail,43083,Igny,63352,2753
SNCF,389,87393561,8739356,PR/0087-393561-00,2754,IGNY,BUS,BUS,50117896,Igny,BUS,21830,Gare d'Igny,bus,473379,Gare d'Igny,63352,
SNCF,109,87393579,8739357,PR/0087-393579-BV,821,1,VOIE,TRAIN,50116221,Massy - Palaiseau,RAIL,472788,Massy - Palaiseau,rail,58774,Massy - Palaiseau,63244,819
SNCF,109,87393579,8739357,PR/0087-393579-BV,815,2,VOIE,TRAIN,50117723,Massy - Palaiseau,RAIL,471608,Massy - Palaiseau,rail,58774,Massy - Palaiseau,63244,822
SNCF,109,87393579,8739357,PR/0087-393579-BV,816,3,VOIE,TRAIN,50117749,Massy - Palaiseau,RAIL,471587,Massy - Palaiseau,rail,58774,Massy - Palaiseau,63244,819
SNCF,109,87393579,8739357,PR/0087-393579-BV,823,4,VOIE,TRAIN,50118843,Massy - Palaiseau,RAIL,472474,Massy - Palaiseau,rail,58774,Massy - Palaiseau,63244,822
SNCF,109,87393579,8739357,PR/0087-393579-BV,818,MASSY PALAISEAU,BUS,BUS,50116613,Massy - Palaiseau,BUS,28666,Gare de Massy Palaiseau,bus,473338,Gare Massy Palaiseau (Avenue Raymond Aron),63244,
SNCF,368,87393611,8739361,PR/0087-393611-00,2617,1,VOIE,TRAIN,50117273,Longjumeau,RAIL,471857,Longjumeau,rail,47059,Longjumeau,62977,2619
SNCF,368,87393611,8739361,PR/0087-393611-00,2616,2,VOIE,TRAIN,50117711,Longjumeau,RAIL,471625,Longjumeau,rail,47059,Longjumeau,62977,2618
SNCF,368,87393611,8739361,PR/0087-393611-00,2620,LONGJUMEAU,BUS,BUS,50117500,Longjumeau,BUS,471849,Longjumeau,bus,473504,Gare de Longjumeau,62977,
SNCF,308,87393629,8739362,PR/0087-393629-00,2261,1,VOIE,TRAIN,50117487,Plaisir - Les Clayes,RAIL,471834,Plaisir - Les Clayes,rail,43181,Plaisir - Les Clayes,64195,2265
SNCF,308,87393629,8739362,PR/0087-393629-00,2262,2,VOIE,TRAIN,50118163,Plaisir - Les Clayes,RAIL,471108,Plaisir - Les Clayes,rail,43181,Plaisir - Les Clayes,64195,2264
SNCF,308,87393629,8739362,PR/0087-393629-00,2263,PLAISIR LES CLAYES,BUS,BUS,50117646,Plaisir - Les Clayes,BUS,471681,Plaisir - Les Clayes,bus,473445,Gare de Plaisir-Les Clayes,64195,
SNCF,350,87393637,8739363,PR/0087-393637-00,2497,1,VOIE,TRAIN,50117782,Chilly-Mazarin,RAIL,471538,Chilly-Mazarin,rail,43109,Chilly-Mazarin,62939,2499
SNCF,350,87393637,8739363,PR/0087-393637-00,2501,2,VOIE,TRAIN,50116313,Chilly-Mazarin,RAIL,472883,Chilly-Mazarin,rail,43109,Chilly-Mazarin,62939,2498
SNCF,350,87393637,8739363,PR/0087-393637-00,2500,CHILLY MAZARIN,BUS,BUS,50116117,Chilly-Mazarin,BUS,33363,Gare de Chilly-Mazarin,bus,473212,Gare de Chilly-Mazarin,62939,
SNCF,329,87393645,8739364,PR/0087-393645-00,2378,1,VOIE,TRAIN,50117192,Gravigny Balizy,RAIL,471990,Gravigny Balizy,rail,47934,Gravigny Balizy,62667,2375
SNCF,329,87393645,8739364,PR/0087-393645-00,2379,2,VOIE,TRAIN,50118711,Gravigny Balizy,RAIL,472721,Gravigny Balizy,rail,47934,Gravigny Balizy,62667,2376
SNCF,329,87393645,8739364,PR/0087-393645-00,2377,GRAVIGNY BALIZY,BUS,BUS,50117262,Gravigny Balizy,BUS,471882,Gravigny Balizy,bus,473353,Gare de Gravigny Balizy,62667,
SNCF,307,87393652,8739365,PR/0087-393652-00,2260,1,VOIE,TRAIN,50117128,Petit Vaux,RAIL,471923,Petit Vaux,rail,47945,Petit Vaux,60985,2257
SNCF,307,87393652,8739365,PR/0087-393652-00,2259,2,VOIE,TRAIN,50117600,Petit Vaux,RAIL,471797,Petit Vaux,rail,47945,Petit Vaux,60985,2256
SNCF,307,87393652,8739365,PR/0087-393652-00,2258,PETIT VAUX,BUS,BUS,50118039,Petit Vaux,BUS,471286,Petit Vaux,bus,473433,Gare de Petit Vaux,60985,
SNCF,109,87393702,8739370,PR/0087-393702-BV,820,3,VOIE,TRAIN,50118411,Massy - Palaiseau,RAIL,470825,Massy - Palaiseau,rail,58774,Massy - Palaiseau,63244,814
SNCF,109,87393702,8739370,PR/0087-393702-BV,813,4,VOIE,TRAIN,50116638,Massy - Palaiseau,RAIL,472207,Massy - Palaiseau,rail,58774,Massy - Palaiseau,63244,817
SNCF,61,87393835,8739383,PR/0087-393835-BV,390,1,VOIE,TRAIN,50117051,Trappes,RAIL,472042,Trappes,rail,43209,Trappes,463850,392
SNCF,61,87393835,8739383,PR/0087-393835-BV,385,1B,VOIE,TRAIN,50118892,Trappes,RAIL,472310,Trappes,rail,43209,Trappes,463850,389
SNCF,61,87393835,8739383,PR/0087-393835-BV,391,2,VOIE,TRAIN,50118684,Trappes,RAIL,472676,Trappes,rail,43209,Trappes,463850,389
SNCF,61,87393835,8739383,PR/0087-393835-BV,388,2B,VOIE,TRAIN,50116557,Trappes,RAIL,472547,Trappes,rail,43209,Trappes,463850,386
SNCF,61,87393835,8739383,PR/0087-393835-BV,387,TRAPPES,BUS,BUS,50118176,Trappes,BUS,471162,Trappes,bus,473590,Gare de Trappes (Rue Pierre Semard),463850,
SNCF,75,87393843,8739384,PR/0087-393843-BV,579,1,VOIE,TRAIN,50116524,Saint-Quentin en Yvelines - Montigny-le-Bretonneux,RAIL,472731,Saint-Quentin en Yvelines - Montigny-le-Bretonneux,rail,461504,Saint-Quentin en Yvelines - Montigny-le-Bretonneux,63812,583
SNCF,75,87393843,8739384,PR/0087-393843-BV,580,1B,VOIE,TRAIN,50116196,Saint-Quentin en Yvelines - Montigny-le-Bretonneux,RAIL,472780,Saint-Quentin en Yvelines - Montigny-le-Bretonneux,rail,461504,Saint-Quentin en Yvelines - Montigny-le-Bretonneux,63812,582
SNCF,75,87393843,8739384,PR/0087-393843-BV,585,2,VOIE,TRAIN,50118815,Saint-Quentin en Yvelines - Montigny-le-Bretonneux,RAIL,472414,Saint-Quentin en Yvelines - Montigny-le-Bretonneux,rail,461504,Saint-Quentin en Yvelines - Montigny-le-Bretonneux,63812,583
SNCF,75,87393843,8739384,PR/0087-393843-BV,578,2B,VOIE,TRAIN,50118408,Saint-Quentin en Yvelines - Montigny-le-Bretonneux,RAIL,470830,Saint-Quentin en Yvelines - Montigny-le-Bretonneux,rail,461504,Saint-Quentin en Yvelines - Montigny-le-Bretonneux,63812,581
SNCF,75,87393843,8739384,PR/0087-393843-BV,577,A,VOIE,TRAIN,50118013,Saint-Quentin en Yvelines - Montigny-le-Bretonneux,RAIL,471329,Saint-Quentin en Yvelines - Montigny-le-Bretonneux,rail,461504,Saint-Quentin en Yvelines - Montigny-le-Bretonneux,63812,581
SNCF,75,87393843,8739384,PR/0087-393843-BV,584,B,VOIE,TRAIN,50117587,Saint-Quentin en Yvelines - Montigny-le-Bretonneux,RAIL,471781,Saint-Quentin en Yvelines - Montigny-le-Bretonneux,rail,461504,Saint-Quentin en Yvelines - Montigny-le-Bretonneux,63812,582
SNCF,75,87393843,8739384,PR/0087-393843-BV,575,SAINT-QUENTIN EN YVELINES (MONTIGNY LE BRETONNEUX),BUS,BUS,50117916,Saint-Quentin en Yvelines - Montigny-le-Bretonneux,BUS,21083,Saint-Quentin - Gare Routière des Prés (Quai A),bus,473546,Saint-Quentin - Gare Routière des Prés,63812,
SNCF,385,87393876,8739387,PR/0087-393876-00,2735,NOISY LE ROI,BUS,BUS,50118728,Noisy-le-Roi,BUS,472525,Noisy-le-Roi,bus,473317,Gare de Noisy le Roi (Rue de Verdun),64246,
SNCF,257,87393884,8739388,PR/0087-393884-00,1920,1,VOIE,TRAIN,50118292,Villiers - Neauphle - Pontchartrain,RAIL,470968,Villiers - Neauphle - Pontchartrain,rail,46847,Villiers - Neauphle - Pontchartrain,424296,1923
SNCF,257,87393884,8739388,PR/0087-393884-00,1921,2,VOIE,TRAIN,50118806,Villiers - Neauphle - Pontchartrain,RAIL,472428,Villiers - Neauphle - Pontchartrain,rail,46847,Villiers - Neauphle - Pontchartrain,424296,1922
SNCF,257,87393884,8739388,PR/0087-393884-00,1919,VILLIERS NEAUPHLE PONTCHARTRAIN,BUS,BUS,50117608,Villiers - Neauphle - Pontchartrain,BUS,471789,Villiers - Neauphle - Pontchartrain,bus,473618,Gare de Villiers-Neauphle-Pontchartrain,424296,
SNCF,319,87393892,8739389,PR/0087-393892-00,2325,1,VOIE,TRAIN,50118102,Montfort-l'Amaury - Méré,RAIL,471222,Montfort-l'Amaury - Méré,rail,46850,Montfort-l'Amaury - Méré,63955,2327
SNCF,319,87393892,8739389,PR/0087-393892-00,2324,2,VOIE,TRAIN,50116156,Montfort-l'Amaury - Méré,RAIL,472848,Montfort-l'Amaury - Méré,rail,46850,Montfort-l'Amaury - Méré,63955,2326
SNCF,319,87393892,8739389,PR/0087-393892-00,2328,MONTFORT L'AMAURY MERE,BUS,BUS,50118488,Montfort-l'Amaury - Méré,BUS,470775,Montfort-l'Amaury - Méré,bus,473385,Gare de Montfort l'Amaury Méré,63955,
SNCF,1093,87394007,8739400,PR/0087-394007-BV,3492,1,VOIE,TRAIN,50118252,CHARTRES,RAIL,471084,Chartres,rail,411507,Chartres,411508,3489
SNCF,1093,87394007,8739400,PR/0087-394007-BV,3490,12,VOIE,TRAIN,50116373,CHARTRES,RAIL,472404,Chartres,rail,411507,Chartres,411508,3491
SNCF,1093,87394007,8739400,PR/0087-394007-BV,3486,1B,VOIE,TRAIN,50118719,CHARTRES,RAIL,472733,Chartres,rail,411507,Chartres,411508,3487
SNCF,1093,87394007,8739400,PR/0087-394007-BV,3488,2,VOIE,TRAIN,50116583,CHARTRES,RAIL,472592,Chartres,rail,411507,Chartres,411508,3489
SNCF,1093,87394007,8739400,PR/0087-394007-BV,3483,2B,VOIE,TRAIN,50117629,CHARTRES,RAIL,471802,Chartres,rail,411507,Chartres,411508,3485
SNCF,1093,87394007,8739400,PR/0087-394007-BV,3484,6,VOIE,TRAIN,50118225,CHARTRES,RAIL,471043,Chartres,rail,411507,Chartres,411508,3485
SNCF,1093,87394007,8739400,PR/0087-394007-BV,3482,8,VOIE,TRAIN,50116207,CHARTRES,RAIL,472768,Chartres,rail,411507,Chartres,411508,3491
SNCF,1089,87394114,8739411,PR/0087-394114-BV,3465,1,VOIE,TRAIN,50116282,Épernon,RAIL,473004,Épernon,rail,411511,Épernon,411512,3464
SNCF,1089,87394114,8739411,PR/0087-394114-BV,3466,2,VOIE,TRAIN,50118673,Épernon,RAIL,472652,Épernon,rail,411511,Épernon,411512,3467
SNCF,1090,87394130,8739413,PR/0087-394130-BV,3471,1,VOIE,TRAIN,50117931,Maintenon,RAIL,471383,Maintenon,rail,59302,Maintenon,74349,3470
SNCF,1090,87394130,8739413,PR/0087-394130-BV,3472,1BIS,VOIE,TRAIN,50116981,Maintenon,RAIL,472158,Maintenon,rail,59302,Maintenon,74349,3470
SNCF,1090,87394130,8739413,PR/0087-394130-BV,3468,2,VOIE,TRAIN,50117668,Maintenon,RAIL,471660,Maintenon,rail,59302,Maintenon,74349,3473
SNCF,1090,87394130,8739413,PR/0087-394130-BV,3469,2BIS,VOIE,TRAIN,50116547,Maintenon,RAIL,472538,Maintenon,rail,59302,Maintenon,74349,3473
SNCF,1091,87394148,8739414,PR/0087-394148-00,3474,1,VOIE,TRAIN,50116529,Saint-Piat,RAIL,472678,Saint-Piat,rail,411501,Saint-Piat,411502,3475
SNCF,1091,87394148,8739414,PR/0087-394148-00,3477,2,VOIE,TRAIN,50117152,Saint-Piat,RAIL,471949,Saint-Piat,rail,411501,Saint-Piat,411502,3476
SNCF,426,87394155,8739415,PR/0087-394155-BV,2910,1,VOIE,TRAIN,50117989,Jouy,RAIL,471320,Jouy,rail,411498,Jouy,411499,2913
SNCF,426,87394155,8739415,PR/0087-394155-BV,2912,2,VOIE,TRAIN,50118267,Jouy,RAIL,471066,Jouy,rail,411498,Jouy,411499,2911
SNCF,1092,87394171,8739417,PR/0087-394171-00,3481,1,VOIE,TRAIN,50118169,La Villette Saint-Prest,RAIL,471097,La Villette Saint-Prest,rail,411504,La Villette Saint-Prest,411505,3480
SNCF,1092,87394171,8739417,PR/0087-394171-00,3479,2,VOIE,TRAIN,50117255,La Villette Saint-Prest,RAIL,471890,La Villette Saint-Prest,rail,411504,La Villette Saint-Prest,411505,3478
SNCF,652,87410696,8741069,PR/0087-410696-BV,3299,Meulan Place de Vexin,BUS,BUS,50116262,Meulan-en-Yvelines Place du Vexin,BUS,13666,Place du Vexin,bus,44416,Place du Vexin,66281,
SNCF,652,87410696,8741069,PR/0087-410696-BV,3300,Meulan Place de Vexin,BUS,BUS,50118104,Meulan-en-Yvelines Place du Vexin,BUS,13667,Place du Vexin,bus,44416,Place du Vexin,66281,
SNCF,652,87410696,8741069,PR/0087-410696-BV,3298,MEULAN PLACE DU VEXIN,BUS,BUS,50117986,Meulan-en-Yvelines Place du Vexin,BUS,13666,Place du Vexin,bus,44416,Place du Vexin,66281,
SNCF,657,87410712,8741071,PR/0087-410712-BV,3309,MEULAN ARQUEBUSE,BUS,BUS,50118522,Meulan-en-Yvelines Arquebuse,BUS,470811,Arquebuse / La Poste,bus,42227,Arquebuse / Poste,66283,
SNCF,657,87410712,8741071,PR/0087-410712-BV,3310,MEULAN ARQUEBUSE,BUS,BUS,50117807,Meulan-en-Yvelines Arquebuse,BUS,471527,Arquebuse,bus,42227,Arquebuse / Poste,66283,
SNCF,657,87410712,8741071,PR/0087-410712-BV,3311,MEULAN ARQUEBUSE,BUS,BUS,50118927,Meulan-en-Yvelines Arquebuse,BUS,472977,Arquebuse,bus,42227,Arquebuse / Poste,66283,
SNCF,657,87410712,8741071,PR/0087-410712-BV,3312,MEULAN ARQUEBUSE,BUS,BUS,50117725,Meulan-en-Yvelines Arquebuse,BUS,472977,Arquebuse,bus,42227,Arquebuse / Poste,66283,
SNCF,658,87410852,8741085,PR/0087-410852-BV,2791,Gargenville Mairie,BUS,BUS,50118593,Gargenville Mairie,BUS,41257,Mairie,bus,54313,Mairie,65845,
SNCF,658,87410852,8741085,PR/0087-410852-BV,2792,Gargenville Mairie,BUS,BUS,50116522,Gargenville Mairie,BUS,13798,Mairie,bus,54313,Mairie,65845,
SNCF,658,87410852,8741085,PR/0087-410852-BV,3313,Gargenville Mairie,BUS,BUS,50118106,Gargenville Mairie,BUS,41257,Mairie,bus,54313,Mairie,65845,
SNCF,658,87410852,8741085,PR/0087-410852-BV,3314,Gargenville Mairie,BUS,BUS,50116102,Gargenville Mairie,BUS,13798,Mairie,bus,54313,Mairie,65845,
SNCF,554,87414409,8741440,PR/0087-414409-00,3125,Mairie de Juvisy,BUS,BUS,50118105,Juvisy Mairie,BUS,3118,Mairie,bus,44042,Mairie,62751,
SNCF,554,87414409,8741440,PR/0087-414409-00,3126,Mairie de Juvisy,BUS,BUS,50117477,Juvisy Mairie,BUS,3119,Mairie,bus,44042,Mairie,62751,
SNCF,586,87414425,8741442,PR/0087-414425-00,3187,Pyramide de Juvisy,BUS,BUS,50116322,Juvisy Pyramide,BUS,472891,Juvisy Pyramide,bus,44578,Pyramide de Juvisy,62875,
SNCF,586,87414425,8741442,PR/0087-414425-00,3188,Pyramide de Juvisy,BUS,BUS,50118823,Juvisy Pyramide,BUS,472464,Pyramide de Juvisy,bus,44578,Pyramide de Juvisy,62875,
SNCF,603,87414441,8741444,PR/0087-414441-00,3220,Place d'Italie,BUS,BUS,50117126,Place d'Italie,BUS,41261,Place d'Italie,bus,473326,Place d'Italie,71033,
SNCF,603,87414441,8741444,PR/0087-414441-00,3221,Place d'Italie,BUS,BUS,50117183,Place d'Italie,BUS,474348,Place d'Italie,bus,473444,Place d'Italie (Boulevard A.Blanqui),71033,
SNCF,904,87414466,8741446,PR/0087-414466-00,6003,Porte d'Italie,BUS,BUS,50117795,PORTE D'ITALIE,BUS,471524,Porte d'Italie,bus,473457,Porte d'Italie,70596,
SNCF,904,87414466,8741446,PR/0087-414466-00,6004,Porte d'Italie,BUS,BUS,50118539,PORTE D'ITALIE,BUS,470687,Porte d'Italie,bus,473457,Porte d'Italie,70596,
SNCF,607,87414490,8741449,PR/0087-414490-00,3228,Yves Farges,BUS,BUS,50117202,Trappes Yves Farges,BUS,471967,Trappes Yves Farges,bus,57743,Yves Farge,63667,
SNCF,607,87414490,8741449,PR/0087-414490-00,3229,Yves Farges,BUS,BUS,50116231,Trappes Yves Farges,BUS,20586,Yves Farge,bus,57743,Yves Farge,63667,
SNCF,605,87414516,8741451,PR/0087-414516-00,3224,Porte des Matelots,BUS,BUS,50117513,Porte des Matelots,BUS,4150,Les Matelots,bus,44530,Les Matelots,63945,
SNCF,605,87414516,8741451,PR/0087-414516-00,3225,Porte des Matelots,BUS,BUS,50118135,Porte des Matelots,BUS,471190,Porte des Matelots,bus,44530,Les Matelots,63945,
SNCF,597,87414524,8741452,PR/0087-414524-00,3208,Pierre Edouard,BUS,BUS,50118809,Pierre Édouard,BUS,426653,Edouard Branly / Pierre Edouard,bus,478373,Edouard Branly / Pierre Edouard,478374,
SNCF,597,87414524,8741452,PR/0087-414524-00,3209,Pierre Edouard,BUS,BUS,50117099,Pierre Édouard,BUS,4340,Edouard Branly / Pierre Edouard,bus,478373,Edouard Branly / Pierre Edouard,478374,
SNCF,608,87414532,8741453,PR/0087-414532-00,3230,Paul Langevin,BUS,BUS,50118305,Paul Langevin,BUS,471017,Paul Langevin,bus,44288,Paul Langevin,63660,
SNCF,608,87414532,8741453,PR/0087-414532-00,3231,Paul Langevin,BUS,BUS,50116435,Paul Langevin,BUS,41268,Paul Langevin,bus,44288,Paul Langevin,63660,
SNCF,609,87414540,8741454,PR/0087-414540-00,3232,Pasteur,BUS,BUS,50118081,Trappes Pasteur,BUS,9538,Pasteur,bus,44274,Pasteur,63621,
SNCF,609,87414540,8741454,PR/0087-414540-00,3233,Pasteur,BUS,BUS,50117103,Trappes Pasteur,BUS,25018,Pasteur,bus,44274,Pasteur,63621,
SNCF,613,87414557,8741455,PR/0087-414557-00,3240,Les Pyramides,BUS,BUS,50118407,Les Pyramides,BUS,20556,Les Pyramides,bus,43780,Les Pyramides,63507,
SNCF,613,87414557,8741455,PR/0087-414557-00,3241,Les Pyramides,BUS,BUS,50118183,Les Pyramides,BUS,41270,Les Pyramides,bus,43780,Les Pyramides,63507,
SNCF,611,87414565,8741456,PR/0087-414565-00,3236,La petite Villedieu,BUS,BUS,50116412,La Petite Villedieu,BUS,20559,La Petite Villedieu,bus,43575,La Petite Villedieu,63548,
SNCF,611,87414565,8741456,PR/0087-414565-00,3237,La petite Villedieu,BUS,BUS,50118058,La Petite Villedieu,BUS,20594,La Petite Villedieu,bus,43575,La Petite Villedieu,63548,
SNCF,610,87414573,8741457,PR/0087-414573-00,3234,La Passerelle,BUS,BUS,50118485,LA PASSERELLE,BUS,20561,La Passerelle,bus,43573,La Passerelle,63593,
SNCF,610,87414573,8741457,PR/0087-414573-00,3235,La Passerelle,BUS,BUS,50116616,LA PASSERELLE,BUS,35444,La Passerelle,bus,43573,La Passerelle,63593,
SNCF,590,87414581,8741458,PR/0087-414581-00,3195,Hôpital Jean Rostand,BUS,BUS,50116300,Hôpital Jean Rostand,BUS,25597,Hôpital Jean Rostand,bus,43381,Hôpital Jean Rostand,69529,
SNCF,590,87414581,8741458,PR/0087-414581-00,3196,Hôpital Jean Rostand,BUS,BUS,50117750,Hôpital Jean Rostand,BUS,30065,Hôpital Jean Rostand,bus,43381,Hôpital Jean Rostand,69529,
SNCF,606,87414599,8741459,PR/0087-414599-00,3226,Groupe scolaire Pasteur,BUS,BUS,50118166,Groupe Scolaire Pasteur,BUS,471111,Groupe Scolaire Pasteur,bus,43327,Groupe Scolaire Pasteur,63740,
SNCF,606,87414599,8741459,PR/0087-414599-00,3227,Groupe scolaire Pasteur,BUS,BUS,50117215,Groupe Scolaire Pasteur,BUS,471972,Groupe Scolaire Pasteur,bus,43327,Groupe Scolaire Pasteur,63740,
SNCF,596,87414607,8741460,PR/0087-414607-00,3206,Grâce de Dieu,BUS,BUS,50117157,Grâce de Dieu,BUS,25581,Grâce de Dieu,bus,43301,La Grâce de Dieu,63954,
SNCF,596,87414607,8741460,PR/0087-414607-00,3207,Grâce de Dieu,BUS,BUS,50117969,Grâce de Dieu,BUS,25576,Grâce de Dieu,bus,43301,La Grâce de Dieu,63954,
SNCF,595,87414615,8741461,PR/0087-414615-00,3204,Atrium,BUS,BUS,50118002,Atrium,BUS,471334,Atrium,bus,42235,Atrium,73720,
SNCF,595,87414615,8741461,PR/0087-414615-00,3205,Atrium,BUS,BUS,50118559,Atrium,BUS,470705,Atrium,bus,42235,Atrium,73720,
SNCF,614,87414698,8741469,PR/0087-414698-00,3242,Firmin - Gillot,BUS,BUS,50116150,Porte de Versailles,BUS,17566,Porte de Versailles,bus,473706,Porte de Versailles,71045,
SNCF,580,87414706,8741470,PR/0087-414706-00,3175,Balard,BUS,BUS,50116461,Balard,BUS,25453,Balard,bus,463327,Balard (Boulevard Victor),71073,
SNCF,580,87414706,8741470,PR/0087-414706-00,3176,Balard,BUS,BUS,50117575,Balard,BUS,471765,Balard,bus,463327,Balard (Boulevard Victor),71073,
SNCF,589,87414714,8741471,PR/0087-414714-00,3193,Marcel Sembat,BUS,BUS,50117868,MARCEL SEMBAT,BUS,41286,Marcel Sembat,bus,473636,Marcel Sembat,71054,
SNCF,589,87414714,8741471,PR/0087-414714-00,3194,Marcel Sembat,BUS,BUS,50117484,MARCEL SEMBAT,BUS,42081,Marcel Sembat - Métro,bus,473636,Marcel Sembat,71054,
SNCF,455,87415604,8741560,PR/0087-415604-BV,3014,1,VOIE,TRAIN,50118098,Vernon - Giverny,RAIL,471217,Vernon - Giverny,rail,59038,Vernon - Giverny,74127,3011
SNCF,455,87415604,8741560,PR/0087-415604-BV,3015,2,VOIE,TRAIN,50117213,Vernon - Giverny,RAIL,471970,Vernon - Giverny,rail,59038,Vernon - Giverny,74127,3012
SNCF,455,87415604,8741560,PR/0087-415604-BV,3013,Vernon,BUS,BUS,50116235,Vernon - Giverny,BUS,472939,Vernon - Giverny,bus,473560,Gare de Vernon - Giverny,74127,
SNCF,214,87415885,8741588,PR/0087-415885-00,1654,1,VOIE,TRAIN,50116238,Rosny-sur-Seine,RAIL,472945,Rosny-sur-Seine,rail,479059,Rosny-sur-Seine,66157,1656
SNCF,214,87415885,8741588,PR/0087-415885-00,1655,2,VOIE,TRAIN,50117893,Rosny-sur-Seine,RAIL,471422,Rosny-sur-Seine,rail,479059,Rosny-sur-Seine,66157,1651
SNCF,214,87415885,8741588,PR/0087-415885-00,1653,Rosny sur Seine,BUS,BUS,50118134,Rosny-sur-Seine,BUS,471191,Rosny-sur-Seine,bus,473488,Gare de Rosny-sur-Seine,66157,
SNCF,330,87415893,8741589,PR/0087-415893-BV,2381,1,VOIE,TRAIN,50118523,Bonnières,RAIL,470812,Bonnières,rail,46984,Bonnières,66741,2384
SNCF,330,87415893,8741589,PR/0087-415893-BV,2380,2,VOIE,TRAIN,50117766,Bonnières,RAIL,471553,Bonnières,rail,46984,Bonnières,66741,2382
SNCF,330,87415893,8741589,PR/0087-415893-BV,2385,BONNIERES,BUS,BUS,50117687,Bonnières,BUS,427221,Gare Routière Bonnières,bus,55090,Bonnières (Gare routière),66741,
SNCF,156,87430819,8743081,PR/0087-430819-00,4919,La Ferté Gaucher - Centre Ville,BUS,BUS,50118857,La Ferté Gaucher Centre,BUS,472261,La Ferté Gaucher Centre,bus,47442,La Ferté Gaucher - Centre,67783,
SNCF,315,87430884,8743088,PR/0087-430884-00,4923,Jouy sur Morin - Monument aux Morts,BUS,BUS,50118907,Jouy-sur-Morin Monument aux morts,BUS,472355,Monument aux Morts,bus,58244,Monument aux Morts,67820,
SNCF,274,87430900,8743090,PR/0087-430900-00,4922,Jouy sur morin - Eustache Lenoir,BUS,BUS,50117827,Jouy-sur-Morin Eustache Lenoir,BUS,6817,Eustache Lenoir,bus,42974,Eustache Lenoir,67871,
SNCF,274,87430900,8743090,PR/0087-430900-00,6037,Jouy sur morin - Eustache Lenoir,BUS,BUS,50117337,Jouy-sur-Morin Eustache Lenoir,BUS,6816,Eustache Lenoir,bus,42974,Eustache Lenoir,67871,
SNCF,317,87430918,8743091,PR/0087-430918-00,4924,Jouy sur morin - Champgoulin,BUS,BUS,50117154,Jouy-sur-Morin Champgoulin,BUS,471947,Champgoulin,bus,42527,Champgoulin,67827,
SNCF,317,87430918,8743091,PR/0087-430918-00,4925,Jouy sur morin - Champgoulin,BUS,BUS,50118475,Jouy-sur-Morin Champgoulin,BUS,6379,Champgoulin,bus,42527,Champgoulin,67827,
SNCF,73,87431791,8743179,PR/0087-431791-00,569,1TT,VOIE,TRAM-TRAIN,50116498,Rougemont Chanteloup,TRAM,472618,Rougemont Chanteloup,tram,411283,Rougemont Chanteloup,411284,565
SNCF,73,87431791,8743179,PR/0087-431791-00,567,2TT,VOIE,TRAM-TRAIN,50118038,Rougemont Chanteloup,TRAM,471289,Rougemont Chanteloup,tram,411283,Rougemont Chanteloup,411284,564
SNCF,73,87431791,8743179,PR/0087-431791-00,566,ROUGEMONT CHANTELOUP,BUS,BUS,50118255,Rougemont Chanteloup,BUS,471081,Rougemont Chanteloup,bus,473489,Rougemont Chanteloup,411284,
SNCF,73,87431791,8743179,PR/0087-431791-00,568,ROUGEMONT CHANTELOUP,BUS,BUS,50117803,Rougemont Chanteloup,BUS,471531,Rougemont Chanteloup,bus,473489,Rougemont Chanteloup,411284,
SNCF,627,87432823,8743282,PR/0087-432823-00,3262,Bezons Grand Cerf,BUS,BUS,50116119,Bezons-Grand-Cerf Noctilien,BUS,41466,Grand Cerf,bus,43303,Grand Cerf,64768,
SNCF,627,87432823,8743282,PR/0087-432823-00,3263,Bezons Grand Cerf,BUS,BUS,50117887,Bezons-Grand-Cerf Noctilien,BUS,471456,Grand-Cerf,bus,43303,Grand Cerf,64768,
SNCF,638,87432831,8743283,PR/0087-432831-00,3281,Conflans Fin d'Oise,BUS,BUS,50118604,Conflans Fin d'Oise Noctilien,BUS,34823,Pont Rive Droite / Conflans Fin d'Oise,bus,54575,Pont Rive Droite / Conflans Fin d'Oise,65928,
SNCF,639,87432849,8743284,PR/0087-432849-HR,3282,CONFLANS SAINTE-HONORINE,BUS,BUS,50116290,Conflans Ste Honorine Noctilien,BUS,472862,Conflans Sainte-Honorine,bus,47445,Verdun / Conflans Sainte-Honorine,66042,
SNCF,639,87432849,8743284,PR/0087-432849-HR,3283,CONFLANS SAINTE-HONORINE,BUS,BUS,50118943,Conflans Ste Honorine Noctilien,BUS,41486,Conflans Sainte-Honorine,bus,47445,Verdun / Conflans Sainte-Honorine,66042,
SNCF,635,87432856,8743285,PR/0087-432856-HR,3274,Courbevoie Europe,BUS,BUS,50117912,Courbevoie Bécon Noctilien,BUS,471433,Europe / Courbevoie-Bécon,bus,46447,Europe / Courbevoie-Bécon,72120,
SNCF,635,87432856,8743285,PR/0087-432856-HR,3275,Courbevoie Europe,BUS,BUS,50117473,Courbevoie Bécon Noctilien,BUS,39427,Europe / Courbevoie-Bécon,bus,46447,Europe / Courbevoie-Bécon,72120,
SNCF,167,87432864,8743286,PR/0087-432864-HR,1234,ERAGNY NEUVILLE,BUS,BUS,50118865,Éragny - Neuville,BUS,420190,Éragny Gare SNCF - Noctilien,bus,473371,Gare d'Éragny,66484,
SNCF,628,87432872,8743287,PR/0087-432872-00,3264,Conseil Général,BUS,BUS,50118783,Conseil Général,BUS,472606,Conseil Départemental / Conseil Général,bus,42748,Conseil Départemental / Conseil Général,73608,
SNCF,628,87432872,8743287,PR/0087-432872-00,3265,Conseil Général,BUS,BUS,50118546,Conseil Général,BUS,41477,Conseil Départemental / Conseil Général,bus,42748,Conseil Départemental / Conseil Général,73608,
SNCF,640,87432880,8743288,PR/0087-432880-00,3284,Houilles,BUS,BUS,50117903,Houilles Noctilien,BUS,471412,Les Blanches / Houilles,bus,43701,Les Blanches / Houilles,64789,
SNCF,640,87432880,8743288,PR/0087-432880-00,3285,Houilles,BUS,BUS,50116582,Houilles Noctilien,BUS,23810,Les Blanches / Houilles,bus,43701,Les Blanches / Houilles,64789,
SNCF,100,87432898,8743289,PR/0087-432898-00,755,LA GARENNE COLOMBES,BUS,BUS,50116663,La Garenne-Colombes,BUS,472169,La Garenne-Colombes,bus,473422,Gare de la Garenne-Colombes (bd De Gaulle),72148,
SNCF,100,87432898,8743289,PR/0087-432898-00,756,LA GARENNE COLOMBES,BUS,BUS,50118297,La Garenne-Colombes,BUS,36825,Gare de la Garenne-Colombes,bus,473422,Gare de la Garenne-Colombes (bd De Gaulle),72148,
SNCF,297,87432906,8743290,PR/0087-432906-00,2184,Neuville Université Gare,BUS,BUS,50116222,Neuville Université,BUS,472785,Neuville Université,bus,473291,Gare de Neuville Université,66436,
SNCF,641,87432914,8743291,PR/0087-432914-HR,3286,SARTROUVILLE,BUS,BUS,50117847,Sartrouville Noctilien,BUS,41489,Sartrouville / Stalingrad,bus,44902,Stalingrad,64977,
SNCF,641,87432914,8743291,PR/0087-432914-HR,3287,SARTROUVILLE,BUS,BUS,50116180,Sartrouville Noctilien,BUS,472760,Sartrouville / Stalingrad,bus,44902,Stalingrad,64977,
SNCF,583,87432948,8743294,PR/0087-432948-00,3181,Mairie de Chessy,BUS,BUS,50118893,Chessy Noctilien,BUS,41470,Chessy / Mairie,bus,47290,Chessy / Mairie,68476,
SNCF,583,87432948,8743294,PR/0087-432948-00,3182,Mairie de Chessy,BUS,BUS,50118768,Chessy Noctilien,BUS,472596,Chessy / Mairie,bus,47290,Chessy / Mairie,68476,
SNCF,653,87432955,8743295,PR/0087-432955-HR,3301,LAGNY THORIGNY,BUS,BUS,50117263,Lagny Thorigny Noctilien,BUS,15687,Lagny Thorigny / Foch,bus,47307,Lagny Thorigny / Foch Paix Notre Dame,68427,
SNCF,653,87432955,8743295,PR/0087-432955-HR,3302,LAGNY THORIGNY,BUS,BUS,50118243,Lagny Thorigny Noctilien,BUS,471093,Foch / Paix Notre Dame,bus,47307,Lagny Thorigny / Foch Paix Notre Dame,68427,
SNCF,291,87432963,8743296,PR/0087-432963-HR,2147,Val de Fontenay RER,BUS,BUS,50117061,Val de Fontenay,BUS,472122,Gare de Val de Fontenay,bus,473595,Gare de Val-de-Fontenay,71718,
SNCF,291,87432963,8743296,PR/0087-432963-HR,2148,Val de Fontenay RER,BUS,BUS,50118835,Val de Fontenay,BUS,472486,Gare de Val de Fontenay,bus,473595,Gare de Val-de-Fontenay,71718,
SNCF,581,87433078,8743307,PR/0087-433078-00,3177,Saint-Thibault des Vignes,BUS,BUS,50116989,Saint-Thibault-des-Vignes,BUS,41471,Av du Général Leclerc,bus,52290,Avenue du Général Leclerc,68371,
SNCF,581,87433078,8743307,PR/0087-433078-00,3178,Saint-Thibault des Vignes,BUS,BUS,50117953,Saint-Thibault-des-Vignes,BUS,471351,Av du Général Leclerc,bus,52290,Avenue du Général Leclerc,68371,
SNCF,543,87433086,8743308,PR/0087-433086-00,3106,Collégien,BUS,BUS,50117861,Collégien Noctilien,BUS,15471,Eglise / Collégien,bus,52397,Eglise / Collégien,68117,
SNCF,543,87433086,8743308,PR/0087-433086-00,3107,Collégien,BUS,BUS,50118811,Collégien Noctilien,BUS,15470,Eglise / Collégien,bus,52397,Eglise / Collégien,68117,
SNCF,493,87433094,8743309,PR/0087-433094-HR,3083,Gare de Bussy St-Georges,BUS,BUS,50116632,Bussy-Saint-Georges,BUS,16925,Gare de Bussy-Saint-Georges,bus,473056,Gare de Bussy-Saint-Georges,68105,
SNCF,494,87433102,8743310,PR/0087-433102-HR,3084,Gare de Val d'Europe Serris Montévrain,BUS,BUS,50116335,Val d'Europe,BUS,472896,Val d'Europe,bus,473594,Gare de Val d'Europe,68266,
SNCF,223,87433110,8743311,PR/0087-433110-HR,1712,Rosny-sous-Bois RER,BUS,BUS,50118465,Rosny-sous-Bois,BUS,470765,Rosny-sous-Bois,bus,473466,Rosny-sous-Bois RER,71935,
SNCF,223,87433110,8743311,PR/0087-433110-HR,1713,Rosny-sous-Bois RER,BUS,BUS,50118336,Rosny-sous-Bois,BUS,26899,Rosny-sous-Bois RER,bus,473466,Rosny-sous-Bois RER,71935,
SNCF,116,87433128,8743312,PR/0087-433128-HR,879,Rosny Bois Perrier RER Rosny 2,BUS,BUS,50118099,Rosny Bois Perrier,BUS,471563,Rosny Bois Perrier,bus,473487,Gare de Rosny Bois Perrier (Rue Léon Blum),426280,
SNCF,116,87433128,8743312,PR/0087-433128-HR,887,Rosny Bois Perrier RER Rosny 2,BUS,BUS,50117775,Rosny Bois Perrier,BUS,471563,Rosny Bois Perrier,bus,473487,Gare de Rosny Bois Perrier (Rue Léon Blum),426280,
SNCF,584,87433136,8743313,PR/0087-433136-00,3183,Ozoir-la-Ferrière,BUS,BUS,50117210,Ozoir-la-Ferrière,BUS,471975,Ozoir-la-Ferrière,bus,56206,Aristide Briand,67734,
SNCF,584,87433136,8743313,PR/0087-433136-00,3184,Ozoir-la-Ferrière,BUS,BUS,50116480,Ozoir-la-Ferrière,BUS,472651,Ozoir-la-Ferrière,bus,56206,Aristide Briand,67734,
SNCF,234,87433144,8743314,PR/0087-433144-HR,1786,Gare d'Emerainville Pontault Combault,BUS,BUS,50117493,Émerainville - Pontault-Combault,BUS,20033,Gare de Pontault (Place Beilstein),bus,44366,Place Beilstein,415522,
SNCF,579,87433151,8743315,PR/0087-433151-00,3173,Porte de Bagnolet,BUS,BUS,50117824,PORTE DE BAGNOLET NOCTILIEN,BUS,471489,Porte de Bagnolet,bus,473454,Porte de Bagnolet,71799,
SNCF,579,87433151,8743315,PR/0087-433151-00,3174,Porte de Bagnolet,BUS,BUS,50117520,PORTE DE BAGNOLET NOCTILIEN,BUS,24859,Porte de Bagnolet,bus,473454,Porte de Bagnolet,71799,
SNCF,578,87433169,8743316,PR/0087-433169-00,3171,République,BUS,BUS,50117955,Paris République Noctilien,BUS,471348,République,bus,473756,République,71311,
SNCF,578,87433169,8743316,PR/0087-433169-00,3172,République,BUS,BUS,50118256,Paris République Noctilien,BUS,471079,Paris République Noctilien,bus,473756,République,71311,
SNCF,486,87433177,8743317,PR/0087-433177-00,3076,Gare de Neuilly Plaisance,BUS,BUS,50117700,Neuilly-Plaisance,BUS,25993,Neuilly-Plaisance RER,bus,473837,Gare de Neuilly-Plaisance,73190,
SNCF,486,87433177,8743317,PR/0087-433177-00,3077,Gare de Neuilly Plaisance,BUS,BUS,50116145,Neuilly-Plaisance,BUS,41474,Neuilly Plaisance,bus,473837,Gare de Neuilly-Plaisance,73190,
SNCF,582,87433185,8743318,PR/0087-433185-00,3179,Montévrain,BUS,BUS,50116640,Montévrain Noctilien,BUS,41475,Cabane Noire / Montévrain,bus,55840,Cabane Noire / Montévrain,73747,
SNCF,582,87433185,8743318,PR/0087-433185-00,3180,Montévrain,BUS,BUS,50116270,Montévrain Noctilien,BUS,15388,Cabane Noire / Montévrain,bus,55840,Cabane Noire / Montévrain,73747,
SNCF,598,87433201,8743320,PR/0087-433201-00,3210,Ville-Evrard,BUS,BUS,50116385,Ville Évrard Noctilien,BUS,41483,Ville Evrard,bus,45042,Ville Evrard,73217,
SNCF,598,87433201,8743320,PR/0087-433201-00,3211,Ville-Evrard,BUS,BUS,50117057,Ville Évrard Noctilien,BUS,472118,Ville Évrard,bus,45042,Ville Evrard,73217,
SNCF,231,87492108,8749210,PR/0087-492108-00,1763,1B,VOIE,TRAIN,50117567,Les Ardoines,RAIL,471747,Les Ardoines,rail,43227,Les Ardoines,70064,1762
SNCF,231,87492108,8749210,PR/0087-492108-00,1760,2B,VOIE,TRAIN,50118301,Les Ardoines,RAIL,470975,Les Ardoines,rail,43227,Les Ardoines,70064,1761
SNCF,231,87492108,8749210,PR/0087-492108-00,1765,LES ARDOINES,BUS,BUS,50118393,Les Ardoines,BUS,411299,Les Ardoines,bus,473492,Les Ardoines,70064,
SNCF,231,87492108,8749210,PR/0087-492108-00,1766,LES ARDOINES,BUS,BUS,50116395,Les Ardoines,BUS,472471,Les Ardoines,bus,473492,Les Ardoines,70064,
SNCF,546,87495713,8749571,PR/0087-495713-HR,3112,Orly 1-2-3,BUS,BUS,50117118,Orly 1-2-3,BUS,472099,Aéroport Orly 1-2-3 (Terminal Ouest),bus,462748,Aéroport Orly 1-2-3 (Terminal Ouest),63284,
SNCF,547,87495721,8749572,PR/0087-495721-HR,3113,Aristide Briand,BUS,BUS,50116147,Aristide Briand,BUS,472851,Aristide Briand,bus,42220,Aristide Briand,413442,
SNCF,547,87495721,8749572,PR/0087-495721-HR,3114,Aristide Briand,BUS,BUS,50117059,Aristide Briand,BUS,41499,Aristide Briand,bus,42220,Aristide Briand,413442,
SNCF,553,87495739,8749573,PR/0087-495739-HR,3123,Fer à Cheval,BUS,BUS,50116098,Fer-à-Cheval,BUS,22742,Fer à Cheval,bus,42985,Fer à cheval / Gaston Viens,69656,
SNCF,553,87495739,8749573,PR/0087-495739-HR,3124,Fer à Cheval,BUS,BUS,50117127,Fer-à-Cheval,BUS,8157,Fer à Cheval / Gaston Viens,bus,42985,Fer à cheval / Gaston Viens,69656,
SNCF,552,87495747,8749574,PR/0087-495747-HR,3121,Les Tilleuls,BUS,BUS,50118222,Les Tilleuls,BUS,21635,Les Tilleuls,bus,48085,Les Tilleuls,69722,
SNCF,552,87495747,8749574,PR/0087-495747-HR,3122,Les Tilleuls,BUS,BUS,50118311,Les Tilleuls,BUS,2704,Les Tilleuls,bus,48085,Les Tilleuls,69722,
SNCF,612,87495770,8749577,PR/0087-495770-HR,3238,Franche Comté,BUS,BUS,50116328,Franche-Comté,BUS,20557,Franche-Comté Bourgogne,bus,47431,Franche-Comté Bourgogne,63547,
SNCF,612,87495770,8749577,PR/0087-495770-HR,3239,Franche Comté,BUS,BUS,50118052,Franche-Comté,BUS,20596,Franche-Comté Bourgogne,bus,47431,Franche-Comté Bourgogne,63547,
SNCF,549,87501999,8750199,PR/0087-501999-HR,3116,Robert Schuman,BUS,BUS,50118109,Robert Schuman,BUS,41503,Robert Schuman,bus,44646,Robert Schuman,62073,
SNCF,549,87501999,8750199,PR/0087-501999-HR,5020,Robert Schuman,BUS,BUS,50117271,Robert Schuman,BUS,471873,Robert Schuman,bus,44646,Robert Schuman,62073,
SNCF,550,87502039,8750203,PR/0087-502039-HR,3117,André Malraux,BUS,BUS,50118567,André Malraux,BUS,31125,André Malraux,bus,42203,André Malraux,62069,
SNCF,550,87502039,8750203,PR/0087-502039-HR,3118,André Malraux,BUS,BUS,50118458,André Malraux,BUS,30954,André Malraux,bus,42203,André Malraux,62069,
SNCF,548,87502047,8750204,PR/0087-502047-HR,3115,Pyramide de Brunoy,BUS,BUS,50116995,Pyramide de Brunoy,BUS,41505,Pyramide de Brunoy,bus,44577,Pyramide,62634,
SNCF,545,87523548,8752354,PR/0087-523548-HR,3110,Orly 4,BUS,BUS,50118645,Orly 4,BUS,470657,Aéroport Orly 4 (Terminal Sud),bus,477687,Aéroport Orly 4 (Terminal Sud),63278,
SNCF,298,87534131,8753413,PR/0087-534131-BV,2187,7,VOIE,TRAIN,50117638,Ermont - Eaubonne,RAIL,471689,Ermont - Eaubonne,rail,47898,Ermont - Eaubonne,65669,2186
SNCF,298,87534131,8753413,PR/0087-534131-BV,2188,8,VOIE,TRAIN,50117745,Ermont - Eaubonne,RAIL,471582,Ermont - Eaubonne,rail,47898,Ermont - Eaubonne,65669,2196
SNCF,260,87540179,8754017,PR/0087-540179-00,1937,13,VOIE,TRAIN,50118187,Dourdan la Forêt,RAIL,471151,Dourdan la Forêt,rail,47095,Dourdan la Forêt,59843,1935
SNCF,260,87540179,8754017,PR/0087-540179-00,1936,DOURDAN LA FORET,BUS,BUS,50117919,Dourdan la Forêt,BUS,471429,Dourdan la Forêt,bus,42530,Lycée / Champ de Courses,59843,
SNCF,102,87543090,8754309,PR/0087-543090-BV,765,1BIS,VOIE,TRAIN,50116377,Angerville,RAIL,472379,Angerville,rail,47917,Angerville,59403,769
SNCF,102,87543090,8754309,PR/0087-543090-BV,768,2,VOIE,TRAIN,50118921,Angerville,RAIL,472965,Angerville,rail,47917,Angerville,59403,764
SNCF,102,87543090,8754309,PR/0087-543090-BV,766,Angerville,BUS,BUS,50117728,Angerville,BUS,471600,Angerville,bus,473032,Angerville,59403,
SNCF,218,87543181,8754318,PR/0087-543181-00,1683,1,VOIE,TRAIN,50118492,Boulainvilliers,RAIL,470771,Boulainvilliers,rail,45453,Boulainvilliers,71229,1682
SNCF,218,87543181,8754318,PR/0087-543181-00,1679,2,VOIE,TRAIN,50118581,Boulainvilliers,RAIL,470738,Boulainvilliers,rail,45453,Boulainvilliers,71229,1681
SNCF,218,87543181,8754318,PR/0087-543181-00,1680,BOULAINVILLIERS,BUS,BUS,50116641,Boulainvilliers,BUS,25405,Les Vignes - Boulainvilliers RER,bus,473126,Les Vignes - Boulainvilliers RER,71229,
SNCF,36,87543207,8754320,PR/0087-543207-00,245,1,VOIE,TRAIN,50118202,Avenue du Président Kennedy Maison de Radio France,RAIL,471131,Avenue du Président Kennedy Maison de Radio France,rail,45419,Avenue du Président Kennedy Maison de Radio France,71212,243
SNCF,36,87543207,8754320,PR/0087-543207-00,247,2,VOIE,TRAIN,50117168,Avenue du Président Kennedy Maison de Radio France,RAIL,471932,Avenue du Président Kennedy Maison de Radio France,rail,45419,Avenue du Président Kennedy Maison de Radio France,71212,244
SNCF,36,87543207,8754320,PR/0087-543207-00,246,AVENUE DU PRESIDENT KENNEDY,BUS,BUS,50117802,Avenue du Président Kennedy Maison de Radio France,BUS,25756,Radio France,bus,473043,Radio France (r. Ranelagh),71212,
SNCF,197,87545111,8754511,PR/0087-545111-00,1485,1B,VOIE,TRAIN,50118086,Monnerville,RAIL,471205,Monnerville,rail,43165,Monnerville,59429,1487
SNCF,197,87545111,8754511,PR/0087-545111-00,1486,2,VOIE,TRAIN,50116646,Monnerville,RAIL,472184,Monnerville,rail,43165,Monnerville,59429,1488
SNCF,313,87545129,8754512,PR/0087-545129-BV,2294,1BIS,VOIE,TRAIN,50118143,Guillerval,RAIL,471199,Guillerval,rail,43134,Guillerval,59450,2290
SNCF,313,87545129,8754512,PR/0087-545129-BV,2293,2,VOIE,TRAIN,50117980,Guillerval,RAIL,471363,Guillerval,rail,43134,Guillerval,59450,2289
SNCF,217,87545137,8754513,PR/0087-545137-BV,1674,1,VOIE,TRAIN,50118515,Étampes,RAIL,470824,Étampes,rail,43080,Étampes,478855,1669
SNCF,217,87545137,8754513,PR/0087-545137-BV,1677,2,VOIE,TRAIN,50117284,Étampes,RAIL,471897,Étampes,rail,43080,Étampes,478855,1669
SNCF,217,87545137,8754513,PR/0087-545137-BV,1678,3,VOIE,TRAIN,50116992,Étampes,RAIL,472064,Étampes,rail,43080,Étampes,478855,1672
SNCF,217,87545137,8754513,PR/0087-545137-BV,1671,4,VOIE,TRAIN,50117779,Étampes,RAIL,471541,Étampes,rail,43080,Étampes,478855,1670
SNCF,217,87545137,8754513,PR/0087-545137-BV,1676,6,VOIE,TRAIN,50116116,Étampes,RAIL,472823,Étampes,rail,43080,Étampes,478855,1670
SNCF,217,87545137,8754513,PR/0087-545137-BV,1675,ETAMPES,BUS,BUS,50116286,Étampes,BUS,2759,Gare d'Étampes,bus,473372,Gare d'Étampes,478855,
SNCF,42,87545145,8754514,PR/0087-545145-00,274,1B,VOIE,TRAIN,50117506,Étréchy,RAIL,471701,Étréchy,rail,43081,Étréchy,59678,273
SNCF,42,87545145,8754514,PR/0087-545145-00,275,2B,VOIE,TRAIN,50117968,Étréchy,RAIL,471367,Étréchy,rail,43081,Étréchy,59678,276
SNCF,42,87545145,8754514,PR/0087-545145-00,272,ETRECHY,BUS,BUS,50116562,Étréchy,BUS,472506,Étréchy,bus,473373,Gare d'Etrechy,59678,
SNCF,14,87545152,8754515,PR/0087-545152-00,73,1B,VOIE,TRAIN,50117200,Chamarande,RAIL,471964,Chamarande,rail,47927,Gare de Chamarande,59734,71
SNCF,14,87545152,8754515,PR/0087-545152-00,72,2B,VOIE,TRAIN,50116357,Chamarande,RAIL,472432,Chamarande,rail,47927,Gare de Chamarande,59734,75
SNCF,14,87545152,8754515,PR/0087-545152-00,74,CHAMARANDE,BUS,BUS,50116198,Chamarande,BUS,472777,Chamarande,bus,472778,Chamarande,59734,
SNCF,345,87545160,8754516,PR/0087-545160-00,2460,1B,VOIE,TRAIN,50118170,Lardy,RAIL,471098,Lardy,rail,43149,Lardy,59761,2462
SNCF,345,87545160,8754516,PR/0087-545160-00,2463,2B,VOIE,TRAIN,50118433,Lardy,RAIL,470868,Lardy,rail,43149,Lardy,59761,2461
SNCF,345,87545160,8754516,PR/0087-545160-00,2459,LARDY,BUS,BUS,50117661,Lardy,BUS,471665,Lardy,bus,473321,Gare de Lardy,59761,
SNCF,323,87545178,8754517,PR/0087-545178-00,2346,1B,VOIE,TRAIN,50116187,Bouray,RAIL,472759,Bouray,rail,47905,Bouray,59830,2343
SNCF,323,87545178,8754517,PR/0087-545178-00,2347,2B,VOIE,TRAIN,50118564,Bouray,RAIL,470716,Bouray,rail,47905,Bouray,59830,2344
SNCF,323,87545178,8754517,PR/0087-545178-00,2345,BOURAY,BUS,BUS,50118545,Bouray,BUS,470695,Bouray,bus,473152,Gare de Bouray,59830,
SNCF,137,87545186,8754518,PR/0087-545186-00,1007,1B,VOIE,TRAIN,50116342,Marolles-en-Hurepoix,RAIL,472903,Marolles-en-Hurepoix,rail,43159,Marolles-en-Hurepoix,59948,1005
SNCF,137,87545186,8754518,PR/0087-545186-00,1008,2B,VOIE,TRAIN,50118896,Marolles-en-Hurepoix,RAIL,472365,Marolles-en-Hurepoix,rail,43159,Marolles-en-Hurepoix,59948,1006
SNCF,137,87545186,8754518,PR/0087-545186-00,1004,MAROLLES EN HUREPOIX,BUS,BUS,50118224,Marolles-en-Hurepoix,BUS,471042,Marolles-en-Hurepoix,bus,473308,Gare de Marolles (Route de Cheptainville),59948,
SNCF,108,87545194,8754519,PR/0087-545194-BV,807,1,VOIE,TRAIN,50116970,Brétigny,RAIL,472148,Brétigny,rail,43098,Brétigny,60247,806
SNCF,108,87545194,8754519,PR/0087-545194-BV,804,2,VOIE,TRAIN,50117032,Brétigny,RAIL,472026,Brétigny,rail,43098,Brétigny,60247,811
SNCF,108,87545194,8754519,PR/0087-545194-BV,808,3,VOIE,TRAIN,50117276,Brétigny,RAIL,471864,Brétigny,rail,43098,Brétigny,60247,806
SNCF,108,87545194,8754519,PR/0087-545194-BV,805,4,VOIE,TRAIN,50117162,Brétigny,RAIL,471954,Brétigny,rail,43098,Brétigny,60247,811
SNCF,108,87545194,8754519,PR/0087-545194-BV,809,5,VOIE,TRAIN,50118036,Brétigny,RAIL,471292,Brétigny,rail,43098,Brétigny,60247,802
SNCF,108,87545194,8754519,PR/0087-545194-BV,803,6,VOIE,TRAIN,50117218,Brétigny,RAIL,472014,Brétigny,rail,43098,Brétigny,60247,800
SNCF,108,87545194,8754519,PR/0087-545194-BV,801,8,VOIE,TRAIN,50116581,Brétigny,RAIL,472590,Brétigny,rail,43098,Brétigny,60247,800
SNCF,108,87545194,8754519,PR/0087-545194-BV,810,BRETIGNY,BUS,BUS,50118435,Brétigny,BUS,470870,Brétigny,bus,473049,Gare de Brétigny (Place),60247,
SNCF,293,87545202,8754520,PR/0087-545202-00,2154,1B,VOIE,TRAIN,50116131,Saint-Michel-sur-Orge,RAIL,472833,Saint-Michel-sur-Orge,rail,43202,Saint-Michel-sur-Orge,60536,2156
SNCF,293,87545202,8754520,PR/0087-545202-00,2159,2B,VOIE,TRAIN,50118290,Saint-Michel-sur-Orge,RAIL,470965,Saint-Michel-sur-Orge,rail,43202,Saint-Michel-sur-Orge,60536,2155
SNCF,293,87545202,8754520,PR/0087-545202-00,2157,SAINT-MICHEL SUR ORGE,BUS,BUS,50118644,Saint-Michel-sur-Orge,BUS,470658,Saint-Michel-sur-Orge,bus,473052,Gare de Saint-Michel-sur-Orge,60536,
SNCF,202,87545210,8754521,PR/0087-545210-00,1521,1B,VOIE,TRAIN,50117971,Sainte-Geneviève-des-Bois,RAIL,471366,Sainte-Geneviève-des-Bois,rail,43188,Sainte-Geneviève-des-Bois,60785,1525
SNCF,202,87545210,8754521,PR/0087-545210-00,1523,2B,VOIE,TRAIN,50116429,Sainte-Geneviève-des-Bois,RAIL,472285,Sainte-Geneviève-des-Bois,rail,43188,Sainte-Geneviève-des-Bois,60785,1524
SNCF,202,87545210,8754521,PR/0087-545210-00,1526,SAINTE-GENEVIEVE DES BOIS,BUS,BUS,50117021,Sainte-Geneviève-des-Bois,BUS,472784,Sainte-Geneviève-des-Bois,bus,473055,Gare de Ste-Geneviève-des-Bois (Place Roosevelt),60785,
SNCF,21,87545228,8754522,PR/0087-545228-00,155,1B,VOIE,TRAIN,50116675,Épinay-sur-Orge,RAIL,472230,Épinay-sur-Orge,rail,43076,Épinay-sur-Orge,60915,157
SNCF,21,87545228,8754522,PR/0087-545228-00,156,2B,VOIE,TRAIN,50116431,Épinay-sur-Orge,RAIL,472282,Épinay-sur-Orge,rail,43076,Épinay-sur-Orge,60915,151
SNCF,21,87545228,8754522,PR/0087-545228-00,154,EPINAY SUR ORGE,BUS,BUS,50117552,Épinay-sur-Orge,BUS,471141,Épinay-sur-Orge,bus,473077,Gare d'Epinay-sur-Orge,60915,
SNCF,394,87545236,8754523,PR/0087-545236-BV,2780,1B,VOIE,TRAIN,50117713,Savigny-sur-Orge,RAIL,471613,Savigny-sur-Orge,rail,43192,Savigny-sur-Orge,60987,2779
SNCF,394,87545236,8754523,PR/0087-545236-BV,2781,2B,VOIE,TRAIN,50118886,Savigny-sur-Orge,RAIL,472330,Savigny-sur-Orge,rail,43192,Savigny-sur-Orge,60987,2784
SNCF,394,87545236,8754523,PR/0087-545236-BV,2783,SAVIGNY SUR ORGE,BUS,BUS,50117585,Savigny-sur-Orge,BUS,472680,Gare de Savigny-sur-Orge,bus,473551,Gare de Savigny-sur-Orge,60987,
SNCF,394,87545236,8754523,PR/0087-545236-BV,2786,SAVIGNY SUR ORGE,BUS,BUS,50118189,Savigny-sur-Orge,BUS,471157,Savigny-sur-Orge,bus,473551,Gare de Savigny-sur-Orge,60987,
SNCF,112,87545244,8754524,PR/0087-545244-BV,850,40,VOIE,TRAIN,50118832,Juvisy,RAIL,472482,Juvisy,rail,45739,Juvisy,478505,6051
SNCF,112,87545244,8754524,PR/0087-545244-BV,851,41,VOIE,TRAIN,50118199,Juvisy,RAIL,471148,Juvisy,rail,45739,Juvisy,478505,845
SNCF,112,87545244,8754524,PR/0087-545244-BV,852,42,VOIE,TRAIN,50117204,Juvisy,RAIL,471960,Juvisy,rail,45739,Juvisy,478505,6050
SNCF,112,87545244,8754524,PR/0087-545244-BV,853,43,VOIE,TRAIN,50118479,Juvisy,RAIL,470750,Juvisy,rail,45739,Juvisy,478505,839
SNCF,112,87545244,8754524,PR/0087-545244-BV,855,44,VOIE,TRAIN,50117115,Juvisy,RAIL,472094,Juvisy,rail,45739,Juvisy,478505,847
SNCF,112,87545244,8754524,PR/0087-545244-BV,854,45,VOIE,TRAIN,50118093,Juvisy,RAIL,471215,Juvisy,rail,45739,Juvisy,478505,6048
SNCF,112,87545244,8754524,PR/0087-545244-BV,859,46,VOIE,TRAIN,50117165,Juvisy,RAIL,471959,Juvisy,rail,45739,Juvisy,478505,844
SNCF,112,87545244,8754524,PR/0087-545244-BV,856,47,VOIE,TRAIN,50118785,Juvisy,RAIL,472396,Juvisy,rail,45739,Juvisy,478505,848
SNCF,112,87545244,8754524,PR/0087-545244-BV,846,48,VOIE,TRAIN,50118182,Juvisy,RAIL,471164,Juvisy,rail,45739,Juvisy,478505,6049
SNCF,112,87545244,8754524,PR/0087-545244-BV,838,49,VOIE,TRAIN,50117090,Juvisy,RAIL,472085,Juvisy,rail,45739,Juvisy,478505,849
SNCF,112,87545244,8754524,PR/0087-545244-BV,857,50,VOIE,TRAIN,50116489,Juvisy,RAIL,472668,Juvisy,rail,45739,Juvisy,478505,6052
SNCF,112,87545244,8754524,PR/0087-545244-BV,842,51,VOIE,TRAIN,50117832,Juvisy,RAIL,471494,Juvisy,rail,45739,Juvisy,478505,858
SNCF,112,87545244,8754524,PR/0087-545244-BV,840,JUVISY CONDORCET,BUS,BUS,50117768,Juvisy,BUS,471564,Juvisy,bus,473406,Gare de Juvisy (r. Pierre Semard),478505,
SNCF,112,87545244,8754524,PR/0087-545244-BV,841,JUVISY SEINE,BUS,BUS,50117230,Juvisy,BUS,2622,Gare Routière Seine,bus,45741,Gare de Juvisy - Gare Routière Seine,478505,
SNCF,35,87545251,8754525,PR/0087-545251-00,240,1B,VOIE,TRAIN,50118374,Athis-Mons,RAIL,470944,Athis-Mons,rail,46395,Athis-Mons,63134,238
SNCF,35,87545251,8754525,PR/0087-545251-00,241,2B,VOIE,TRAIN,50117058,Athis-Mons,RAIL,472115,Athis-Mons,rail,46395,Athis-Mons,63134,239
SNCF,35,87545251,8754525,PR/0087-545251-00,242,ATHIS MONS,BUS,BUS,50118789,Athis-Mons,BUS,411270,Athis Mons,bus,473028,Athis-Mons RER,63134,
SNCF,105,87545269,8754526,PR/0087-545269-00,784,1B,VOIE,TRAIN,50117699,Ablon,RAIL,471630,Ablon,rail,46387,Ablon,69554,782
SNCF,105,87545269,8754526,PR/0087-545269-00,783,2B,VOIE,TRAIN,50116194,Ablon,RAIL,472782,Ablon,rail,46387,Ablon,69554,786
SNCF,105,87545269,8754526,PR/0087-545269-00,788,ABLON,BUS,BUS,50117301,Ablon,BUS,411260,Ablon,bus,470533,Gare d'Ablon (rue Général de Gaulle),69554,
SNCF,186,87545277,8754527,PR/0087-545277-00,1361,1B,VOIE,TRAIN,50117081,Villeneuve-le-Roi,RAIL,472125,Villeneuve-le-Roi,rail,46307,Villeneuve-le-Roi,69625,1365
SNCF,186,87545277,8754527,PR/0087-545277-00,1362,2B,VOIE,TRAIN,50118369,Villeneuve-le-Roi,RAIL,470951,Villeneuve-le-Roi,rail,46307,Villeneuve-le-Roi,69625,1360
SNCF,186,87545277,8754527,PR/0087-545277-00,1363,VILLENEUVE LE ROI,BUS,BUS,50118181,Villeneuve-le-Roi,BUS,423887,Gare de Villeneuve-le-Roi,bus,473613,Gare de Villeneuve-le-Roi,69625,
SNCF,160,87545285,8754528,PR/0087-545285-BV,1174,1B,VOIE,TRAIN,50118779,Choisy-le-Roi,RAIL,472614,Choisy-le-Roi,rail,43110,Choisy-le-Roi,69852,1171
SNCF,160,87545285,8754528,PR/0087-545285-BV,1175,1T,VOIE,TRAIN,50116326,Choisy-le-Roi,RAIL,472887,Choisy-le-Roi,rail,43110,Choisy-le-Roi,69852,1171
SNCF,160,87545285,8754528,PR/0087-545285-BV,1172,2B,VOIE,TRAIN,50117481,Choisy-le-Roi,RAIL,471836,Choisy-le-Roi,rail,43110,Choisy-le-Roi,69852,1169
SNCF,160,87545285,8754528,PR/0087-545285-BV,1173,2T,VOIE,TRAIN,50118251,Choisy-le-Roi,RAIL,471085,Choisy-le-Roi,rail,43110,Choisy-le-Roi,69852,1169
SNCF,160,87545285,8754528,PR/0087-545285-BV,1170,CHOISY LE ROI,BUS,BUS,50116986,Choisy-le-Roi,BUS,472163,Choisy-le-Roi,bus,473256,Gare de Choisy-le-Roi (av. Louis Luc),69852,
SNCF,236,87545293,8754529,PR/0087-545293-BV,1797,1B,VOIE,TRAIN,50118145,Vitry-sur-Seine,RAIL,471123,Vitry-sur-Seine,rail,46375,Vitry-sur-Seine,70313,1798
SNCF,236,87545293,8754529,PR/0087-545293-BV,1802,2B,VOIE,TRAIN,50118460,Vitry-sur-Seine,RAIL,470880,Vitry-sur-Seine,rail,46375,Vitry-sur-Seine,70313,1799
SNCF,236,87545293,8754529,PR/0087-545293-BV,1800,VITRY SUR SEINE,BUS,BUS,50118692,Vitry-sur-Seine,BUS,411303,République - Vaillant Couturier,bus,473571,République - Vaillant Couturier,70313,
SNCF,236,87545293,8754529,PR/0087-545293-BV,1801,VITRY SUR SEINE,BUS,BUS,50118759,Vitry-sur-Seine,BUS,23368,République - Vaillant Couturier,bus,473571,République - Vaillant Couturier,70313,
SNCF,185,87545301,8754530,PR/0087-545301-00,1357,1B,VOIE,TRAIN,50117181,Ivry-sur-Seine,RAIL,471945,Ivry-sur-Seine,rail,46366,Ivry-sur-Seine,424396,1354
SNCF,185,87545301,8754530,PR/0087-545301-00,1356,2B,VOIE,TRAIN,50117921,Ivry-sur-Seine,RAIL,471391,Ivry-sur-Seine,rail,46366,Ivry-sur-Seine,424396,1355
SNCF,185,87545301,8754530,PR/0087-545301-00,1358,IVRY SUR SEINE,BUS,BUS,50118085,Ivry-sur-Seine,BUS,16918,Ivry-sur-Seine RER,bus,473400,Gare de Ivry-sur-Seine,424396,
SNCF,185,87545301,8754530,PR/0087-545301-00,1359,IVRY SUR SEINE,BUS,BUS,50118547,Ivry-sur-Seine,BUS,15122,Ivry-sur-Seine RER,bus,473400,Gare de Ivry-sur-Seine,424396,
SNCF,8,87545350,8754535,PR/0087-545350-00,38,SAINT-MARTIN D'ETAMPES,BUS,BUS,50117557,Saint-Martin d'Étampes,BUS,471752,Saint-Martin d'Étampes,bus,473541,Gare de Saint-Martin d'Étampes,59531,
SNCF,8,87545350,8754535,PR/0087-545350-00,39,SM,VOIE,TRAIN,50116104,Saint-Martin d'Étampes,RAIL,472800,Saint-Martin d'Étampes,rail,47115,Saint-Martin d'Étampes,59531,40
SNCF,265,87545459,8754545,PR/0087-545459-00,1967,1,VOIE,TRAIN,50116614,La Norville - Saint-Germain-lès-Arpajon,RAIL,472213,La Norville - Saint-Germain-lès-Arpajon,rail,47939,La Norville - Saint-Germain-lès-Arpajon,60115,1968
SNCF,265,87545459,8754545,PR/0087-545459-00,1966,2,VOIE,TRAIN,50118409,La Norville - Saint-Germain-lès-Arpajon,RAIL,470828,La Norville - Saint-Germain-lès-Arpajon,rail,47939,La Norville - Saint-Germain-lès-Arpajon,60115,1965
SNCF,265,87545459,8754545,PR/0087-545459-00,1964,LA NORVILLE SAINT-GERMAIN LES ARPAJON,BUS,BUS,50116504,La Norville - Saint-Germain-lès-Arpajon,BUS,472638,La Norville - Saint-Germain-lès-Arpajon,bus,48097,Salvador Allende,60107,
SNCF,152,87545467,8754546,PR/0087-545467-BV,1127,1,VOIE,TRAIN,50118643,Arpajon,RAIL,470664,Arpajon,rail,43068,Arpajon,60072,1125
SNCF,152,87545467,8754546,PR/0087-545467-BV,1128,2,VOIE,TRAIN,50118344,Arpajon,RAIL,470919,Arpajon,rail,43068,Arpajon,60072,1126
SNCF,152,87545467,8754546,PR/0087-545467-BV,1129,ARPAJON,BUS,BUS,50118064,Arpajon,BUS,471252,Arpajon,bus,473059,Gare d'Arpajon,60072,
SNCF,267,87545475,8754547,PR/0087-545475-00,1978,1,VOIE,TRAIN,50118566,Égly,RAIL,470718,Égly,rail,415484,Égly,60052,1980
SNCF,267,87545475,8754547,PR/0087-545475-00,1977,2,VOIE,TRAIN,50118761,Égly,RAIL,472581,Égly,rail,415484,Égly,60052,1981
SNCF,267,87545475,8754547,PR/0087-545475-00,1979,EGLY,BUS,BUS,50116275,Égly,BUS,472995,Égly,bus,473048,Gare d'Égly,60052,
SNCF,77,87545483,8754548,PR/0087-545483-00,595,1,VOIE,TRAIN,50116205,Breuillet - Bruyères-le-Châtel,RAIL,472770,Breuillet - Bruyères-le-Châtel,rail,47925,Breuillet - Bruyères-le-Châtel,60028,591
SNCF,77,87545483,8754548,PR/0087-545483-00,592,2,VOIE,TRAIN,50116103,Breuillet - Bruyères-le-Châtel,RAIL,472810,Breuillet - Bruyères-le-Châtel,rail,47925,Breuillet - Bruyères-le-Châtel,60028,593
SNCF,77,87545483,8754548,PR/0087-545483-00,594,BREUILLET BRUYERES LE CHATEL,BUS,BUS,50117788,Breuillet - Bruyères-le-Châtel,BUS,471544,Breuillet - Bruyères-le-Châtel,bus,473047,Gare de Breuillet-Bruyères-le-Châtel,60028,
SNCF,25,87545491,8754549,PR/0087-545491-00,181,1,VOIE,TRAIN,50117697,Breuillet Village,RAIL,471627,Breuillet Village,rail,43099,Breuillet Village,59940,183
SNCF,25,87545491,8754549,PR/0087-545491-00,180,2,VOIE,TRAIN,50116983,Breuillet Village,RAIL,472160,Breuillet Village,rail,43099,Breuillet Village,59940,179
SNCF,25,87545491,8754549,PR/0087-545491-00,182,BREUILLET VILLAGE,BUS,BUS,50117659,Breuillet Village,BUS,471669,Breuillet Village,bus,473046,Gare de Breuillet Village,59940,
SNCF,399,87545509,8754550,PR/0087-545509-BV,2822,1,VOIE,TRAIN,50118844,Saint-Chéron,RAIL,472475,Saint-Chéron,rail,47952,Saint-Chéron,59882,2823
SNCF,399,87545509,8754550,PR/0087-545509-BV,2824,2,VOIE,TRAIN,50117863,Saint-Chéron,RAIL,471463,Saint-Chéron,rail,47952,Saint-Chéron,59882,2821
SNCF,399,87545509,8754550,PR/0087-545509-BV,2825,SAINT-CHERON,BUS,BUS,50117502,Saint-Chéron,BUS,471851,Saint-Chéron,bus,473045,Gare de Saint-Chéron,59882,
SNCF,387,87545517,8754551,PR/0087-545517-00,2744,1,VOIE,TRAIN,50117483,Sermaise,RAIL,471838,Sermaise,rail,47950,Sermaise,59842,2746
SNCF,387,87545517,8754551,PR/0087-545517-00,2745,2,VOIE,TRAIN,50117040,Sermaise,RAIL,472049,Sermaise,rail,47950,Sermaise,59842,2742
SNCF,387,87545517,8754551,PR/0087-545517-00,2743,SERMAISE,BUS,BUS,50118472,Sermaise,BUS,3464,Gare de Sermaise,bus,473062,Gare de Sermaise,59842,
SNCF,277,87545525,8754552,PR/0087-545525-BV,2051,1,VOIE,TRAIN,50118327,Dourdan,RAIL,471001,Dourdan,rail,43121,Dourdan,59836,2049
SNCF,277,87545525,8754552,PR/0087-545525-BV,2047,2,VOIE,TRAIN,50117562,Dourdan,RAIL,471744,Dourdan,rail,43121,Dourdan,59836,2050
SNCF,277,87545525,8754552,PR/0087-545525-BV,2046,2B,VOIE,TRAIN,50118404,Dourdan,RAIL,470842,Dourdan,rail,43121,Dourdan,59836,2050
SNCF,277,87545525,8754552,PR/0087-545525-BV,2048,DOURDAN,BUS,BUS,50117530,Dourdan,BUS,471710,Dourdan,bus,473061,Gare de Dourdan (av. du Dr Jules Bals),59836,
SNCF,1115,87545657,8754565,PR/0087-545657-00,3610,1,VOIE,TRAIN,50117052,Auneau,RAIL,472037,Auneau,rail,59049,Auneau,74138,3609
SNCF,1115,87545657,8754565,PR/0087-545657-00,3608,2,VOIE,TRAIN,50117978,Auneau,RAIL,471357,Auneau,rail,59049,Auneau,74138,3607
SNCF,1117,87545707,8754570,PR/0087-545707-BV,3612,1,VOIE,TRAIN,50117929,Voves,RAIL,471381,Voves,rail,411449,Voves,411450,3611
SNCF,1117,87545707,8754570,PR/0087-545707-BV,3614,2,VOIE,TRAIN,50118758,Voves,RAIL,472561,Voves,rail,411449,Voves,411450,3613
SNCF,1117,87545707,8754570,PR/0087-545707-BV,3615,4,VOIE,TRAIN,50118912,Voves,RAIL,472948,Voves,rail,411449,Voves,411450,3613
SNCF,1118,87545731,8754573,PR/0087-545731-BV,3619,1,VOIE,TRAIN,50116579,Bonneval,RAIL,472601,Bonneval,rail,411446,Bonneval,411447,3618
SNCF,1118,87545731,8754573,PR/0087-545731-BV,3617,2,VOIE,TRAIN,50118075,Bonneval,RAIL,471262,Bonneval,rail,411446,Bonneval,411447,3616
SNCF,1119,87545756,8754575,PR/0087-545756-BV,3624,1,VOIE,TRAIN,50118760,Châteaudun,RAIL,472579,Châteaudun,rail,411443,Châteaudun,411444,3623
SNCF,1119,87545756,8754575,PR/0087-545756-BV,3621,3,VOIE,TRAIN,50118440,Châteaudun,RAIL,470862,Châteaudun,rail,411443,Châteaudun,411444,3620
SNCF,1119,87545756,8754575,PR/0087-545756-BV,3622,Z,VOIE,TRAIN,50116550,Châteaudun,RAIL,472529,Châteaudun,rail,411443,Châteaudun,411444,3620
SNCF,390,87546192,8754619,PR/0087-546192-00,2758,1,VOIE,TRAIN,50116661,Pont de Rungis Aéroport d'Orly,RAIL,472171,Pont de Rungis Aéroport d'Orly,rail,47907,Pont de Rungis Aéroport d'Orly,69677,2760
SNCF,390,87546192,8754619,PR/0087-546192-00,2762,2,VOIE,TRAIN,50116303,Pont de Rungis Aéroport d'Orly,RAIL,472867,Pont de Rungis Aéroport d'Orly,rail,47907,Pont de Rungis Aéroport d'Orly,69677,2761
SNCF,390,87546192,8754619,PR/0087-546192-00,2759,PONT DE RUNGIS AEROPORT D'ORLY,BUS,BUS,50117007,Pont de Rungis Aéroport d'Orly,BUS,472053,Pont de Rungis Aéroport d'Orly,bus,473449,Pont de Rungis,69677,
SNCF,390,87546192,8754619,PR/0087-546192-00,2757,Z,VOIE,TRAIN,50116421,Pont de Rungis Aéroport d'Orly,RAIL,472299,Pont de Rungis Aéroport d'Orly,rail,47907,Pont de Rungis Aéroport d'Orly,69677,2760
SNCF,233,87546200,8754620,PR/0087-546200-00,1777,1,VOIE,TRAIN,50116551,Orly Ville,RAIL,472530,Orly Ville,rail,46299,Orly Ville,69639,1775
SNCF,233,87546200,8754620,PR/0087-546200-00,1774,2,VOIE,TRAIN,50116263,Orly Ville,RAIL,472984,Orly Ville,rail,46299,Orly Ville,69639,1778
SNCF,233,87546200,8754620,PR/0087-546200-00,1776,4,VOIE,TRAIN,50118477,Orly Ville,RAIL,470752,Orly Ville,rail,46299,Orly Ville,69639,1778
SNCF,233,87546200,8754620,PR/0087-546200-00,1773,6,VOIE,TRAIN,50117975,Orly Ville,RAIL,471372,Orly Ville,rail,46299,Orly Ville,69639,1782
SNCF,233,87546200,8754620,PR/0087-546200-00,1779,ORLY VILLE,BUS,BUS,50118524,Orly Ville,BUS,470805,Orly Ville,bus,473337,Gare d'Orly-Ville,69639,
SNCF,334,87546226,8754622,PR/0087-546226-00,2401,1,VOIE,TRAIN,50118418,LES SAULES,RAIL,470850,Les Saules,rail,46298,Les Saules,69662,2398
SNCF,334,87546226,8754622,PR/0087-546226-00,2400,2,VOIE,TRAIN,50116248,LES SAULES,RAIL,472967,Les Saules,rail,46298,Les Saules,69662,2397
SNCF,334,87546226,8754622,PR/0087-546226-00,2399,LES SAULES,BUS,BUS,50118391,LES SAULES,BUS,470925,Les Saules,bus,58395,Marcel Cachin - Voie des Saules,69661,
SNCF,391,87546291,8754629,PR/0087-546291-00,2767,1,VOIE,TRAIN,50117561,Rungis la Fraternelle,RAIL,471741,Rungis la Fraternelle,rail,44787,Rungis la Fraternelle,69633,2764
SNCF,391,87546291,8754629,PR/0087-546291-00,2766,2,VOIE,TRAIN,50118227,Rungis la Fraternelle,RAIL,471045,Rungis la Fraternelle,rail,44787,Rungis la Fraternelle,69633,2763
SNCF,391,87546291,8754629,PR/0087-546291-00,2765,RUNGIS LA FRATERNELLE,BUS,BUS,50118528,Rungis la Fraternelle,BUS,470677,Rungis la Fraternelle,bus,473467,La Fraternelle,69633,
SNCF,245,87546317,8754631,PR/0087-546317-00,1841,1,VOIE,TRAIN,50118325,Chemin d'Antony,RAIL,471004,Chemin d'Antony,rail,46035,Chemin d'Antony,69682,1843
SNCF,245,87546317,8754631,PR/0087-546317-00,1842,2,VOIE,TRAIN,50117944,Chemin d'Antony,RAIL,471400,Chemin d'Antony,rail,46035,Chemin d'Antony,69682,1845
SNCF,245,87546317,8754631,PR/0087-546317-00,1844,CHEMIN D'ANTONY,BUS,BUS,50116329,Chemin d'Antony,BUS,472901,Chemin d'Antony,bus,473244,Gare de Chemin d'Antony,69682,
SNCF,140,87547000,8754700,PR/0087-547000-BV,1039,1,VOIE,TRAIN,50118004,Paris Austerlitz,RAIL,471335,Paris Austerlitz,rail,43072,Gare d'Austerlitz,71135,1024
SNCF,140,87547000,8754700,PR/0087-547000-BV,1048,14,VOIE,TRAIN,50118754,Paris Austerlitz,RAIL,472570,Paris Austerlitz,rail,43072,Gare d'Austerlitz,71135,1058
SNCF,140,87547000,8754700,PR/0087-547000-BV,1049,15,VOIE,TRAIN,50116244,Paris Austerlitz,RAIL,472959,Paris Austerlitz,rail,43072,Gare d'Austerlitz,71135,1058
SNCF,140,87547000,8754700,PR/0087-547000-BV,1037,16,VOIE,TRAIN,50116325,Paris Austerlitz,RAIL,472890,Paris Austerlitz,rail,43072,Gare d'Austerlitz,71135,1023
SNCF,140,87547000,8754700,PR/0087-547000-BV,1038,17,VOIE,TRAIN,50118890,Paris Austerlitz,RAIL,472323,Paris Austerlitz,rail,43072,Gare d'Austerlitz,71135,1023
SNCF,140,87547000,8754700,PR/0087-547000-BV,1035,18,VOIE,TRAIN,50117683,Paris Austerlitz,RAIL,471646,Paris Austerlitz,rail,43072,Gare d'Austerlitz,71135,1050
SNCF,140,87547000,8754700,PR/0087-547000-BV,1036,19,VOIE,TRAIN,50118259,Paris Austerlitz,RAIL,471077,Paris Austerlitz,rail,43072,Gare d'Austerlitz,71135,1050
SNCF,140,87547000,8754700,PR/0087-547000-BV,1052,2,VOIE,TRAIN,50116600,Paris Austerlitz,RAIL,472582,Paris Austerlitz,rail,43072,Gare d'Austerlitz,71135,1024
SNCF,140,87547000,8754700,PR/0087-547000-BV,1061,20,VOIE,TRAIN,50116516,Paris Austerlitz,RAIL,472718,Paris Austerlitz,rail,43072,Gare d'Austerlitz,71135,1059
SNCF,140,87547000,8754700,PR/0087-547000-BV,1051,21,VOIE,TRAIN,50117869,Paris Austerlitz,RAIL,471473,Paris Austerlitz,rail,43072,Gare d'Austerlitz,71135,1059
SNCF,140,87547000,8754700,PR/0087-547000-BV,1033,3,VOIE,TRAIN,50118909,Paris Austerlitz,RAIL,472344,Paris Austerlitz,rail,43072,Gare d'Austerlitz,71135,1032
SNCF,140,87547000,8754700,PR/0087-547000-BV,1022,4,VOIE,TRAIN,50116301,Paris Austerlitz,RAIL,472865,Paris Austerlitz,rail,43072,Gare d'Austerlitz,71135,1032
SNCF,140,87547000,8754700,PR/0087-547000-BV,1031,5,VOIE,TRAIN,50117736,Paris Austerlitz,RAIL,471592,Paris Austerlitz,rail,43072,Gare d'Austerlitz,71135,1034
SNCF,140,87547000,8754700,PR/0087-547000-BV,1040,6,VOIE,TRAIN,50118710,Paris Austerlitz,RAIL,472724,Paris Austerlitz,rail,43072,Gare d'Austerlitz,71135,1034
SNCF,140,87547000,8754700,PR/0087-547000-BV,1029,7,VOIE,TRAIN,50118053,Paris Austerlitz,RAIL,471233,Paris Austerlitz,rail,43072,Gare d'Austerlitz,71135,1060
SNCF,140,87547000,8754700,PR/0087-547000-BV,1046,PARIS AUSTERLITZ,BUS,BUS,50118083,Paris Austerlitz,BUS,471202,Paris Austerlitz,bus,471031,Paris Austerlitz,71135,
SNCF,140,87547026,8754702,PR/0087-547026-BV,1055,1,VOIE,TRAIN,50117211,Paris Austerlitz,RAIL,471976,Paris Austerlitz,rail,43072,Gare d'Austerlitz,71135,1026
SNCF,140,87547026,8754702,PR/0087-547026-BV,1053,2,VOIE,TRAIN,50118112,Paris Austerlitz,RAIL,471167,Paris Austerlitz,rail,43072,Gare d'Austerlitz,71135,1025
SNCF,140,87547026,8754702,PR/0087-547026-BV,1054,3,VOIE,TRAIN,50117214,Paris Austerlitz,RAIL,471971,Paris Austerlitz,rail,43072,Gare d'Austerlitz,71135,1026
SNCF,140,87547026,8754702,PR/0087-547026-BV,1041,4,VOIE,TRAIN,50118696,Paris Austerlitz,RAIL,472695,Paris Austerlitz,rail,43072,Gare d'Austerlitz,71135,1025
SNCF,140,87547026,8754702,PR/0087-547026-BV,1047,PARIS AUSTERLITZ,BUS,BUS,50118088,Paris Austerlitz,BUS,471202,Paris Austerlitz,bus,471031,Paris Austerlitz,71135,
SNCF,372,87547307,8754730,PR/0087-547307-BV,2643,1,VOIE,TRAIN,50117595,Musée d'Orsay,RAIL,471775,Musée d'Orsay,rail,45705,Musée d'Orsay,71269,2647
SNCF,372,87547307,8754730,PR/0087-547307-BV,2644,2,VOIE,TRAIN,50117155,Musée d'Orsay,RAIL,471946,Musée d'Orsay,rail,45705,Musée d'Orsay,71269,2648
SNCF,372,87547307,8754730,PR/0087-547307-BV,2649,3,VOIE,TRAIN,50117037,Musée d'Orsay,RAIL,472024,Musée d'Orsay,rail,45705,Musée d'Orsay,71269,2647
SNCF,372,87547307,8754730,PR/0087-547307-BV,2642,4,VOIE,TRAIN,50117551,Musée d'Orsay,RAIL,471732,Musée d'Orsay,rail,45705,Musée d'Orsay,71269,2648
SNCF,372,87547307,8754730,PR/0087-547307-BV,2645,MUSEE D ORSAY,BUS,BUS,50117586,Musée d'Orsay,BUS,471782,Musée d'Orsay,bus,473412,Musée d'Orsay,71269,
SNCF,372,87547307,8754730,PR/0087-547307-BV,2646,MUSEE D ORSAY,BUS,BUS,50116980,Musée d'Orsay,BUS,472157,Musée d'Orsay,bus,473748,Solferino - Bellechasse,71270,
SNCF,90,87547315,8754731,PR/0087-547315-00,678,1,VOIE,TRAIN,50116441,Saint-Michel Notre-Dame,RAIL,472262,Saint-Michel Notre-Dame,rail,44877,Saint-Michel Notre-Dame,73620,680
SNCF,90,87547315,8754731,PR/0087-547315-00,679,2,VOIE,TRAIN,50118620,Saint-Michel Notre-Dame,RAIL,470634,Saint-Michel Notre-Dame,rail,44877,Saint-Michel Notre-Dame,73620,685
SNCF,90,87547315,8754731,PR/0087-547315-00,683,SAINT MICHEL NOTRE DAME,BUS,BUS,50118137,Saint-Michel Notre-Dame,BUS,471192,Saint-Michel Notre-Dame,bus,473896,Saint-Michel Notre-Dame,73620,
SNCF,90,87547315,8754731,PR/0087-547315-00,684,SAINT MICHEL NOTRE DAME,BUS,BUS,50118878,Saint-Michel Notre-Dame,BUS,472281,Saint-Michel Notre-Dame,bus,473795,Saint-Michel Notre-Dame,73620,
SNCF,637,87561944,8756194,PR/0087-561944-HR,3278,Triel-sur-Seine,BUS,BUS,50117039,Triel,BUS,411315,Pont de Triel,bus,44462,Pont de Triel,65682,
SNCF,637,87561944,8756194,PR/0087-561944-HR,3279,Triel-sur-Seine,BUS,BUS,50116482,Triel,BUS,13550,Pont de Triel,bus,44462,Pont de Triel,65682,
SNCF,623,87561951,8756195,PR/0087-561951-HR,3253,Carrières-sous-Poissy,BUS,BUS,50116271,Carrières-sous-Poissy,BUS,13371,Carrières-sous-Poissy / 3 Tours,bus,46644,Carrières-sous-Poissy / 3 Tours,64970,
SNCF,623,87561951,8756195,PR/0087-561951-HR,3254,Carrières-sous-Poissy,BUS,BUS,50117025,Carrières-sous-Poissy,BUS,41510,Carrières sous Poissy / 3 Tours,bus,46644,Carrières-sous-Poissy / 3 Tours,64970,
SNCF,199,87574905,8757490,PR/0087-574905-HR,1503,Gare de Villeneuve St-Georges,BUS,BUS,50117719,Villeneuve-Saint-Georges,BUS,471619,Villeneuve-Saint-Georges,bus,474205,Gare de Villeneuve Saint Georges / Place Semard,69568,
SNCF,199,87574905,8757490,PR/0087-574905-HR,1504,Gare de Villeneuve St-Georges,BUS,BUS,50117590,Villeneuve-Saint-Georges,BUS,2628,Gare de Villeneuve-Saint-Georges,bus,474205,Gare de Villeneuve Saint Georges / Place Semard,69568,
SNCF,205,87574913,8757491,PR/0087-574913-HR,1573,Gare de Vigneux-sur-Seine,BUS,BUS,50117952,Vigneux-sur-Seine,BUS,471352,Vigneux-sur-Seine,bus,474204,Gare de Vigneux-sur-Seine,63071,
SNCF,112,87574921,8757492,PR/0087-574921-HR,843,Gare de Juvisy,BUS,BUS,50116251,Juvisy,BUS,41514,Juvisy Noctilien / Marché,bus,47433,Marché,424007,
SNCF,253,87574939,8757493,PR/0087-574939-HR,1888,Gare de Viry-Châtillon,BUS,BUS,50118429,Viry-Châtillon,BUS,470849,Viry-Châtillon,bus,474207,Gare de Viry-Châtillon,60981,
SNCF,253,87574939,8757493,PR/0087-574939-HR,1893,Gare de Viry-Châtillon,BUS,BUS,50117474,Viry-Châtillon,BUS,471831,Gare de Viry-Châtillon,bus,474207,Gare de Viry-Châtillon,60981,
SNCF,173,87574947,8757494,PR/0087-574947-HR,1262,Gare de Grigny Centre,BUS,BUS,50118864,Grigny Centre,BUS,411312,Grigny Centre,bus,473358,Gare de Grigny Centre,60797,
SNCF,173,87574947,8757494,PR/0087-574947-HR,1263,Gare de Grigny Centre,BUS,BUS,50117116,Grigny Centre,BUS,472097,Gare de Grigny Centre,bus,473358,Gare de Grigny Centre,60797,
SNCF,170,87574954,8757495,PR/0087-574954-HR,1246,Gare d'Evry Courcouronnes,BUS,BUS,50116655,Évry - Courcouronnes,BUS,420822,Gare d'Evry Courcouronnes Centre (niveau 0),bus,473377,Gare d'Evry-Courcouronnes Centre,60450,
SNCF,170,87574954,8757495,PR/0087-574954-HR,1247,Gare d'Evry Courcouronnes,BUS,BUS,50116439,Évry - Courcouronnes,BUS,472268,Évry - Courcouronnes,bus,473377,Gare d'Evry-Courcouronnes Centre,60450,
SNCF,396,87574962,8757496,PR/0087-574962-HR,2796,Gare du Bras de Fer,BUS,BUS,50118627,Le Bras de Fer,BUS,21686,Gare du Bras de Fer Evry Génopole,bus,473325,Gare du Bras de Fer Evry Génopole,60422,
SNCF,396,87574962,8757496,PR/0087-574962-HR,2797,Gare du Bras de Fer,BUS,BUS,50117864,Le Bras de Fer,BUS,8488,Gare du Bras de Fer Evry Génopole,bus,473325,Gare du Bras de Fer Evry Génopole,60422,
SNCF,398,87574970,8757497,PR/0087-574970-HR,2808,Gare de Corbeil-Essonnes,BUS,BUS,50118191,Corbeil-Essonnes,BUS,471155,Corbeil-Essonnes,bus,473088,Gare de Corbeil-Essonnes (pl. Henri Barbusse),60309,
SNCF,196,87588202,8758820,PR/0087-588202-HR,1441,Gare de Lyon - Diderot,BUS,BUS,50118032,Paris Gare de Lyon,BUS,471296,Gare de Lyon,bus,473217,Gare de Lyon (Rue de Lyon),73626,
SNCF,196,87588202,8758820,PR/0087-588202-HR,1444,Gare de Lyon - Diderot,BUS,BUS,50117603,Paris Gare de Lyon,BUS,471801,Paris Gare de Lyon,bus,473216,Gare de Lyon (bd Diderot),73626,
SNCF,196,87588202,8758820,PR/0087-588202-HR,1449,Gare de Lyon - Van Gogh,BUS,BUS,50117540,Paris Gare de Lyon,BUS,471737,Paris Gare de Lyon,bus,473218,Gare de Lyon (Rue de Bercy / bd Diderot),73626,
SNCF,196,87588202,8758820,PR/0087-588202-HR,1451,Gare de Lyon - Van Gogh,BUS,BUS,50118011,Paris Gare de Lyon,BUS,471327,Paris Gare de Lyon,bus,473218,Gare de Lyon (Rue de Bercy / bd Diderot),73626,
SNCF,196,87588202,8758820,PR/0087-588202-HR,1445,Paris Gare de Lyon,BUS,BUS,50118236,Paris Gare de Lyon,BUS,41516,Gare de Lyon,bus,473218,Gare de Lyon (Rue de Bercy / bd Diderot),73626,
SNCF,377,87588210,8758821,PR/0087-588210-HR,2681,Gare Villiers sur Marne - Le Plessis Trévise RER,BUS,BUS,50118660,Villiers-sur-Marne - Le Plessis-Trévise,BUS,472628,Villiers-sur-Marne - Le Plessis-Trévise,bus,473566,Gare de Villiers-sur-Marne - Le Plessis-Trévise,73097,
SNCF,377,87588210,8758821,PR/0087-588210-HR,5023,Gare Villiers sur Marne - Le Plessis Trévise RER,BUS,BUS,50116183,Villiers-sur-Marne - Le Plessis-Trévise,BUS,472763,Gare de Villiers-sur-Marne - Le Plessis-Trévise,bus,473566,Gare de Villiers-sur-Marne - Le Plessis-Trévise,73097,
SNCF,464,87588228,8758822,PR/0087-588228-HR,5017,Gare de Marne la Vallée Chessy Parcs Disneyland,BUS,BUS,50118774,Marne-la-Vallée Chessy,BUS,412427,Chessy Nord - Quai F,bus,473774,Marne-la-Vallée - Gare Routière Chessy Nord,68385,
SNCF,464,87588228,8758822,PR/0087-588228-HR,3034,Marne La Vallée Chessy,BUS,BUS,50117625,Marne-la-Vallée Chessy,BUS,20217,Chessy Nord - Quai G,bus,473774,Marne-la-Vallée - Gare Routière Chessy Nord,68385,
SNCF,108,87588236,8758823,PR/0087-588236-HR,812,Gare de Brétigny-sur-Orge,BUS,BUS,50118087,Brétigny,BUS,471206,Brétigny,bus,473049,Gare de Brétigny (Place),60247,
SNCF,293,87588244,8758824,PR/0087-588244-HR,2158,Gare de Saint-Michel-sur-Orge,BUS,BUS,50118597,Saint-Michel-sur-Orge,BUS,470609,Saint-Michel-sur-Orge,bus,473052,Gare de Saint-Michel-sur-Orge,60536,
SNCF,202,87588251,8758825,PR/0087-588251-HR,1522,Gare de Sainte-Geneviève-des-Bois,BUS,BUS,50116192,Sainte-Geneviève-des-Bois,BUS,472784,Sainte-Geneviève-des-Bois,bus,473055,Gare de Ste-Geneviève-des-Bois (Place Roosevelt),60785,
SNCF,21,87588269,8758826,PR/0087-588269-HR,152,Gare d'Epinay-sur-Orge,BUS,BUS,50118194,Épinay-sur-Orge,BUS,471141,Épinay-sur-Orge,bus,473077,Gare d'Epinay-sur-Orge,60915,
SNCF,21,87588269,8758826,PR/0087-588269-HR,153,Gare d'Epinay-sur-Orge,BUS,BUS,50117034,Épinay-sur-Orge,BUS,472027,Épinay-sur-Orge,bus,473077,Gare d'Epinay-sur-Orge,60915,
SNCF,394,87588277,8758827,PR/0087-588277-HR,2782,Savigny-sur-Orge RER,BUS,BUS,50118689,Savigny-sur-Orge,BUS,472680,Gare de Savigny-sur-Orge,bus,473551,Gare de Savigny-sur-Orge,60987,
SNCF,394,87588277,8758827,PR/0087-588277-HR,2785,Savigny-sur-Orge RER,BUS,BUS,50117226,Savigny-sur-Orge,BUS,472021,Savigny-sur-Orge,bus,473551,Gare de Savigny-sur-Orge,60987,
SNCF,316,87588285,8758828,PR/0087-588285-HR,2300,Bibliothèque - Chevaleret,BUS,BUS,50116476,Bibliothèque François Mitterrand,BUS,41515,Bibliothèque François Mitterrand,bus,473112,Bibliothèque Chevaleret,71572,
SNCF,316,87588285,8758828,PR/0087-588285-HR,2306,Bibliothèque - Chevaleret,BUS,BUS,50117123,Bibliothèque François Mitterrand,BUS,22836,Bibliothèque Chevaleret,bus,473112,Bibliothèque Chevaleret,71572,
SNCF,140,87588301,8758830,PR/0087-588301-HR,1027,Gare d'Austerlitz,BUS,BUS,50118237,Paris Austerlitz,BUS,471030,Paris Austerlitz,bus,471031,Paris Austerlitz,71135,
SNCF,140,87588301,8758830,PR/0087-588301-HR,1028,Gare d'Austerlitz,BUS,BUS,50118228,Paris Austerlitz,BUS,411308,Gare d'Austerlitz - Cour Seine,bus,473209,Gare d'Austerlitz,71135,
SNCF,303,87590463,8759046,PR/0087-590463-HR,2237,Maisons Alfort Gare - Capitaine Deplanque,BUS,BUS,50116474,Maisons-Alfort - Alfortville,BUS,411300,Gare de Maisons Alfort Alfortville,bus,473103,Maisons-Alfort - Alfortville RER,73625,
SNCF,303,87590463,8759046,PR/0087-590463-HR,5018,Maisons Alfort Gare - Capitaine Deplanque,BUS,BUS,50116332,Maisons-Alfort - Alfortville,BUS,472897,Maisons-Alfort - Alfortville,bus,45723,Capitaine Deplanque,415683,
SNCF,208,87590471,8759047,PR/0087-590471-HR,1607,Gare du Vert de Maisons,BUS,BUS,50116360,Le Vert de Maisons,BUS,28794,Le Vert de Maisons,bus,46281,Le Vert de Maisons (Rue Jean Jaurès),73624,
SNCF,208,87590471,8759047,PR/0087-590471-HR,1608,Gare du Vert de Maisons,BUS,BUS,50118213,Le Vert de Maisons,BUS,41804,Le Vert de Maisons,bus,46281,Le Vert de Maisons (Rue Jean Jaurès),73624,
SNCF,656,87590489,8759048,PR/0087-590489-HR,3307,Villeneuve Prairie,BUS,BUS,50118313,Villeneuve Prairie Noctilien,BUS,41518,Villeneuve Prairie / Pompadour,bus,56419,Villeneuve Prairie / Pompadour,69842,
SNCF,656,87590489,8759048,PR/0087-590489-HR,3308,Villeneuve Prairie,BUS,BUS,50118210,Villeneuve Prairie Noctilien,BUS,17173,Villeneuve Prairie / Pompadour,bus,56419,Villeneuve Prairie / Pompadour,69842,
SNCF,654,87590497,8759049,PR/0087-590497-HR,3303,Villeneuve Triage,BUS,BUS,50118877,Villeneuve Triage Noctilien,BUS,472288,Villeneuve Triage / Hector Berlioz,bus,462552,Villeneuve Triage / Hector Berlioz,69663,
SNCF,654,87590497,8759049,PR/0087-590497-HR,3304,Villeneuve Triage,BUS,BUS,50118437,Villeneuve Triage Noctilien,BUS,470872,Villeneuve Triage,bus,462552,Villeneuve Triage / Hector Berlioz,69663,
SNCF,110,87590505,8759050,PR/0087-590505-HR,831,Gare de Combs-la-Ville,BUS,BUS,50118820,Combs-la-Ville - Quincy,BUS,472462,Combs-la-Ville - Quincy,bus,473086,Gare de Combs-La-Ville-Quincy,62558,
SNCF,166,87590513,8759051,PR/0087-590513-HR,1219,Gare de Lieusaint Moissy,BUS,BUS,50118508,Lieusaint - Moissy,BUS,15245,Gare de Lieusaint - Moissy,bus,473520,Gare de Lieusaint - Moissy,62412,
SNCF,166,87590513,8759051,PR/0087-590513-HR,1227,Gare de Lieusaint Moissy,BUS,BUS,50118065,Lieusaint - Moissy,BUS,13114,Gare de Lieusaint Moissy,bus,473520,Gare de Lieusaint - Moissy,62412,
SNCF,335,87590521,8759052,PR/0087-590521-HR,2408,Gare de Savigny le Temple,BUS,BUS,50118713,Savigny-le-Temple - Nandy,BUS,411263,Savigny le Temple Nandy,bus,473550,Gare de Savigny le Temple-Nandy,62290,
SNCF,143,87590547,8759054,PR/0087-590547-HR,1071,Gare Cesson,BUS,BUS,50118884,Cesson,BUS,33245,Cesson Gare,bus,473058,Gare de Cesson,62176,
SNCF,67,87590554,8759055,PR/0087-590554-HR,482,Gare de Le Mée,BUS,BUS,50116442,Le Mée,BUS,472256,Le Mée,bus,473441,Gare du Mée-sur-Seine,62003,
SNCF,132,87590562,8759056,PR/0087-590562-HR,982,Melun,BUS,BUS,50116653,Melun,BUS,419404,Gare de Melun,bus,473354,Gare de Melun (Place de Gallieni),61926,
SNCF,35,87590570,8759057,PR/0087-590570-HR,237,Gare d'Athis-Mons,BUS,BUS,50118073,Athis-Mons,BUS,471260,Athis-Mons,bus,473028,Athis-Mons RER,63134,
SNCF,105,87590588,8759058,PR/0087-590588-HR,785,Gare d'Ablon,BUS,BUS,50117598,Ablon,BUS,411260,Ablon,bus,470533,Gare d'Ablon (rue Général de Gaulle),69554,
SNCF,105,87590588,8759058,PR/0087-590588-HR,787,Gare d'Ablon,BUS,BUS,50117631,Ablon,BUS,423884,Gare d'Ablon,bus,470533,Gare d'Ablon (rue Général de Gaulle),69554,
SNCF,186,87590596,8759059,PR/0087-590596-HR,1364,Gare de Villeneuve-le-Roi,BUS,BUS,50117839,Villeneuve-le-Roi,BUS,472084,Gare de Villeneuve-le-Roi,bus,473613,Gare de Villeneuve-le-Roi,69625,
SNCF,233,87590604,8759060,PR/0087-590604-HR,1780,Gare d'Orly Ville,BUS,BUS,50118773,Orly Ville,BUS,2670,Gare d'Orly-Ville,bus,473337,Gare d'Orly-Ville,69639,
SNCF,233,87590604,8759060,PR/0087-590604-HR,1781,Gare d'Orly Ville,BUS,BUS,50116208,Orly Ville,BUS,21630,Gare d'Orly-Ville,bus,473337,Gare d'Orly-Ville,69639,
SNCF,649,87590612,8759061,PR/0087-590612-HR,3292,Choisy-le-Roi Rouget de l'Isle,BUS,BUS,50118338,Choisy Le Roi Noctilien,BUS,411261,Choisy le Roi / Rouget de Lisle,bus,44694,Choisy le Roi / Rouget de Lisle,69846,
SNCF,649,87590612,8759061,PR/0087-590612-HR,3293,Choisy-le-Roi Rouget de l'Isle,BUS,BUS,50116164,Choisy Le Roi Noctilien,BUS,472745,Choisy le Roi / Rouget de Lisle,bus,44694,Choisy le Roi / Rouget de Lisle,69846,
SNCF,231,87590620,8759062,PR/0087-590620-HR,1764,Gare des Ardoines,BUS,BUS,50118451,Les Ardoines,BUS,472471,Les Ardoines,bus,473492,Les Ardoines,70064,
SNCF,231,87590620,8759062,PR/0087-590620-HR,1767,Gare des Ardoines,BUS,BUS,50118941,Les Ardoines,BUS,411299,Les Ardoines,bus,473492,Les Ardoines,70064,
SNCF,592,87590646,8759064,PR/0087-590646-HR,3199,République - Vaillant Couturier - Gare de Vitry-sur-Seine,BUS,BUS,50117665,VITRY SUR SEINE NOCTILIEN,BUS,411303,République - Vaillant Couturier,bus,473571,République - Vaillant Couturier,70313,
SNCF,592,87590646,8759064,PR/0087-590646-HR,3200,République - Vaillant Couturier - Gare de Vitry-sur-Seine,BUS,BUS,50117134,VITRY SUR SEINE NOCTILIEN,BUS,23368,République - Vaillant Couturier,bus,473571,République - Vaillant Couturier,70313,
SNCF,591,87590653,8759065,PR/0087-590653-HR,3197,Ivry-sur-Seine - Voltaire,BUS,BUS,50116448,Ivry Sur Seine Noctilien,BUS,23188,Ivry-sur-Seine / Voltaire,bus,46368,Ivry sur Seine / Voltaire,70488,
SNCF,591,87590653,8759065,PR/0087-590653-HR,3198,Ivry-sur-Seine - Voltaire,BUS,BUS,50117626,Ivry Sur Seine Noctilien,BUS,471809,Ivry Sur Seine / Voltaire,bus,46368,Ivry sur Seine / Voltaire,70488,
SNCF,90,87591149,8759114,PR/0087-591149-HR,681,Saint-Michel,BUS,BUS,50118554,Saint-Michel Notre-Dame,BUS,470702,Saint-Michel,bus,473896,Saint-Michel Notre-Dame,73620,
SNCF,90,87591149,8759114,PR/0087-591149-HR,682,Saint-Michel - Saint-Germain,BUS,BUS,50117663,Saint-Michel Notre-Dame,BUS,41520,Saint-Michel Notre-Dame,bus,473896,Saint-Michel Notre-Dame,73620,
SNCF,72,87591156,8759115,PR/0087-591156-HR,521,Gare Montparnasse,BUS,BUS,50118481,Paris Montparnasse,BUS,470785,Paris Montparnasse,bus,463857,Gare Montparnasse (Boulevard de Vaugirard),71139,
SNCF,72,87591156,8759115,PR/0087-591156-HR,536,Gare Montparnasse,BUS,BUS,50117650,Paris Montparnasse,BUS,37390,Gare Montparnasse,bus,463857,Gare Montparnasse (Boulevard de Vaugirard),71139,
SNCF,618,87591164,8759116,PR/0087-591164-HR,3245,Mairie de Sèvres - Sèvres Rive Gauche,BUS,BUS,50116999,Sèvres Rive Gauche Noctilien,BUS,463752,Sèvres Rive Gauche / Mairie,bus,47365,Sèvres Rive Gauche / Mairie,69541,
SNCF,618,87591164,8759116,PR/0087-591164-HR,3246,Mairie de Sèvres - Sèvres Rive Gauche,BUS,BUS,50117841,Sèvres Rive Gauche Noctilien,BUS,30064,Sèvres Rive Gauche / Mairie,bus,47365,Sèvres Rive Gauche / Mairie,69541,
SNCF,163,87591172,8759117,PR/0087-591172-HR,1198,Gare de Montgeron Crosne,BUS,BUS,50117071,Montgeron - Crosne,BUS,472112,Montgeron - Crosne,bus,473387,Gare de Montgeron,63072,
SNCF,16,87591180,8759118,PR/0087-591180-HR,102,Gare de l'Est,BUS,BUS,50117743,Paris Est,BUS,39919,Gare de l'est,bus,473807,Gare de l'Est (Boulevard de Strasbourg),71359,
SNCF,16,87591180,8759118,PR/0087-591180-HR,109,Gare de l'Est,BUS,BUS,50118730,Paris Est,BUS,472520,Paris Est,bus,473826,Gare de l'Est (Parvis),71359,
SNCF,16,87591180,8759118,PR/0087-591180-HR,119,Gare de l'Est,BUS,BUS,50116223,Paris Est,BUS,472786,Paris Est,bus,473826,Gare de l'Est (Parvis),71359,
SNCF,16,87591180,8759118,PR/0087-591180-HR,6000,Gare de l'Est,BUS,BUS,50117609,Paris Est,BUS,37117,Gare de l'est,bus,473826,Gare de l'Est (Parvis),71359,
SNCF,648,87591750,8759175,PR/0087-591750-HR,3290,Gare de Boussy St-Antoine,BUS,BUS,50118751,Boussy St Antoine Noctilien,BUS,411250,Boussy Saint-Antoine,bus,473033,Boussy Saint-Antoine (av. Jean Moulin),62596,
SNCF,648,87591750,8759175,PR/0087-591750-HR,3291,Gare de Boussy St-Antoine,BUS,BUS,50118328,Boussy St Antoine Noctilien,BUS,471009,Boussy Saint Antoine,bus,473033,Boussy Saint-Antoine (av. Jean Moulin),62596,
SNCF,318,87591768,8759176,PR/0087-591768-HR,2322,Gare de Brunoy,BUS,BUS,50116971,Brunoy,BUS,411249,Brunoy (Gare),bus,473036,Gare de Brunoy,67476,
SNCF,358,87591776,8759177,PR/0087-591776-HR,2551,Gare de Yerres,BUS,BUS,50116558,Yerres,BUS,472542,Yerres,bus,473876,Gare de Yerres,63044,
SNCF,619,87591784,8759178,PR/0087-591784-HR,3247,Puits Sans Vin - Chaville Rive Gauche,BUS,BUS,50118747,Chaville Rive Gauche Noctilien,BUS,25591,Mairie,bus,44576,Puits Sans Vin / Mairie,73719,
SNCF,619,87591784,8759178,PR/0087-591784-HR,3248,Puits Sans Vin - Chaville Rive Gauche,BUS,BUS,50117856,Chaville Rive Gauche Noctilien,BUS,411248,Mairie,bus,44576,Puits Sans Vin / Mairie,73719,
SNCF,620,87591792,8759179,PR/0087-591792-HR,3249,Gabriel Péri - Viroflay Rive Gauche,BUS,BUS,50117763,VIROFLAY RIVE GAUCHE NOCTILIEN,BUS,25583,Gabriel Péri / Viroflay Rive Gauche,bus,43038,Gabriel Péri / Viroflay Rive Gauche,63980,
SNCF,620,87591792,8759179,PR/0087-591792-HR,3250,Gabriel Péri - Viroflay Rive Gauche,BUS,BUS,50116179,VIROFLAY RIVE GAUCHE NOCTILIEN,BUS,472767,Viroflay Rive Gauche / Gabriel Péri,bus,43038,Gabriel Péri / Viroflay Rive Gauche,63980,
SNCF,13,87591800,8759180,PR/0087-591800-HR,66,Porchefontaine Gare,BUS,BUS,50117870,Porchefontaine,BUS,471470,Porchefontaine / Octroi,bus,473333,Porchefontaine,63886,
SNCF,13,87591800,8759180,PR/0087-591800-HR,67,Porchefontaine Gare,BUS,BUS,50116541,Porchefontaine,BUS,413461,Porchefontaine,bus,473333,Porchefontaine,63886,
SNCF,210,87591818,8759181,PR/0087-591818-HR,1619,Gare des Chantiers,BUS,BUS,50118172,Versailles Chantiers,BUS,471101,Versailles Chantiers,bus,473606,Gare des Chantiers - États Généraux / Abbé Rousseaux,63880,
SNCF,210,87591818,8759181,PR/0087-591818-HR,1621,Gare des Chantiers,BUS,BUS,50116281,Versailles Chantiers,BUS,473005,Versailles Chantiers,bus,473606,Gare des Chantiers - États Généraux / Abbé Rousseaux,63880,
SNCF,371,87591826,8759182,PR/0087-591826-HR,2632,Versailles Rive Gauche Gare,BUS,BUS,50116316,Versailles Château Rive Gauche,BUS,411253,Gare de Versailles Rive Gauche,bus,473607,Gare de Versailles Château Rive Gauche,73721,
SNCF,371,87591826,8759182,PR/0087-591826-HR,2641,Versailles Rive Gauche Gare,BUS,BUS,50116268,Versailles Château Rive Gauche,BUS,471800,Versailles Château Rive Gauche,bus,473607,Gare de Versailles Château Rive Gauche,73721,
SNCF,621,87591834,8759183,PR/0087-591834-HR,3251,La Poste - Saint-Cyr Gare,BUS,BUS,50118264,St Cyr Noctilien,BUS,20628,République - La Poste,bus,44619,République La Poste / Ecole Militaire,73860,
SNCF,621,87591834,8759183,PR/0087-591834-HR,3252,La Poste - Saint-Cyr Gare,BUS,BUS,50118656,St Cyr Noctilien,BUS,472620,Saint Cyr,bus,44619,République La Poste / Ecole Militaire,73860,
SNCF,75,87591859,8759185,PR/0087-591859-HR,576,Saint-Quentin en Yvelines Gare,BUS,BUS,50118940,Saint-Quentin en Yvelines - Montigny-le-Bretonneux,BUS,21083,Saint-Quentin - Gare Routière des Prés (Quai A),bus,473546,Saint-Quentin - Gare Routière des Prés,63812,
SNCF,615,87591867,8759186,PR/0087-591867-HR,3243,République - Gare de Trappes,BUS,BUS,50118122,TRAPPES NOCTILIEN,BUS,20569,République P.V.Couturier,bus,57745,République Paul Vaillant Couturier,63677,
SNCF,615,87591867,8759186,PR/0087-591867-HR,3244,République - Gare de Trappes,BUS,BUS,50117073,TRAPPES NOCTILIEN,BUS,411255,République P.V. Couturier / Trappes,bus,57745,République Paul Vaillant Couturier,63677,
SNCF,295,87591875,8759187,PR/0087-591875-HR,2168,La Verrière Gare,BUS,BUS,50116173,La Verrière,BUS,21074,La Verrière,bus,473427,Gare de La Verrière (Gare routière),63426,
SNCF,63,87594929,8759492,PR/0087-594929-HR,454,Gare du Nord,BUS,BUS,50118438,Paris Gare du Nord,BUS,8326,Paris Gare du Nord,bus,473225,Gare du Nord (r. du Faubourg St Denis),71410,
SNCF,63,87594929,8759492,PR/0087-594929-HR,451,Gare du Nord - Lafayette Dunkerque,BUS,BUS,50118383,Paris Gare du Nord,BUS,470953,Paris Gare du Nord,bus,58720,La Fayette - Dunkerque,71410,
SNCF,63,87594929,8759492,PR/0087-594929-HR,457,Gare du Nord - Lafayette Dunkerque,BUS,BUS,50118385,Paris Gare du Nord,BUS,22734,La Fayette - Dunkerque,bus,473222,La Fayette - Dunkerque,71410,
SNCF,178,87594937,8759493,PR/0087-594937-HR,1311,Pantin Mairie RER,BUS,BUS,50116315,Pantin,BUS,28278,Pantin RER - Mairie,bus,44237,Pantin RER - Mairie (av. General Leclerc),72421,
SNCF,178,87594937,8759493,PR/0087-594937-HR,1313,Pantin Mairie RER,BUS,BUS,50117529,Pantin,BUS,413017,Pantin RER - Mairie,bus,44237,Pantin RER - Mairie (av. General Leclerc),72421,
SNCF,32,87594945,8759494,PR/0087-594945-HR,220,Gare d'Aulnay-Sous-Bois,BUS,BUS,50118584,Aulnay-sous-Bois,BUS,470742,Aulnay-sous-Bois,bus,473096,Gare d'Aulnay-sous-Bois (pl. du Général de Gaulle),72646,
SNCF,347,87594952,8759495,PR/0087-594952-HR,2467,Sevran Livry RER,BUS,BUS,50117100,SEVRAN - LIVRY,BUS,19400,Gare de Sevran-Livry Sud,bus,473553,Gare de Sevran-Livry Sud,73439,
SNCF,280,87594960,8759496,PR/0087-594960-HR,2072,Gare de Chelles Gournay,BUS,BUS,50117054,Chelles - Gournay,BUS,427623,Gare de Chelles Gournay,bus,473243,Gare de Chelles Gournay,68407,
SNCF,280,87594960,8759496,PR/0087-594960-HR,5024,Gare de Chelles Gournay,BUS,BUS,50118585,Chelles - Gournay,BUS,22556,Chelles Gournay RER / Gasnier Guy,bus,58880,Gasnier Guy,68407,
SNCF,52,87594978,8759497,PR/0087-594978-HR,327,Gare de Vaires Torcy,BUS,BUS,50116349,Vaires - Torcy,BUS,472912,Gare de Vaires Torcy,bus,473855,Gare de Vaires Torcy,68419,
SNCF,52,87594978,8759497,PR/0087-594978-HR,328,Gare de Vaires Torcy,BUS,BUS,50116433,Vaires - Torcy,BUS,16730,Gare de Vaires Torcy,bus,473855,Gare de Vaires Torcy,68419,
SNCF,157,87594986,8759498,PR/0087-594986-HR,1151,Nogent Le Perreux RER,BUS,BUS,50118558,Nogent - Le Perreux,BUS,470706,Nogent - Le Perreux,bus,473124,Gare de Nogent-le-Perreux,71609,
SNCF,157,87594986,8759498,PR/0087-594986-HR,5021,Nogent Le Perreux RER,BUS,BUS,50118077,Nogent - Le Perreux,BUS,471256,Nogent - Le Perreux,bus,473124,Gare de Nogent-le-Perreux,71609,
SNCF,655,87594994,8759499,PR/0087-594994-HR,3305,Esbly Av. Charles De Gaulle/Place de l'Europe,BUS,BUS,50116611,Esbly Noctilien,BUS,472216,Esbly / Place de l'Europe,bus,47323,Mairie / Place de l'Europe,68638,
SNCF,655,87594994,8759499,PR/0087-594994-HR,3306,Esbly Av. Charles De Gaulle/Place de l'Europe,BUS,BUS,50118498,Esbly Noctilien,BUS,411236,Esbly / Mairie,bus,47323,Mairie / Place de l'Europe,68638,
SNCF,304,87595017,8759501,PR/0087-595017-HR,2241,Meaux Gare Routière Quai A,BUS,BUS,50118162,Meaux,BUS,471107,Meaux,bus,473352,Gare de Meaux (Rue des Trinitaires),68963,
SNCF,47,87595025,8759502,PR/0087-595025-HR,298,Gare de Roissy-en-Brie,BUS,BUS,50116565,Roissy-en-Brie,BUS,411238,Roissy-en-Brie Noctilien,bus,473483,Gare de Roissy-en-Brie,67839,
SNCF,585,87595033,8759503,PR/0087-595033-HR,3185,Ozoir-la-Ferrière Armainvilliers,BUS,BUS,50117925,Ozoir-la-Ferrière Armainvilliers,BUS,471387,Ozoir-la-Ferrière Armainvilliers,bus,47212,Campus Sainte Thérèse,67688,
SNCF,585,87595033,8759503,PR/0087-595033-HR,3186,Ozoir-la-Ferrière Armainvilliers,BUS,BUS,50118571,Ozoir-la-Ferrière Armainvilliers,BUS,470725,Ozoir-la-Ferrière Armainvilliers,bus,47212,Campus Sainte Thérèse,67688,
SNCF,122,87595041,8759504,PR/0087-595041-HR,917,Gare de Gretz Armainvilliers,BUS,BUS,50116985,Gretz-Armainvilliers,BUS,472162,Gretz-Armainvilliers,bus,473357,Gare de Gretz-Armainvilliers,67658,
SNCF,219,87595058,8759505,PR/0087-595058-HR,1685,TOURNAN,BUS,BUS,50117682,Tournan,BUS,411237,Gare de Tournan-en-Brie (Côté guichet),bus,473588,Gare de Tournan (Rue Geores Clémenceau),67625,
SNCF,204,87600114,8760011,PR/0087-600114-HR,1541,Gare Saint-Lazare,BUS,BUS,50118700,Paris Saint-Lazare,BUS,472755,Paris Saint-Lazare,bus,473234,Gare Saint-Lazare (Parvis),71370,
SNCF,204,87600114,8760011,PR/0087-600114-HR,1542,Gare Saint-Lazare,BUS,BUS,50116191,Paris Saint-Lazare,BUS,472755,Paris Saint-Lazare,bus,473234,Gare Saint-Lazare (Parvis),71370,
SNCF,204,87600114,8760011,PR/0087-600114-HR,5025,Gare Saint-Lazare,BUS,BUS,50118406,Paris Saint-Lazare,BUS,470840,Paris Saint-Lazare,bus,473237,Gare Saint-Lazare,71370,
SNCF,270,87600122,8760012,PR/0087-600122-HR,1995,Gare de Montigny Beauchamp,BUS,BUS,50118902,Montigny - Beauchamp,BUS,5196,Gare de Montigny Beauchamp,bus,473395,Gare de Montigny - Beauchamp,66335,
SNCF,400,87600130,8760013,PR/0087-600130-HR,2829,Gare de Pierrelaye,BUS,BUS,50118063,Pierrelaye,BUS,5391,Gare de Pierrelaye,bus,473442,Gare de Pierrelaye,66491,
SNCF,65,87600155,8760015,PR/0087-600155-HR,469,Gare de Liesse,BUS,BUS,50116378,Saint-Ouen-l'Aumône Liesse,BUS,427860,Gare de Liesse - Quai A,bus,473515,Gare de Saint-Ouen-l'Aumône - Liesse,66659,
SNCF,65,87600155,8760015,PR/0087-600155-HR,5022,Gare de Liesse,BUS,BUS,50118254,Saint-Ouen-l'Aumône Liesse,BUS,5540,Gare de Liesse - Quai F,bus,473515,Gare de Saint-Ouen-l'Aumône - Liesse,66659,
SNCF,89,87600163,8760016,PR/0087-600163-HR,675,Saint-Ouen l'Aumône - Mairie RER SNCF,BUS,BUS,50117890,Saint-Ouen-l'Aumône,BUS,471425,Saint-Ouen-l'Aumône,bus,47600,Mairie,66803,
SNCF,89,87600163,8760016,PR/0087-600163-HR,676,Saint-Ouen l'Aumône - Mairie RER SNCF,BUS,BUS,50118001,Saint-Ouen-l'Aumône,BUS,471333,Saint-Ouen-l'Aumône,bus,47600,Mairie,66803,
SNCF,161,87600171,8760017,PR/0087-600171-HR,1191,Gare de Pontoise,BUS,BUS,50118903,Pontoise,BUS,422956,Place du Général de Gaulle - Gare,bus,473332,Gare de Pontoise (Place du Général de Gaulle),66816,
SNCF,351,87600189,8760018,PR/0087-600189-HR,2504,Gare de Cergy Préfecture,BUS,BUS,50117014,Cergy Préfecture,BUS,420180,Gare de Cergy Préfecture (E),bus,473082,Gare de Cergy Préfecture (A - F),66696,
SNCF,351,87600189,8760018,PR/0087-600189-HR,2505,Gare de Cergy Préfecture,BUS,BUS,50117066,Cergy Préfecture,BUS,5601,Gare de Cergy Préfecture (C),bus,473082,Gare de Cergy Préfecture (A - F),66696,
SNCF,94,87600197,8760019,PR/0087-600197-HR,711,Gare de Cergy Saint-Christophe,BUS,BUS,50118852,Cergy Saint-Christophe,BUS,41524,Cergy Saint-Christophe,bus,473085,Gare de Cergy Saint-Christophe,66858,
SNCF,94,87600197,8760019,PR/0087-600197-HR,712,Gare de Cergy Saint-Christophe,BUS,BUS,50118883,Cergy Saint-Christophe,BUS,472337,Cergy Saint-Christophe,bus,473085,Gare de Cergy Saint-Christophe,66858,
SNCF,62,87600205,8760020,PR/0087-600205-HR,394,Gare de Cergy le Haut,BUS,BUS,50117831,Cergy le Haut,BUS,41525,Cergy Le Haut (Gare),bus,473084,Gare de Cergy le Haut (Gare routière),66834,
SNCF,211,87604835,8760483,PR/0087-604835-HR,1632,Gare de Villennes-sur-Seine,BUS,BUS,50118486,Villennes-sur-Seine,BUS,470777,Villennes-sur-Seine,bus,474206,Gare de Villennes-sur-Seine,64949,
SNCF,356,87604843,8760484,PR/0087-604843-HR,2537,Gare de Poissy,BUS,BUS,50116188,Poissy,BUS,41526,Poissy,bus,427871,Gare de Poissy (Sud),64883,
SNCF,375,87604850,8760485,PR/0087-604850-HR,2661,Gare de Vernouillet Verneuil,BUS,BUS,50117988,Vernouillet - Verneuil,BUS,462239,Gare de Vernouillet Verneuil,bus,473604,Gare de Vernouillet Verneuil,65691,
SNCF,76,87604868,8760486,PR/0087-604868-HR,589,Gare des Clairières de Verneuil,BUS,BUS,50116217,Les Clairières de Verneuil,BUS,13594,Gare des Clairières de Verneuil,bus,473473,Gare des Clairières de Verneuil,65985,
SNCF,348,87604876,8760487,PR/0087-604876-HR,2481,Gare des Mureaux,BUS,BUS,50118121,Les Mureaux,BUS,471176,Gare des Mureaux (A1),bus,473497,Gare des Mureaux,65994,
SNCF,88,87604884,8760488,PR/0087-604884-HR,665,Gare de Mantes-Station,BUS,BUS,50116587,Mantes Station,BUS,13656,Calmette / Gare de Mantes Station,bus,44381,Gare de Mantes-Station / Calmette,65770,
SNCF,88,87604884,8760488,PR/0087-604884-HR,666,Gare de Mantes-Station,BUS,BUS,50117027,Mantes Station,BUS,472035,Mantes Station,bus,44381,Gare de Mantes-Station / Calmette,65770,
SNCF,176,87604892,8760489,PR/0087-604892-HR,1288,Gare de Mantes-la-Jolie,BUS,BUS,50118821,Mantes-la-Jolie,BUS,19962,Gare de Mantes-la-Jolie - Quai 8,bus,473080,Gare Routière Mantes-la-Jolie (Quai 8-13),65931,
SNCF,125,87605428,8760542,PR/0087-605428-HR,933,Pereire Levallois Gare,BUS,BUS,50117174,Péreire Levallois,BUS,471934,Péreire Levallois,bus,44313,Péreire - Le Chatelier,71453,
SNCF,125,87605428,8760542,PR/0087-605428-HR,938,Pereire Levallois Gare,BUS,BUS,50117816,Péreire Levallois,BUS,472849,Péreire Levallois,bus,473434,Péreire Levallois,71453,
SNCF,138,87605436,8760543,PR/0087-605436-HR,1015,Maisons Laffitte Gare,BUS,BUS,50116278,Maisons-Laffitte,BUS,473000,Maisons-Laffitte,bus,43155,Gare de Maisons-Laffitte,65048,
SNCF,96,87605444,8760544,PR/0087-605444-HR,725,Acheres Ville Gare,BUS,BUS,50118320,Achères Ville,BUS,473025,Achères Ville,bus,470535,Gare d'Achères Ville,73604,
SNCF,130,87606517,8760651,PR/0087-606517-HR,958,PONT CARDINET,BUS,BUS,50118493,PONT CARDINET,BUS,27476,Pont Cardinet,bus,473448,Pont Cardinet,71475,
SNCF,130,87606517,8760651,PR/0087-606517-HR,963,PONT CARDINET,BUS,BUS,50118836,PONT CARDINET,BUS,26205,Pont Cardinet,bus,473448,Pont Cardinet,71475,
SNCF,68,87606525,8760652,PR/0087-606525-HR,485,Victor Hugo Jean Jaurès,BUS,BUS,50116654,Clichy - Levallois,BUS,26281,Victor Hugo - Jean Jaurès,bus,53680,Jean Jaurès - Victor Hugo,72073,
SNCF,68,87606525,8760652,PR/0087-606525-HR,491,Victor Hugo Jean Jaurès,BUS,BUS,50116553,Clichy - Levallois,BUS,26282,Victor Hugo - Jean Jaurès,bus,53680,Jean Jaurès - Victor Hugo,72073,
SNCF,276,87606533,8760653,PR/0087-606533-HR,2030,Rue de la Station,BUS,BUS,50117702,Asnières-sur-Seine,BUS,424724,Rue de la Station,bus,46444,Rue de Station,72132,
SNCF,276,87606533,8760653,PR/0087-606533-HR,2038,Rue de la Station,BUS,BUS,50116368,Asnières-sur-Seine,BUS,39589,Rue de la Station,bus,46444,Rue de Station,72132,
SNCF,397,87606541,8760654,PR/0087-606541-HR,2806,Gare des Grésillons,BUS,BUS,50117853,Les Grésillons,BUS,23894,Les Grésillons,bus,473496,Les Grésillons,72225,
SNCF,397,87606541,8760654,PR/0087-606541-HR,2807,Gare des Grésillons,BUS,BUS,50116588,Les Grésillons,BUS,36879,Les Grésillons,bus,473496,Les Grésillons,72225,
SNCF,636,87606558,8760655,PR/0087-606558-HR,3276,SAINT-GRATIEN,BUS,BUS,50118452,St Gratien Noctilien,BUS,411276,Saint-Gratien,bus,473513,Saint-Gratien (Boulevard Pasteur),478347,
SNCF,636,87606558,8760655,PR/0087-606558-HR,3277,SAINT-GRATIEN,BUS,BUS,50118031,St Gratien Noctilien,BUS,471278,Saint Gratien,bus,473513,Saint-Gratien (Boulevard Pasteur),478347,
SNCF,298,87606566,8760656,PR/0087-606566-HR,2199,Gare d'Ermont Eaubonne,BUS,BUS,50118833,Ermont - Eaubonne,BUS,411275,Ermont Eaubonne,bus,473092,Gare d'Ermont-Eaubonne,65669,
SNCF,250,87606574,8760657,PR/0087-606574-HR,1868,Gare de Sannois,BUS,BUS,50118078,Sannois,BUS,471259,Gare de Sannois,bus,473556,Gare de Sannois,65441,
SNCF,250,87606574,8760657,PR/0087-606574-HR,1871,Gare de Sannois,BUS,BUS,50118712,Sannois,BUS,5071,Gare de Sannois,bus,473556,Gare de Sannois,65441,
SNCF,189,87606582,8760658,PR/0087-606582-HR,1385,Gare de Franconville le Plessis-Bouchard,BUS,BUS,50118321,Franconville - Le Plessis-Bouchard,BUS,471000,Franconville - Le Plessis-Bouchard,bus,473094,Gare de Franconville (pl. de la République),66005,
SNCF,111,87608802,8760880,PR/0087-608802-BV,836,1B,VOIE,TRAIN,50116345,Créteil Pompadour,RAIL,472916,Créteil Pompadour,rail,46286,Créteil Pompadour,69950,835
SNCF,111,87608802,8760880,PR/0087-608802-BV,837,2B,VOIE,TRAIN,50118792,Créteil Pompadour,RAIL,472380,Créteil Pompadour,rail,46286,Créteil Pompadour,69950,835
SNCF,111,87608802,8760880,PR/0087-608802-BV,834,CRETEIL-POMPADOUR,BUS,BUS,50117038,Créteil Pompadour,BUS,472025,Créteil Pompadour,bus,473252,Gare de Créteil Pompadour,69950,
SNCF,191,87612978,8761297,PR/0087-612978-HR,1400,Achères Grand Cormier Gare,BUS,BUS,50116615,Achères Grand Cormier,BUS,41529,Achères Grand Cormier,bus,473027,Gare d'Achères Grand Cormier,65190,
SNCF,19,87654798,8765479,PR/0087-654798-BV,144,1,VOIE,TRAIN,50116166,ROSA PARKS,RAIL,472747,Rosa Parks,rail,58498,Rosa Parks,73798,145
SNCF,19,87654798,8765479,PR/0087-654798-BV,142,2,VOIE,TRAIN,50118157,ROSA PARKS,RAIL,471119,Rosa Parks,rail,58498,Rosa Parks,73798,145
SNCF,19,87654798,8765479,PR/0087-654798-BV,143,ROSA PARKS,BUS,BUS,50116115,ROSA PARKS,BUS,420578,Rosa Parks,bus,473485,Rosa Parks,73798,
SNCF,398,87681007,8768100,PR/0087-681007-BV,2820,10,VOIE,TRAIN,50118454,Corbeil-Essonnes,RAIL,470889,Corbeil-Essonnes,rail,43115,Corbeil-Essonnes,60309,2819
SNCF,398,87681007,8768100,PR/0087-681007-BV,2813,11,VOIE,TRAIN,50118708,Corbeil-Essonnes,RAIL,472720,Corbeil-Essonnes,rail,43115,Corbeil-Essonnes,60309,6044
SNCF,398,87681007,8768100,PR/0087-681007-BV,2812,12,VOIE,TRAIN,50116636,Corbeil-Essonnes,RAIL,472205,Corbeil-Essonnes,rail,43115,Corbeil-Essonnes,60309,2818
SNCF,398,87681007,8768100,PR/0087-681007-BV,2811,13,VOIE,TRAIN,50116365,Corbeil-Essonnes,RAIL,472415,Corbeil-Essonnes,rail,43115,Corbeil-Essonnes,60309,6045
SNCF,398,87681007,8768100,PR/0087-681007-BV,2810,14,VOIE,TRAIN,50116460,Corbeil-Essonnes,RAIL,472343,Corbeil-Essonnes,rail,43115,Corbeil-Essonnes,60309,2817
SNCF,398,87681007,8768100,PR/0087-681007-BV,2809,15,VOIE,TRAIN,50116369,Corbeil-Essonnes,RAIL,472398,Corbeil-Essonnes,rail,43115,Corbeil-Essonnes,60309,2816
SNCF,398,87681007,8768100,PR/0087-681007-BV,6018,16,VOIE,TRAIN,50117303,Corbeil-Essonnes,RAIL,477108,Corbeil-Essonnes,rail,43115,Corbeil-Essonnes,60309,6043
SNCF,398,87681007,8768100,PR/0087-681007-BV,2815,CORBEIL ESSONNES,BUS,BUS,50116256,Corbeil-Essonnes,BUS,472981,Corbeil-Essonnes,bus,473088,Gare de Corbeil-Essonnes (pl. Henri Barbusse),60309,
SNCF,398,87681007,8768100,PR/0087-681007-BV,2814,Corbeil Essonnes-Gare (ES),BUS,BUS,50116398,Corbeil-Essonnes,BUS,39864,Gare SNCF,bus,473088,Gare de Corbeil-Essonnes (pl. Henri Barbusse),60309,
SNCF,303,87681155,8768115,PR/0087-681155-00,2229,1,VOIE,TRAIN,50116490,Maisons-Alfort - Alfortville,RAIL,472663,Maisons-Alfort - Alfortville,rail,43154,Maisons-Alfort - Alfortville,73625,2234
SNCF,303,87681155,8768115,PR/0087-681155-00,2225,1B,VOIE,TRAIN,50117111,Maisons-Alfort - Alfortville,RAIL,472105,Maisons-Alfort - Alfortville,rail,43154,Maisons-Alfort - Alfortville,73625,2234
SNCF,303,87681155,8768115,PR/0087-681155-00,2228,2,VOIE,TRAIN,50117532,Maisons-Alfort - Alfortville,RAIL,471716,Maisons-Alfort - Alfortville,rail,43154,Maisons-Alfort - Alfortville,73625,2235
SNCF,303,87681155,8768115,PR/0087-681155-00,2236,2B,VOIE,TRAIN,50117208,Maisons-Alfort - Alfortville,RAIL,471973,Maisons-Alfort - Alfortville,rail,43154,Maisons-Alfort - Alfortville,73625,2235
SNCF,303,87681155,8768115,PR/0087-681155-00,2227,2M,VOIE,TRAIN,50117545,Maisons-Alfort - Alfortville,RAIL,471726,Maisons-Alfort - Alfortville,rail,43154,Maisons-Alfort - Alfortville,73625,2233
SNCF,303,87681155,8768115,PR/0087-681155-00,2231,MAISONS ALFORT ALFORTVILLE,BUS,BUS,50118867,Maisons-Alfort - Alfortville,BUS,472305,Maisons-Alfort - Alfortville,bus,473103,Maisons-Alfort - Alfortville RER,73625,
SNCF,208,87681247,8768124,PR/0087-681247-BV,1602,1,VOIE,TRAIN,50118463,Le Vert de Maisons,RAIL,470883,Le Vert de Maisons,rail,464040,Le Vert de Maisons,73624,1600
SNCF,208,87681247,8768124,PR/0087-681247-BV,1603,1B,VOIE,TRAIN,50118275,Le Vert de Maisons,RAIL,470984,Le Vert de Maisons,rail,464040,Le Vert de Maisons,73624,1601
SNCF,208,87681247,8768124,PR/0087-681247-BV,1599,2B,VOIE,TRAIN,50118511,Le Vert de Maisons,RAIL,470788,Le Vert de Maisons,rail,464040,Le Vert de Maisons,73624,1601
SNCF,208,87681247,8768124,PR/0087-681247-BV,1604,2M,VOIE,TRAIN,50116685,Le Vert de Maisons,RAIL,472241,Le Vert de Maisons,rail,464040,Le Vert de Maisons,73624,1609
SNCF,208,87681247,8768124,PR/0087-681247-BV,1605,LE VERT DE MAISONS,BUS,BUS,50118015,Le Vert de Maisons,BUS,28794,Le Vert de Maisons,bus,46281,Le Vert de Maisons (Rue Jean Jaurès),73624,
SNCF,208,87681247,8768124,PR/0087-681247-BV,1606,LE VERT DE MAISONS,BUS,BUS,50118111,Le Vert de Maisons,BUS,41804,Le Vert de Maisons,bus,46281,Le Vert de Maisons (Rue Jean Jaurès),73624,
SNCF,205,87681304,8768130,PR/0087-681304-00,1575,1C,VOIE,TRAIN,50116338,Vigneux-sur-Seine,RAIL,472907,Vigneux-sur-Seine,rail,45735,Vigneux-sur-Seine,63071,1579
SNCF,205,87681304,8768130,PR/0087-681304-00,1576,1M,VOIE,TRAIN,50116419,Vigneux-sur-Seine,RAIL,472304,Vigneux-sur-Seine,rail,45735,Vigneux-sur-Seine,63071,1580
SNCF,205,87681304,8768130,PR/0087-681304-00,1577,2C,VOIE,TRAIN,50118611,Vigneux-sur-Seine,RAIL,470627,Vigneux-sur-Seine,rail,45735,Vigneux-sur-Seine,63071,1580
SNCF,205,87681304,8768130,PR/0087-681304-00,1578,2M,VOIE,TRAIN,50118207,Vigneux-sur-Seine,RAIL,471136,Vigneux-sur-Seine,rail,45735,Vigneux-sur-Seine,63071,1581
SNCF,205,87681304,8768130,PR/0087-681304-00,1574,VIGNEUX SUR SEINE,BUS,BUS,50117945,Vigneux-sur-Seine,BUS,471401,Vigneux-sur-Seine,bus,474204,Gare de Vigneux-sur-Seine,63071,
SNCF,253,87681312,8768131,PR/0087-681312-00,1890,1,VOIE,TRAIN,50117274,Viry-Châtillon,RAIL,471862,Viry-Châtillon,rail,43225,Viry-Châtillon,60981,1892
SNCF,253,87681312,8768131,PR/0087-681312-00,1894,2,VOIE,TRAIN,50117982,Viry-Châtillon,RAIL,471361,Viry-Châtillon,rail,43225,Viry-Châtillon,60981,1891
SNCF,253,87681312,8768131,PR/0087-681312-00,1889,VIRY CHATILLON,BUS,BUS,50118790,Viry-Châtillon,BUS,472401,Viry-Châtillon,bus,474207,Gare de Viry-Châtillon,60981,
SNCF,253,87681312,8768131,PR/0087-681312-00,1895,VIRY CHATILLON,BUS,BUS,50117857,Viry-Châtillon,BUS,471831,Gare de Viry-Châtillon,bus,474207,Gare de Viry-Châtillon,60981,
SNCF,128,87681338,8768133,PR/0087-681338-BV,946,1,VOIE,TRAIN,50117232,Ris-Orangis,RAIL,471999,Ris-Orangis,rail,47948,Ris-Orangis,60839,948
SNCF,128,87681338,8768133,PR/0087-681338-BV,945,2,VOIE,TRAIN,50118055,Ris-Orangis,RAIL,471235,Ris-Orangis,rail,47948,Ris-Orangis,60839,944
SNCF,128,87681338,8768133,PR/0087-681338-BV,947,RIS ORANGIS,BUS,BUS,50117913,Ris-Orangis,BUS,471434,Ris-Orangis,bus,473465,Gare de Ris-Orangis,60839,
SNCF,299,87681346,8768134,PR/0087-681346-00,2205,1,VOIE,TRAIN,50118849,Orangis Bois de l'Épine,RAIL,472278,Orangis Bois de l'Épine,rail,48489,Orangis Bois de l'Épine,60542,2203
SNCF,299,87681346,8768134,PR/0087-681346-00,2202,2,VOIE,TRAIN,50118337,Orangis Bois de l'Épine,RAIL,470913,Orangis Bois de l'Épine,rail,48489,Orangis Bois de l'Épine,60542,2204
SNCF,299,87681346,8768134,PR/0087-681346-00,2201,ORANGIS BOIS DE L'EPINE,BUS,BUS,50117092,Orangis Bois de l'Épine,BUS,472087,Orangis Bois de l'Épine,bus,473313,Gare de Ris-Orangis Bois de l'Epine (Rue de Valmy),60542,
SNCF,283,87681353,8768135,PR/0087-681353-00,2090,1,VOIE,TRAIN,50117899,Grand Bourg,RAIL,471416,Grand Bourg,rail,45860,Grand Bourg,73627,2087
SNCF,283,87681353,8768135,PR/0087-681353-00,2089,2,VOIE,TRAIN,50116563,Grand Bourg,RAIL,472504,Grand Bourg,rail,45860,Grand Bourg,73627,2086
SNCF,283,87681353,8768135,PR/0087-681353-00,6038,GRAND BOURG,BUS,BUS,50117348,Grand Bourg,BUS,3813,Champs Elysées - Grand Bourg,bus,45862,Champs Elysées - Grand Bourg,73628,
SNCF,283,87681353,8768135,PR/0087-681353-00,6039,GRAND BOURG,BUS,BUS,50117318,Grand Bourg,BUS,3814,Champs Elysées - Grand Bourg,bus,45862,Champs Elysées - Grand Bourg,73628,
SNCF,340,87681361,8768136,PR/0087-681361-00,2438,1,VOIE,TRAIN,50118209,Évry,RAIL,471057,Évry,rail,45745,Évry,60522,2434
SNCF,340,87681361,8768136,PR/0087-681361-00,2437,2,VOIE,TRAIN,50117676,Évry,RAIL,471652,Évry,rail,45745,Évry,60522,2433
SNCF,340,87681361,8768136,PR/0087-681361-00,2435,EVRY,BUS,BUS,50118346,Évry,BUS,480393,Évry,bus,473377,Gare d'Evry-Courcouronnes Centre,60450,
SNCF,340,87681361,8768136,PR/0087-681361-00,2436,EVRY,BUS,BUS,50118453,Évry,BUS,480391,Évry,bus,473377,Gare d'Evry-Courcouronnes Centre,60450,
SNCF,173,87681379,8768137,PR/0087-681379-00,1267,1,VOIE,TRAIN,50118097,Grigny Centre,RAIL,471218,Grigny Centre,rail,43132,Grigny Centre,60797,1269
SNCF,173,87681379,8768137,PR/0087-681379-00,1266,2,VOIE,TRAIN,50118198,Grigny Centre,RAIL,471145,Grigny Centre,rail,43132,Grigny Centre,60797,1268
SNCF,173,87681379,8768137,PR/0087-681379-00,1264,GRIGNY CENTRE,BUS,BUS,50117964,Grigny Centre,BUS,411312,Grigny Centre,bus,473358,Gare de Grigny Centre,60797,
SNCF,173,87681379,8768137,PR/0087-681379-00,1265,GRIGNY CENTRE,BUS,BUS,50118398,Grigny Centre,BUS,472097,Gare de Grigny Centre,bus,473358,Gare de Grigny Centre,60797,
SNCF,170,87681387,8768138,PR/0087-681387-00,1245,1,VOIE,TRAIN,50118756,Évry - Courcouronnes,RAIL,472557,Évry - Courcouronnes,rail,47906,Évry - Courcouronnes,60450,1244
SNCF,170,87681387,8768138,PR/0087-681387-00,1243,2,VOIE,TRAIN,50117072,Évry - Courcouronnes,RAIL,472133,Évry - Courcouronnes,rail,47906,Évry - Courcouronnes,60450,1248
SNCF,170,87681387,8768138,PR/0087-681387-00,1249,EVRY COURCOURONNES (PREFECTURE),BUS,BUS,50116118,Évry - Courcouronnes,BUS,411313,Évry Courcouronnes,bus,473377,Gare d'Evry-Courcouronnes Centre,60450,
SNCF,396,87681395,8768139,PR/0087-681395-00,2794,1,VOIE,TRAIN,50116631,Le Bras de Fer,RAIL,472200,Le Bras de Fer,rail,45850,Le Bras de Fer,60422,2800
SNCF,396,87681395,8768139,PR/0087-681395-00,2795,2,VOIE,TRAIN,50116549,Le Bras de Fer,RAIL,472534,Le Bras de Fer,rail,45850,Le Bras de Fer,60422,2799
SNCF,396,87681395,8768139,PR/0087-681395-00,2798,LE BRAS DE FER (EVRY GENOPOLE),BUS,BUS,50118926,Le Bras de Fer,BUS,472975,Le Bras de Fer,bus,473325,Gare du Bras de Fer Evry Génopole,60422,
SNCF,259,87681403,8768140,PR/0087-681403-00,1932,1,VOIE,TRAIN,50118123,Moulin Galant,RAIL,471178,Moulin Galant,rail,45761,Moulin Galant,60084,1930
SNCF,259,87681403,8768140,PR/0087-681403-00,1934,2,VOIE,TRAIN,50117016,Moulin Galant,RAIL,472072,Moulin Galant,rail,45761,Moulin Galant,60084,1933
SNCF,259,87681403,8768140,PR/0087-681403-00,1929,Moulin Galant,BUS,BUS,50118115,Moulin Galant,BUS,471170,Moulin Galant,bus,473408,Moulin Galant,60084,
SNCF,259,87681403,8768140,PR/0087-681403-00,1931,Moulin Galant,BUS,BUS,50117209,Moulin Galant,BUS,471974,Moulin Galant,bus,473408,Moulin Galant,60084,
SNCF,259,87681403,8768140,PR/0087-681403-00,5042,Moulin Galant,BUS,BUS,50117785,Moulin Galant,BUS,477446,Gare de Moulin Galant,bus,473408,Moulin Galant,60084,
SNCF,194,87681411,8768141,PR/0087-681411-00,1415,1,VOIE,TRAIN,50117737,Mennecy,RAIL,471590,Mennecy,rail,47899,Mennecy,59984,1419
SNCF,194,87681411,8768141,PR/0087-681411-00,1416,2,VOIE,TRAIN,50117538,Mennecy,RAIL,471735,Mennecy,rail,47899,Mennecy,59984,1420
SNCF,194,87681411,8768141,PR/0087-681411-00,1418,MENNECY,BUS,BUS,50118555,Mennecy,BUS,470701,Gare de Mennecy Rue de l'Abreuvoir,bus,473355,Gare de Mennecy Rue de l'Abreuvoir,59984,
SNCF,194,87681411,8768141,PR/0087-681411-00,1417,Mennecy Gare,BUS,BUS,50118382,Mennecy,BUS,470952,Mennecy,bus,473882,Gare de Mennecy (Place),59984,
SNCF,10,87681437,8768143,PR/0087-681437-00,50,1,VOIE,TRAIN,50118569,Ballancourt,RAIL,470722,Ballancourt,rail,43087,Ballancourt,59825,48
SNCF,10,87681437,8768143,PR/0087-681437-00,49,2,VOIE,TRAIN,50118025,Ballancourt,RAIL,471285,Ballancourt,rail,43087,Ballancourt,59825,46
SNCF,10,87681437,8768143,PR/0087-681437-00,51,BALLANCOURT,BUS,BUS,50116189,Ballancourt,BUS,11802,Gare de Ballancourt,bus,473102,Gare de Ballancourt,59825,
SNCF,10,87681437,8768143,PR/0087-681437-00,47,Ballancourt Gare,BUS,BUS,50118695,Ballancourt,BUS,460288,Gare de Ballancourt,bus,473102,Gare de Ballancourt,59825,
SNCF,207,87681452,8768145,PR/0087-681452-00,1593,1,VOIE,TRAIN,50116580,La Ferté-Alais,RAIL,472588,La Ferté-Alais,rail,43142,La Ferté-Alais,59661,1596
SNCF,207,87681452,8768145,PR/0087-681452-00,1598,2,VOIE,TRAIN,50118396,La Ferté-Alais,RAIL,470938,La Ferté-Alais,rail,43142,La Ferté-Alais,59661,1597
SNCF,207,87681452,8768145,PR/0087-681452-00,1592,A,VOIE,TRAIN,50116364,La Ferté-Alais,RAIL,472418,La Ferté-Alais,rail,43142,La Ferté-Alais,59661,1596
SNCF,207,87681452,8768145,PR/0087-681452-00,1595,LA FERTE ALAIS,BUS,BUS,50117570,La Ferté-Alais,BUS,11807,Gare de La Ferté Alais,bus,473418,Gare de la Ferté-Alais,59661,
SNCF,207,87681452,8768145,PR/0087-681452-00,1591,La Ferté Alais Gare,BUS,BUS,50116449,La Ferté-Alais,BUS,11808,Gare de La Ferté Alais,bus,473418,Gare de la Ferté-Alais,59661,
SNCF,135,87681478,8768147,PR/0087-681478-00,996,1,VOIE,TRAIN,50117601,Boutigny,RAIL,471799,Boutigny,rail,47895,Boutigny,59565,997
SNCF,135,87681478,8768147,PR/0087-681478-00,994,2,VOIE,TRAIN,50118828,Boutigny,RAIL,472447,Boutigny,rail,47895,Boutigny,59565,998
SNCF,135,87681478,8768147,PR/0087-681478-00,995,BOUTIGNY,BUS,BUS,50118231,Boutigny,BUS,471041,Boutigny,bus,473157,Gare de Boutigny,59565,
SNCF,362,87681486,8768148,PR/0087-681486-BV,2577,1,VOIE,TRAIN,50118505,Maisse,RAIL,470790,Maisse,rail,43156,Maisse,59470,2579
SNCF,362,87681486,8768148,PR/0087-681486-BV,2578,2,VOIE,TRAIN,50117088,Maisse,RAIL,472083,Maisse,rail,43156,Maisse,59470,2580
SNCF,362,87681486,8768148,PR/0087-681486-BV,2581,MAISSE,BUS,BUS,50116536,Maisse,BUS,472697,Maisse,bus,473074,Maisse (Rue de Milly),59470,
SNCF,101,87681510,8768151,PR/0087-681510-00,759,1,VOIE,TRAIN,50118553,Buno - Gironville,RAIL,470703,Buno - Gironville,rail,43102,Buno - Gironville,59447,761
SNCF,101,87681510,8768151,PR/0087-681510-00,760,2,VOIE,TRAIN,50116162,Buno - Gironville,RAIL,472752,Buno - Gironville,rail,43102,Buno - Gironville,59447,762
SNCF,101,87681510,8768151,PR/0087-681510-00,763,BUNO GIRONVILLE,BUS,BUS,50118565,Buno - Gironville,BUS,9247,Gare SNCF,bus,473140,Gare de Buno Gironville,59447,
SNCF,302,87681601,8768160,PR/0087-681601-00,2219,1,VOIE,TRAIN,50117671,Essonnes Robinson,RAIL,471657,Essonnes Robinson,rail,45759,Essonnes Robinson,422776,2223
SNCF,302,87681601,8768160,PR/0087-681601-00,2224,2,VOIE,TRAIN,50117751,Essonnes Robinson,RAIL,471584,Essonnes Robinson,rail,45759,Essonnes Robinson,422776,2222
SNCF,302,87681601,8768160,PR/0087-681601-00,2218,Essonnes Robinson,BUS,BUS,50118397,Essonnes Robinson,BUS,470937,Gare d'Essonnes Robinson,bus,473183,Gare de Robinson,422776,
SNCF,302,87681601,8768160,PR/0087-681601-00,2220,Essonnes Robinson,BUS,BUS,50118117,Essonnes Robinson,BUS,471172,Gare d'Essonnes Robinson,bus,473183,Gare de Robinson,422776,
SNCF,302,87681601,8768160,PR/0087-681601-00,2221,Essonnes Robinson,BUS,BUS,50118590,Essonnes Robinson,BUS,422622,Conservatoire / Essonnes Robinson,bus,58788,Conservatoire / Essonnes Robinson,415614,
SNCF,302,87681601,8768160,PR/0087-681601-00,6030,Essonnes Robinson,BUS,BUS,50117360,Essonnes Robinson,BUS,422621,Conservatoire / Essonnes Robinson,bus,58788,Conservatoire / Essonnes Robinson,415614,
SNCF,56,87681619,8768161,PR/0087-681619-00,359,1,VOIE,TRAIN,50117965,Villabé,RAIL,471346,Villabé,rail,47904,Villabé,60124,354
SNCF,56,87681619,8768161,PR/0087-681619-00,360,2,VOIE,TRAIN,50118615,Villabé,RAIL,470623,Villabé,rail,47904,Villabé,60124,357
SNCF,56,87681619,8768161,PR/0087-681619-00,353,VILLABE,BUS,BUS,50118816,Villabé,BUS,472455,Villabé,bus,473612,Gare de Villabé,60124,
SNCF,56,87681619,8768161,PR/0087-681619-00,355,VILLABE,BUS,BUS,50117047,Villabé,BUS,472046,Villabé,bus,473612,Gare de Villabé,60124,
SNCF,56,87681619,8768161,PR/0087-681619-00,356,Villabé,BUS,BUS,50118908,Villabé,BUS,472341,Gare de Villabé,bus,473612,Gare de Villabé,60124,
SNCF,56,87681619,8768161,PR/0087-681619-00,358,Villabé,BUS,BUS,50117641,Villabé,BUS,4003,Gare de Villabé,bus,473612,Gare de Villabé,60124,
SNCF,383,87681627,8768162,PR/0087-681627-00,2721,1,VOIE,TRAIN,50117686,Le Plessis Chenet,RAIL,471642,Le Plessis Chenet,rail,45820,Le Plessis Chenet,60006,2723
SNCF,383,87681627,8768162,PR/0087-681627-00,2728,2,VOIE,TRAIN,50116526,Le Plessis Chenet,RAIL,472734,Le Plessis Chenet,rail,45820,Le Plessis Chenet,60006,2722
SNCF,383,87681627,8768162,PR/0087-681627-00,2724,LE PLESSIS CHENET,BUS,BUS,50117753,Le Plessis Chenet,BUS,471571,Le Plessis Chenet,bus,44775,Rue du Puits,59966,
SNCF,383,87681627,8768162,PR/0087-681627-00,2725,LE PLESSIS CHENET,BUS,BUS,50117244,Le Plessis Chenet,BUS,472003,Le Plessis Chenet,bus,44775,Rue du Puits,59966,
SNCF,383,87681627,8768162,PR/0087-681627-00,2726,LE PLESSIS CHENET,BUS,BUS,50118310,Le Plessis Chenet,BUS,471018,Le Plessis Chenet,bus,44775,Rue du Puits,59966,
SNCF,383,87681627,8768162,PR/0087-681627-00,2727,LE PLESSIS CHENET,BUS,BUS,50118034,Le Plessis Chenet,BUS,477424,Rue du Puits / Le Plessis Chenet,bus,44775,Rue du Puits,59966,
SNCF,103,87681635,8768163,PR/0087-681635-00,771,1,VOIE,TRAIN,50117514,Le Coudray-Montceaux,RAIL,471694,Le Coudray-Montceaux,rail,45824,Le Coudray-Montceaux,59953,775
SNCF,103,87681635,8768163,PR/0087-681635-00,770,2,VOIE,TRAIN,50118887,Le Coudray-Montceaux,RAIL,472327,Le Coudray-Montceaux,rail,45824,Le Coudray-Montceaux,59953,772
SNCF,103,87681635,8768163,PR/0087-681635-00,774,Coudray Montceaux Gare,BUS,BUS,50116494,Le Coudray-Montceaux,BUS,472671,Le Coudray-Montceaux,bus,473439,Gare du Coudray-Montceaux,59953,
SNCF,103,87681635,8768163,PR/0087-681635-00,773,LE COUDRAY MONTCEAUX,BUS,BUS,50118764,Le Coudray-Montceaux,BUS,472574,Le Coudray-Montceaux,bus,473439,Gare du Coudray-Montceaux,59953,
SNCF,255,87681809,8768180,PR/0087-681809-BV,1900,1B,VOIE,TRAIN,50118501,Villeneuve Triage,RAIL,470795,Villeneuve Triage,rail,46304,Villeneuve Triage,69671,1902
SNCF,255,87681809,8768180,PR/0087-681809-BV,1901,2B,VOIE,TRAIN,50116559,Villeneuve Triage,RAIL,472544,Villeneuve Triage,rail,46304,Villeneuve Triage,69671,1904
SNCF,255,87681809,8768180,PR/0087-681809-BV,1899,2M,VOIE,TRAIN,50116462,Villeneuve Triage,RAIL,472347,Villeneuve Triage,rail,46304,Villeneuve Triage,69671,1902
SNCF,255,87681809,8768180,PR/0087-681809-BV,1903,Villeneuve Triage,BUS,BUS,50117920,Villeneuve Triage,BUS,17234,Villeneuve Triage,bus,473561,Gare de Villeneuve Triage,69671,
SNCF,255,87681809,8768180,PR/0087-681809-BV,1905,Villeneuve Triage,BUS,BUS,50118807,Villeneuve Triage,BUS,472431,Villeneuve Triage,bus,473561,Gare de Villeneuve Triage,69671,
SNCF,199,87681825,8768182,PR/0087-681825-BV,1497,1,VOIE,TRAIN,50117584,Villeneuve-Saint-Georges,RAIL,471784,Villeneuve-Saint-Georges,rail,45067,Villeneuve-Saint-Georges,69568,1500
SNCF,199,87681825,8768182,PR/0087-681825-BV,1510,1B,VOIE,TRAIN,50118822,Villeneuve-Saint-Georges,RAIL,472465,Villeneuve-Saint-Georges,rail,45067,Villeneuve-Saint-Georges,69568,1505
SNCF,199,87681825,8768182,PR/0087-681825-BV,1507,1M,VOIE,TRAIN,50116649,Villeneuve-Saint-Georges,RAIL,472195,Villeneuve-Saint-Georges,rail,45067,Villeneuve-Saint-Georges,69568,1501
SNCF,199,87681825,8768182,PR/0087-681825-BV,1502,2,VOIE,TRAIN,50118371,Villeneuve-Saint-Georges,RAIL,470949,Villeneuve-Saint-Georges,rail,45067,Villeneuve-Saint-Georges,69568,1501
SNCF,199,87681825,8768182,PR/0087-681825-BV,1499,2B,VOIE,TRAIN,50118392,Villeneuve-Saint-Georges,RAIL,470943,Villeneuve-Saint-Georges,rail,45067,Villeneuve-Saint-Georges,69568,1506
SNCF,199,87681825,8768182,PR/0087-681825-BV,1509,A,VOIE,TRAIN,50116277,Villeneuve-Saint-Georges,RAIL,473001,Villeneuve-Saint-Georges,rail,45067,Villeneuve-Saint-Georges,69568,1505
SNCF,199,87681825,8768182,PR/0087-681825-BV,1496,B,VOIE,TRAIN,50116314,Villeneuve-Saint-Georges,RAIL,472886,Villeneuve-Saint-Georges,rail,45067,Villeneuve-Saint-Georges,69568,1506
SNCF,199,87681825,8768182,PR/0087-681825-BV,1498,VILLENEUVE SAINT-GEORGES,BUS,BUS,50118188,Villeneuve-Saint-Georges,BUS,471158,Villeneuve-Saint-Georges,bus,474205,Gare de Villeneuve Saint Georges / Place Semard,69568,
SNCF,199,87681825,8768182,PR/0087-681825-BV,1508,VILLENEUVE SAINT-GEORGES,BUS,BUS,50118636,Villeneuve-Saint-Georges,BUS,17404,Gare - Hôtel de Ville,bus,474205,Gare de Villeneuve Saint Georges / Place Semard,69568,
SNCF,132,87682005,8768200,PR/0087-682005-BV,972,1,VOIE,TRAIN,50116514,Melun,RAIL,472714,Melun,rail,47909,Melun,61926,978
SNCF,132,87682005,8768200,PR/0087-682005-BV,974,1B,VOIE,TRAIN,50117503,Melun,RAIL,471852,Melun,rail,47909,Melun,61926,979
SNCF,132,87682005,8768200,PR/0087-682005-BV,969,1C,VOIE,TRAIN,50117177,Melun,RAIL,471941,Melun,rail,47909,Melun,61926,981
SNCF,132,87682005,8768200,PR/0087-682005-BV,983,2,VOIE,TRAIN,50116594,Melun,RAIL,472572,Melun,rail,47909,Melun,61926,980
SNCF,132,87682005,8768200,PR/0087-682005-BV,975,2B,VOIE,TRAIN,50118229,Melun,RAIL,471039,Melun,rail,47909,Melun,61926,980
SNCF,132,87682005,8768200,PR/0087-682005-BV,977,2C,VOIE,TRAIN,50116592,Melun,RAIL,472568,Melun,rail,47909,Melun,61926,981
SNCF,132,87682005,8768200,PR/0087-682005-BV,973,A,VOIE,TRAIN,50117509,Melun,RAIL,471708,Melun,rail,47909,Melun,61926,979
SNCF,132,87682005,8768200,PR/0087-682005-BV,970,Melun,BUS,BUS,50117956,Melun,BUS,30908,Gare de Melun,bus,473354,Gare de Melun (Place de Gallieni),61926,
SNCF,132,87682005,8768200,PR/0087-682005-BV,971,Melun,BUS,BUS,50118096,Melun,BUS,471219,Melun,bus,58883,Rue de l'Industrie / Gare,479388,
SNCF,132,87682005,8768200,PR/0087-682005-BV,976,Melun,BUS,BUS,50118425,Melun,BUS,411266,Melun,bus,473354,Gare de Melun (Place de Gallieni),61926,
SNCF,163,87682104,8768210,PR/0087-682104-00,1203,1,VOIE,TRAIN,50118538,Montgeron - Crosne,RAIL,470685,Montgeron - Crosne,rail,47684,Montgeron - Crosne,63072,1206
SNCF,163,87682104,8768210,PR/0087-682104-00,1201,1B,VOIE,TRAIN,50117672,Montgeron - Crosne,RAIL,471656,Montgeron - Crosne,rail,47684,Montgeron - Crosne,63072,1205
SNCF,163,87682104,8768210,PR/0087-682104-00,1202,2,VOIE,TRAIN,50116566,Montgeron - Crosne,RAIL,472500,Montgeron - Crosne,rail,47684,Montgeron - Crosne,63072,1205
SNCF,163,87682104,8768210,PR/0087-682104-00,1200,2B,VOIE,TRAIN,50118583,Montgeron - Crosne,RAIL,470739,Montgeron - Crosne,rail,47684,Montgeron - Crosne,63072,1204
SNCF,163,87682104,8768210,PR/0087-682104-00,1199,MONTGERON CROSNE,BUS,BUS,50118788,Montgeron - Crosne,BUS,472112,Montgeron - Crosne,bus,473387,Gare de Montgeron,63072,
SNCF,358,87682112,8768211,PR/0087-682112-00,2554,1,VOIE,TRAIN,50118497,Yerres,RAIL,470799,Yerres,rail,43226,Yerres,63044,2557
SNCF,358,87682112,8768211,PR/0087-682112-00,2558,1B,VOIE,TRAIN,50116097,Yerres,RAIL,472806,Yerres,rail,43226,Yerres,63044,2556
SNCF,358,87682112,8768211,PR/0087-682112-00,2553,2,VOIE,TRAIN,50116404,Yerres,RAIL,472460,Yerres,rail,43226,Yerres,63044,2556
SNCF,358,87682112,8768211,PR/0087-682112-00,2552,2B,VOIE,TRAIN,50117972,Yerres,RAIL,471373,Yerres,rail,43226,Yerres,63044,2555
SNCF,358,87682112,8768211,PR/0087-682112-00,2559,YERRES,BUS,BUS,50118616,Yerres,BUS,470638,Yerres,bus,473876,Gare de Yerres,63044,
SNCF,318,87682120,8768212,PR/0087-682120-00,2317,1,VOIE,TRAIN,50118537,Brunoy,RAIL,470689,Brunoy,rail,58873,Brunoy,67476,2321
SNCF,318,87682120,8768212,PR/0087-682120-00,2315,1B,VOIE,TRAIN,50117806,Brunoy,RAIL,471526,Brunoy,rail,58873,Brunoy,67476,2320
SNCF,318,87682120,8768212,PR/0087-682120-00,2323,2,VOIE,TRAIN,50117761,Brunoy,RAIL,471558,Brunoy,rail,58873,Brunoy,67476,2320
SNCF,318,87682120,8768212,PR/0087-682120-00,2316,2B,VOIE,TRAIN,50117492,Brunoy,RAIL,471840,Brunoy,rail,58873,Brunoy,67476,2318
SNCF,318,87682120,8768212,PR/0087-682120-00,2319,BRUNOY,BUS,BUS,50117488,Brunoy,BUS,471845,Brunoy,bus,473036,Gare de Brunoy,67476,
SNCF,70,87682138,8768213,PR/0087-682138-00,504,1,VOIE,TRAIN,50117791,Boussy-Saint-Antoine,RAIL,471545,Boussy-Saint-Antoine,rail,47924,Boussy-Saint-Antoine,62596,499
SNCF,70,87682138,8768213,PR/0087-682138-00,505,1B,VOIE,TRAIN,50116204,Boussy-Saint-Antoine,RAIL,472771,Boussy-Saint-Antoine,rail,47924,Boussy-Saint-Antoine,62596,501
SNCF,70,87682138,8768213,PR/0087-682138-00,507,2,VOIE,TRAIN,50118094,Boussy-Saint-Antoine,RAIL,471212,Boussy-Saint-Antoine,rail,47924,Boussy-Saint-Antoine,62596,501
SNCF,70,87682138,8768213,PR/0087-682138-00,502,2B,VOIE,TRAIN,50118829,Boussy-Saint-Antoine,RAIL,472445,Boussy-Saint-Antoine,rail,47924,Boussy-Saint-Antoine,62596,503
SNCF,70,87682138,8768213,PR/0087-682138-00,500,BOUSSY SAINT-ANTOINE,BUS,BUS,50116423,Boussy-Saint-Antoine,BUS,471009,Boussy Saint Antoine,bus,473033,Boussy Saint-Antoine (av. Jean Moulin),62596,
SNCF,70,87682138,8768213,PR/0087-682138-00,506,BOUSSY SAINT-ANTOINE,BUS,BUS,50118502,Boussy-Saint-Antoine,BUS,411250,Boussy Saint-Antoine,bus,473033,Boussy Saint-Antoine (av. Jean Moulin),62596,
SNCF,110,87682146,8768214,PR/0087-682146-BV,828,1,VOIE,TRAIN,50116518,Combs-la-Ville - Quincy,RAIL,472722,Combs-la-Ville - Quincy,rail,45771,Combs-la-Ville - Quincy,62558,829
SNCF,110,87682146,8768214,PR/0087-682146-BV,826,1B,VOIE,TRAIN,50117597,Combs-la-Ville - Quincy,RAIL,471773,Combs-la-Ville - Quincy,rail,45771,Combs-la-Ville - Quincy,62558,832
SNCF,110,87682146,8768214,PR/0087-682146-BV,833,2,VOIE,TRAIN,50118092,Combs-la-Ville - Quincy,RAIL,471214,Combs-la-Ville - Quincy,rail,45771,Combs-la-Ville - Quincy,62558,832
SNCF,110,87682146,8768214,PR/0087-682146-BV,824,2B,VOIE,TRAIN,50116690,Combs-la-Ville - Quincy,RAIL,472227,Combs-la-Ville - Quincy,rail,45771,Combs-la-Ville - Quincy,62558,830
SNCF,110,87682146,8768214,PR/0087-682146-BV,825,A,VOIE,TRAIN,50118920,Combs-la-Ville - Quincy,RAIL,472963,Combs-la-Ville - Quincy,rail,45771,Combs-la-Ville - Quincy,62558,830
SNCF,110,87682146,8768214,PR/0087-682146-BV,827,COMBS LA VILLE QUINCY,BUS,BUS,50116650,Combs-la-Ville - Quincy,BUS,411297,Combs la Ville Quincy,bus,473086,Gare de Combs-La-Ville-Quincy,62558,
SNCF,166,87682153,8768215,PR/0087-682153-BV,1228,1,VOIE,TRAIN,50117755,Lieusaint - Moissy,RAIL,471569,Lieusaint - Moissy,rail,47669,Lieusaint - Moissy,62412,1225
SNCF,166,87682153,8768215,PR/0087-682153-BV,1222,1B,VOIE,TRAIN,50118531,Lieusaint - Moissy,RAIL,470676,Lieusaint - Moissy,rail,47669,Lieusaint - Moissy,62412,1225
SNCF,166,87682153,8768215,PR/0087-682153-BV,1223,2,VOIE,TRAIN,50117677,Lieusaint - Moissy,RAIL,471651,Lieusaint - Moissy,rail,47669,Lieusaint - Moissy,62412,1226
SNCF,166,87682153,8768215,PR/0087-682153-BV,1224,2B,VOIE,TRAIN,50117981,Lieusaint - Moissy,RAIL,471364,Lieusaint - Moissy,rail,47669,Lieusaint - Moissy,62412,1226
SNCF,166,87682153,8768215,PR/0087-682153-BV,1220,LIEUSAINT-MOISSY,BUS,BUS,50116584,Lieusaint - Moissy,BUS,472611,Lieusaint - Moissy,bus,473520,Gare de Lieusaint - Moissy,62412,
SNCF,166,87682153,8768215,PR/0087-682153-BV,1221,LIEUSAINT-MOISSY,BUS,BUS,50118042,Lieusaint - Moissy,BUS,471303,Lieusaint - Moissy,bus,473520,Gare de Lieusaint - Moissy,62412,
SNCF,143,87682161,8768216,PR/0087-682161-00,1070,1,VOIE,TRAIN,50118742,Cesson,RAIL,472531,Cesson,rail,42516,Cesson,62176,1072
SNCF,143,87682161,8768216,PR/0087-682161-00,1073,1B,VOIE,TRAIN,50118707,Cesson,RAIL,472713,Cesson,rail,42516,Cesson,62176,1072
SNCF,143,87682161,8768216,PR/0087-682161-00,1075,2,VOIE,TRAIN,50116445,Cesson,RAIL,472255,Cesson,rail,42516,Cesson,62176,1077
SNCF,143,87682161,8768216,PR/0087-682161-00,1074,2B,VOIE,TRAIN,50116595,Cesson,RAIL,472569,Cesson,rail,42516,Cesson,62176,1077
SNCF,143,87682161,8768216,PR/0087-682161-00,1076,CESSON,BUS,BUS,50117635,Cesson,BUS,471692,Cesson,bus,473058,Gare de Cesson,62176,
SNCF,67,87682179,8768217,PR/0087-682179-00,481,1,VOIE,TRAIN,50116465,Le Mée,RAIL,472333,Le Mée,rail,45784,Le Mée,62003,484
SNCF,67,87682179,8768217,PR/0087-682179-00,480,1B,VOIE,TRAIN,50116330,Le Mée,RAIL,472899,Le Mée,rail,45784,Le Mée,62003,484
SNCF,67,87682179,8768217,PR/0087-682179-00,477,2,VOIE,TRAIN,50117523,Le Mée,RAIL,471717,Le Mée,rail,45784,Le Mée,62003,478
SNCF,67,87682179,8768217,PR/0087-682179-00,479,2B,VOIE,TRAIN,50117746,Le Mée,RAIL,471577,Le Mée,rail,45784,Le Mée,62003,478
SNCF,67,87682179,8768217,PR/0087-682179-00,483,LE MEE,BUS,BUS,50118918,Le Mée,BUS,411268,Le Mée,bus,473441,Gare du Mée-sur-Seine,62003,
SNCF,335,87682187,8768218,PR/0087-682187-00,2403,1,VOIE,TRAIN,50118762,Savigny-le-Temple - Nandy,RAIL,472583,Savigny-le-Temple - Nandy,rail,47665,Savigny-le-Temple - Nandy,62290,2406
SNCF,335,87682187,8768218,PR/0087-682187-00,2402,1B,VOIE,TRAIN,50118529,Savigny-le-Temple - Nandy,RAIL,470678,Savigny-le-Temple - Nandy,rail,47665,Savigny-le-Temple - Nandy,62290,2406
SNCF,335,87682187,8768218,PR/0087-682187-00,2409,2,VOIE,TRAIN,50118749,Savigny-le-Temple - Nandy,RAIL,472545,Savigny-le-Temple - Nandy,rail,47665,Savigny-le-Temple - Nandy,62290,2407
SNCF,335,87682187,8768218,PR/0087-682187-00,2405,2B,VOIE,TRAIN,50117636,Savigny-le-Temple - Nandy,RAIL,471687,Savigny-le-Temple - Nandy,rail,47665,Savigny-le-Temple - Nandy,62290,2407
SNCF,335,87682187,8768218,PR/0087-682187-00,2404,SAVIGNY LE TEMPLE NANDY,BUS,BUS,50118542,Savigny-le-Temple - Nandy,BUS,470690,Savigny-le-Temple - Nandy,bus,473550,Gare de Savigny le Temple-Nandy,62290,
SNCF,247,87682203,8768220,PR/0087-682203-00,1854,1,VOIE,TRAIN,50117485,Bois-le-Roi,RAIL,471832,Bois-le-Roi,rail,47654,Bois-le-Roi,61727,1857
SNCF,247,87682203,8768220,PR/0087-682203-00,1853,2,VOIE,TRAIN,50117800,Bois-le-Roi,RAIL,471532,Bois-le-Roi,rail,47654,Bois-le-Roi,61727,1856
SNCF,247,87682203,8768220,PR/0087-682203-00,1855,BOIS LE ROI,BUS,BUS,50118743,Bois-le-Roi,BUS,30520,Gare de Bois le Roi,bus,473121,Gare de Bois-le-Roi,61727,
SNCF,200,87682211,8768221,PR/0087-682211-BV,1515,1,VOIE,TRAIN,50117475,Fontainebleau - Avon,RAIL,471830,Fontainebleau - Avon,rail,47911,Fontainebleau - Avon,61579,1511
SNCF,200,87682211,8768221,PR/0087-682211-BV,1513,2,VOIE,TRAIN,50118140,Fontainebleau - Avon,RAIL,471198,Fontainebleau - Avon,rail,47911,Fontainebleau - Avon,61579,1512
SNCF,200,87682211,8768221,PR/0087-682211-BV,1514,FONTAINEBLEAU AVON,BUS,BUS,50117153,Fontainebleau - Avon,BUS,471948,Fontainebleau - Avon,bus,473278,Gare de Fontainebleau Avon (Gare routière),61579,
SNCF,12,87682252,8768225,PR/0087-682252-00,62,1,VOIE,TRAIN,50117542,Thomery,RAIL,471739,Thomery,rail,47961,Thomery,61480,61
SNCF,12,87682252,8768225,PR/0087-682252-00,60,2,VOIE,TRAIN,50116683,Thomery,RAIL,472239,Thomery,rail,47961,Thomery,61480,59
SNCF,12,87682252,8768225,PR/0087-682252-00,63,THOMERY,BUS,BUS,50117974,Thomery,BUS,471369,Thomery,bus,471370,Thomery,471371,
SNCF,23,87682278,8768227,PR/0087-682278-BV,171,1L,VOIE,TRAIN,50118691,Moret - Veneux-les-Sablons,RAIL,472684,Moret - Veneux-les-Sablons,rail,47130,Moret - Veneux-les-Sablons,61410,164
SNCF,23,87682278,8768227,PR/0087-682278-BV,168,1N,VOIE,TRAIN,50118765,Moret - Veneux-les-Sablons,RAIL,472576,Moret - Veneux-les-Sablons,rail,47130,Moret - Veneux-les-Sablons,61410,166
SNCF,23,87682278,8768227,PR/0087-682278-BV,169,2L,VOIE,TRAIN,50118596,Moret - Veneux-les-Sablons,RAIL,470606,Moret - Veneux-les-Sablons,rail,47130,Moret - Veneux-les-Sablons,61410,163
SNCF,23,87682278,8768227,PR/0087-682278-BV,173,2N,VOIE,TRAIN,50116259,Moret - Veneux-les-Sablons,RAIL,472980,Moret - Veneux-les-Sablons,rail,47130,Moret - Veneux-les-Sablons,61410,172
SNCF,23,87682278,8768227,PR/0087-682278-BV,167,A,VOIE,TRAIN,50116997,Moret - Veneux-les-Sablons,RAIL,472062,Moret - Veneux-les-Sablons,rail,47130,Moret - Veneux-les-Sablons,61410,166
SNCF,23,87682278,8768227,PR/0087-682278-BV,165,B,VOIE,TRAIN,50118141,Moret - Veneux-les-Sablons,RAIL,471196,Moret - Veneux-les-Sablons,rail,47130,Moret - Veneux-les-Sablons,61410,172
SNCF,23,87682278,8768227,PR/0087-682278-BV,170,MORET VENEUX LES SABLONS,BUS,BUS,50117173,Moret - Veneux-les-Sablons,BUS,471937,Moret - Veneux-les-Sablons,bus,473404,Gare de Moret Veneux les Sablons,61410,
SNCF,172,87682294,8768229,PR/0087-682294-00,1258,1M,VOIE,TRAIN,50118798,Saint-Mammès,RAIL,472385,Saint-Mammès,rail,47953,Saint-Mammès,61423,1259
SNCF,172,87682294,8768229,PR/0087-682294-00,1261,2M,VOIE,TRAIN,50116674,Saint-Mammès,RAIL,472231,Saint-Mammès,rail,47953,Saint-Mammès,61423,1257
SNCF,172,87682294,8768229,PR/0087-682294-00,1260,SAINT-MAMMES,BUS,BUS,50117959,Saint-Mammès,BUS,471353,Saint-Mammès,bus,473539,Gare de Saint-Mammès,61423,
SNCF,187,87682302,8768230,PR/0087-682302-BV,1367,1ES,VOIE,TRAIN,50117865,Montereau,RAIL,471469,Montereau,rail,47910,Montereau,61414,1375
SNCF,187,87682302,8768230,PR/0087-682302-BV,1371,1H,VOIE,TRAIN,50116258,Montereau,RAIL,472979,Montereau,rail,47910,Montereau,61414,1377
SNCF,187,87682302,8768230,PR/0087-682302-BV,1373,1M,VOIE,TRAIN,50118103,Montereau,RAIL,471220,Montereau,rail,47910,Montereau,61414,1378
SNCF,187,87682302,8768230,PR/0087-682302-BV,1374,2ES,VOIE,TRAIN,50116612,Montereau,RAIL,472212,Montereau,rail,47910,Montereau,61414,1376
SNCF,187,87682302,8768230,PR/0087-682302-BV,1372,2H,VOIE,TRAIN,50117862,Montereau,RAIL,471462,Montereau,rail,47910,Montereau,61414,1378
SNCF,187,87682302,8768230,PR/0087-682302-BV,1370,2M,VOIE,TRAIN,50116451,Montereau,RAIL,472370,Montereau,rail,47910,Montereau,61414,1368
SNCF,187,87682302,8768230,PR/0087-682302-BV,1369,MONTEREAU,BUS,BUS,50116495,Montereau,BUS,480038,Gare de Montereau Quai 9,bus,473064,Gare Montereau,61414,
SNCF,343,87682401,8768240,PR/0087-682401-00,2450,1,VOIE,TRAIN,50117846,Livry-sur-Seine,RAIL,471480,Livry-sur-Seine,rail,45804,Livry-sur-Seine,61826,2451
SNCF,343,87682401,8768240,PR/0087-682401-00,2449,2,VOIE,TRAIN,50117002,Livry-sur-Seine,RAIL,472056,Livry-sur-Seine,rail,45804,Livry-sur-Seine,61826,2452
SNCF,343,87682401,8768240,PR/0087-682401-00,2453,LIVRY SUR SEINE,BUS,BUS,50117491,Livry-sur-Seine,BUS,471848,Livry-sur-Seine,bus,473502,Gare de Livry,61826,
SNCF,312,87682419,8768241,PR/0087-682419-00,2288,1,VOIE,TRAIN,50118471,Chartrettes,RAIL,470759,Chartrettes,rail,43107,Chartrettes,61763,2287
SNCF,312,87682419,8768241,PR/0087-682419-00,2285,2,VOIE,TRAIN,50116232,Chartrettes,RAIL,472933,Chartrettes,rail,43107,Chartrettes,61763,2284
SNCF,312,87682419,8768241,PR/0087-682419-00,2286,CHARTRETTES,BUS,BUS,50116310,Chartrettes,BUS,30550,Gare de Chartrettes,bus,473189,Gare de Chartrettes,61763,
SNCF,192,87682427,8768242,PR/0087-682427-00,1406,1,VOIE,TRAIN,50118422,Fontaine-le-Port,RAIL,470856,Fontaine-le-Port,rail,43123,Fontaine-le-Port,61767,1403
SNCF,192,87682427,8768242,PR/0087-682427-00,1405,2,VOIE,TRAIN,50117854,Fontaine-le-Port,RAIL,471488,Fontaine-le-Port,rail,43123,Fontaine-le-Port,61767,1407
SNCF,192,87682427,8768242,PR/0087-682427-00,1404,FONTAINE LE PORT,BUS,BUS,50118249,Fontaine-le-Port,BUS,30565,Gare de Fontaine le Port,bus,473279,Gare de Fontaine-le-Port,61767,
SNCF,141,87682435,8768243,PR/0087-682435-00,1062,1,VOIE,TRAIN,50117591,Héricy,RAIL,471779,Héricy,rail,47145,Héricy,61658,1066
SNCF,141,87682435,8768243,PR/0087-682435-00,1063,2,VOIE,TRAIN,50117934,Héricy,RAIL,471380,Héricy,rail,47145,Héricy,61658,1065
SNCF,141,87682435,8768243,PR/0087-682435-00,1064,HERICY,BUS,BUS,50117669,Héricy,BUS,471659,Héricy,bus,473367,Gare de Héricy (parvis),61658,
SNCF,365,87682443,8768244,PR/0087-682443-00,2597,1,VOIE,TRAIN,50117083,Vulaines-sur-Seine - Samoreau,RAIL,472123,Vulaines-sur-Seine - Samoreau,rail,47136,Vulaines-sur-Seine - Samoreau,61630,2599
SNCF,365,87682443,8768244,PR/0087-682443-00,2596,2,VOIE,TRAIN,50117096,Vulaines-sur-Seine - Samoreau,RAIL,472078,Vulaines-sur-Seine - Samoreau,rail,47136,Vulaines-sur-Seine - Samoreau,61630,2598
SNCF,365,87682443,8768244,PR/0087-682443-00,2600,VULAINES SUR SEINE SAMOREAU,BUS,BUS,50117909,Vulaines-sur-Seine - Samoreau,BUS,471438,Vulaines-sur-Seine - Samoreau,bus,473622,Gare de Vulaines-sur-Seine - Samoreau,61630,
SNCF,341,87682450,8768245,PR/0087-682450-BV,2440,1,VOIE,TRAIN,50118812,Champagne-sur-Seine,RAIL,472416,Champagne-sur-Seine,rail,43106,Champagne-sur-Seine,61537,2442
SNCF,341,87682450,8768245,PR/0087-682450-BV,2441,2,VOIE,TRAIN,50118293,Champagne-sur-Seine,RAIL,470966,Champagne-sur-Seine,rail,43106,Champagne-sur-Seine,61537,2439
SNCF,341,87682450,8768245,PR/0087-682450-BV,2443,CHAMPAGNE SUR SEINE,BUS,BUS,50116488,Champagne-sur-Seine,BUS,472666,Gare de Champagne-sur-Seine,bus,473169,Gare de Champagne-sur-Seine,61537,
SNCF,98,87682468,8768246,PR/0087-682468-BV,737,1,VOIE,TRAIN,50116132,Vernou-sur-Seine,RAIL,472841,Vernou-sur-Seine,rail,43218,Vernou-sur-Seine,61450,734
SNCF,98,87682468,8768246,PR/0087-682468-BV,736,2,VOIE,TRAIN,50116456,Vernou-sur-Seine,RAIL,472351,Vernou-sur-Seine,rail,43218,Vernou-sur-Seine,61450,733
SNCF,98,87682468,8768246,PR/0087-682468-BV,735,VERNOU SUR SEINE,BUS,BUS,50118205,Vernou-sur-Seine,BUS,471140,Vernou-sur-Seine,bus,473605,Gare de Vernou-sur-Seine,61450,
SNCF,131,87682476,8768247,PR/0087-682476-00,964,1,VOIE,TRAIN,50117517,La Grande-Paroisse,RAIL,471700,La Grande-Paroisse,rail,43144,La Grande-Paroisse,61412,968
SNCF,131,87682476,8768247,PR/0087-682476-00,967,2,VOIE,TRAIN,50118457,La Grande-Paroisse,RAIL,470877,La Grande-Paroisse,rail,43144,La Grande-Paroisse,61412,966
SNCF,131,87682476,8768247,PR/0087-682476-00,965,LA GRANDE PAROISSE,BUS,BUS,50117186,La Grande-Paroisse,BUS,471984,La Grande-Paroisse,bus,473078,Gare de La Grande-Paroisse,61412,
SNCF,4,87682500,8768250,PR/0087-682500-00,17,1,VOIE,TRAIN,50116350,Vosves,RAIL,472911,Vosves,rail,47967,Vosves,61850,20
SNCF,4,87682500,8768250,PR/0087-682500-00,18,2,VOIE,TRAIN,50116100,Vosves,RAIL,472809,Vosves,rail,47967,Vosves,61850,19
SNCF,4,87682500,8768250,PR/0087-682500-00,22,VOSVES,BUS,BUS,50117883,Vosves,BUS,471452,Vosves,bus,55638,Fernand Léger / Vosves,61836,
SNCF,4,87682500,8768250,PR/0087-682500-00,23,VOSVES,BUS,BUS,50118218,Vosves,BUS,471052,Vosves,bus,55638,Fernand Léger / Vosves,61836,
SNCF,123,87682518,8768251,PR/0087-682518-00,925,1,VOIE,TRAIN,50116500,Boissise-le-Roi,RAIL,472629,Boissise-le-Roi,rail,45763,Boissise-le-Roi,61943,923
SNCF,123,87682518,8768251,PR/0087-682518-00,921,2,VOIE,TRAIN,50117984,Boissise-le-Roi,RAIL,471316,Boissise-le-Roi,rail,45763,Boissise-le-Roi,61943,927
SNCF,123,87682518,8768251,PR/0087-682518-00,922,Boissise le Roi,BUS,BUS,50116511,Boissise-le-Roi,BUS,472639,Boissise-le-Roi,bus,473122,Gare de Boissise-le-Roi,61943,
SNCF,123,87682518,8768251,PR/0087-682518-00,924,Boissise le Roi,BUS,BUS,50116407,Boissise-le-Roi,BUS,472466,Boissise-le-Roi,bus,473122,Gare de Boissise-le-Roi,61943,
SNCF,193,87682526,8768252,PR/0087-682526-00,1411,1,VOIE,TRAIN,50117917,Ponthierry - Pringy,RAIL,471431,Ponthierry - Pringy,rail,45812,Ponthierry - Pringy,61976,1409
SNCF,193,87682526,8768252,PR/0087-682526-00,1410,2,VOIE,TRAIN,50118804,Ponthierry - Pringy,RAIL,472433,Ponthierry - Pringy,rail,45812,Ponthierry - Pringy,61976,1408
SNCF,193,87682526,8768252,PR/0087-682526-00,1412,PONTHIERRY PRINGY,BUS,BUS,50118415,Ponthierry - Pringy,BUS,470831,Ponthierry - Pringy,bus,473452,Gare de Ponthierry Pringy,61976,
SNCF,193,87682526,8768252,PR/0087-682526-00,1413,Ponthierry-Pringy,BUS,BUS,50118825,Ponthierry - Pringy,BUS,30294,Gare Ponthierry-Pringy,bus,473452,Gare de Ponthierry Pringy,61976,
SNCF,193,87682526,8768252,PR/0087-682526-00,1414,Ponthierry-Pringy,BUS,BUS,50118062,Ponthierry - Pringy,BUS,471243,Ponthierry - Pringy,bus,473452,Gare de Ponthierry Pringy,61976,
SNCF,164,87682542,8768254,PR/0087-682542-00,1209,1,VOIE,TRAIN,50116309,Saint-Fargeau,RAIL,472872,Saint-Fargeau,rail,45814,Saint-Fargeau,62172,1211
SNCF,164,87682542,8768254,PR/0087-682542-00,1208,2,VOIE,TRAIN,50117859,Saint-Fargeau,RAIL,471461,Saint-Fargeau,rail,45814,Saint-Fargeau,62172,1210
SNCF,164,87682542,8768254,PR/0087-682542-00,1207,Saint Fargeau,BUS,BUS,50118164,Saint-Fargeau,BUS,30296,Gare SNCF,bus,473533,Gare de Saint Fargeau,62172,
SNCF,164,87682542,8768254,PR/0087-682542-00,1213,SAINT-FARGEAU,BUS,BUS,50118915,Saint-Fargeau,BUS,472954,Saint-Fargeau,bus,473533,Gare de Saint Fargeau,62172,
SNCF,1082,87683003,8768300,PR/0087-683003-BV,3409,1,VOIE,TRAIN,50118226,Sens,RAIL,471044,Sens,rail,411452,Sens,411453,3412
SNCF,1082,87683003,8768300,PR/0087-683003-BV,3415,1B,VOIE,TRAIN,50118863,Sens,RAIL,472247,Sens,rail,411452,Sens,411453,3414
SNCF,1082,87683003,8768300,PR/0087-683003-BV,3413,2,VOIE,TRAIN,50117673,Sens,RAIL,471655,Sens,rail,411452,Sens,411453,3412
SNCF,1082,87683003,8768300,PR/0087-683003-BV,3416,2B,VOIE,TRAIN,50116484,Sens,RAIL,472658,Sens,rail,411452,Sens,411453,3410
SNCF,1082,87683003,8768300,PR/0087-683003-BV,3411,4,VOIE,TRAIN,50118223,Sens,RAIL,471048,Sens,rail,411452,Sens,411453,3410
SNCF,1063,87683102,8768310,PR/0087-683102-00,3322,1,VOIE,TRAIN,50116515,Villeneuve-la-Guyard,RAIL,472715,Villeneuve-la-Guyard,rail,411464,Villeneuve-la-Guyard,411465,3319
SNCF,1063,87683102,8768310,PR/0087-683102-00,3317,1BIS,VOIE,TRAIN,50116266,Villeneuve-la-Guyard,RAIL,472987,Villeneuve-la-Guyard,rail,411464,Villeneuve-la-Guyard,411465,3320
SNCF,1063,87683102,8768310,PR/0087-683102-00,3316,2,VOIE,TRAIN,50117137,Villeneuve-la-Guyard,RAIL,471900,Villeneuve-la-Guyard,rail,411464,Villeneuve-la-Guyard,411465,3319
SNCF,1063,87683102,8768310,PR/0087-683102-00,3321,2BIS,VOIE,TRAIN,50117639,Villeneuve-la-Guyard,RAIL,471688,Villeneuve-la-Guyard,rail,411464,Villeneuve-la-Guyard,411465,3318
SNCF,1080,87683128,8768312,PR/0087-683128-00,3397,1,VOIE,TRAIN,50117819,Champigny-sur-Yonne,RAIL,471515,Champigny-sur-Yonne,rail,411461,Champigny-sur-Yonne,411462,3401
SNCF,1080,87683128,8768312,PR/0087-683128-00,3398,1BIS,VOIE,TRAIN,50116255,Champigny-sur-Yonne,RAIL,472976,Champigny-sur-Yonne,rail,411461,Champigny-sur-Yonne,411462,3395
SNCF,1080,87683128,8768312,PR/0087-683128-00,3396,2,VOIE,TRAIN,50117976,Champigny-sur-Yonne,RAIL,471359,Champigny-sur-Yonne,rail,411461,Champigny-sur-Yonne,411462,3401
SNCF,1080,87683128,8768312,PR/0087-683128-00,3399,2BIS,VOIE,TRAIN,50116190,Champigny-sur-Yonne,RAIL,472754,Champigny-sur-Yonne,rail,411461,Champigny-sur-Yonne,411462,3400
SNCF,1081,87683136,8768313,PR/0087-683136-00,3407,1,VOIE,TRAIN,50117967,Pont-sur-Yonne,RAIL,471344,Pont-sur-Yonne,rail,411458,Pont-sur-Yonne,411459,3406
SNCF,1081,87683136,8768313,PR/0087-683136-00,3405,1B,VOIE,TRAIN,50116666,Pont-sur-Yonne,RAIL,472179,Pont-sur-Yonne,rail,411458,Pont-sur-Yonne,411459,3404
SNCF,1081,87683136,8768313,PR/0087-683136-00,3408,2,VOIE,TRAIN,50118726,Pont-sur-Yonne,RAIL,472499,Pont-sur-Yonne,rail,411458,Pont-sur-Yonne,411459,3406
SNCF,1081,87683136,8768313,PR/0087-683136-00,3403,2B,VOIE,TRAIN,50118017,Pont-sur-Yonne,RAIL,471275,Pont-sur-Yonne,rail,411458,Pont-sur-Yonne,411459,3402
SNCF,1083,87683201,8768320,PR/0087-683201-00,3418,1,VOIE,TRAIN,50116405,Étigny - Véron,RAIL,472461,Étigny - Véron,rail,411455,Étigny - Véron,411456,3417
SNCF,1083,87683201,8768320,PR/0087-683201-00,3421,1BIS,VOIE,TRAIN,50116976,Étigny - Véron,RAIL,472153,Étigny - Véron,rail,411455,Étigny - Véron,411456,3420
SNCF,1083,87683201,8768320,PR/0087-683201-00,3419,2,VOIE,TRAIN,50118402,Étigny - Véron,RAIL,470836,Étigny - Véron,rail,411455,Étigny - Véron,411456,3417
SNCF,1083,87683201,8768320,PR/0087-683201-00,3423,2BIS,VOIE,TRAIN,50118414,Étigny - Véron,RAIL,470832,Étigny - Véron,rail,411455,Étigny - Véron,411456,3422
SNCF,1084,87683219,8768321,PR/0087-683219-00,3430,1,VOIE,TRAIN,50118248,Villeneuve-sur-Yonne,RAIL,471088,Villeneuve-sur-Yonne,rail,411476,Villeneuve-sur-Yonne,411477,3429
SNCF,1084,87683219,8768321,PR/0087-683219-00,3426,1BIS,VOIE,TRAIN,50117834,Villeneuve-sur-Yonne,RAIL,471496,Villeneuve-sur-Yonne,rail,411476,Villeneuve-sur-Yonne,411477,3425
SNCF,1084,87683219,8768321,PR/0087-683219-00,3424,2,VOIE,TRAIN,50117926,Villeneuve-sur-Yonne,RAIL,471390,Villeneuve-sur-Yonne,rail,411476,Villeneuve-sur-Yonne,411477,3429
SNCF,1084,87683219,8768321,PR/0087-683219-00,3428,2BIS,VOIE,TRAIN,50118589,Villeneuve-sur-Yonne,RAIL,470746,Villeneuve-sur-Yonne,rail,411476,Villeneuve-sur-Yonne,411477,3427
SNCF,1085,87683227,8768322,PR/0087-683227-00,3431,1,VOIE,TRAIN,50117140,Saint-Julien du Sault,RAIL,471902,Saint-Julien du Sault,rail,411473,Saint-Julien du Sault,411474,3436
SNCF,1085,87683227,8768322,PR/0087-683227-00,3432,1BIS,VOIE,TRAIN,50116438,Saint-Julien du Sault,RAIL,472264,Saint-Julien du Sault,rail,411473,Saint-Julien du Sault,411474,3433
SNCF,1085,87683227,8768322,PR/0087-683227-00,3435,2,VOIE,TRAIN,50116202,Saint-Julien du Sault,RAIL,472772,Saint-Julien du Sault,rail,411473,Saint-Julien du Sault,411474,3436
SNCF,1085,87683227,8768322,PR/0087-683227-00,3434,2BIS,VOIE,TRAIN,50116478,Saint-Julien du Sault,RAIL,472313,Saint-Julien du Sault,rail,411473,Saint-Julien du Sault,411474,3437
SNCF,1087,87683243,8768324,PR/0087-683243-00,3447,1,VOIE,TRAIN,50117995,Joigny,RAIL,471308,Joigny,rail,411467,Joigny,411468,3448
SNCF,1087,87683243,8768324,PR/0087-683243-00,3449,1B,VOIE,TRAIN,50117188,Joigny,RAIL,471978,Joigny,rail,411467,Joigny,411468,3450
SNCF,1087,87683243,8768324,PR/0087-683243-00,3445,2,VOIE,TRAIN,50116171,Joigny,RAIL,472742,Joigny,rail,411467,Joigny,411468,3448
SNCF,1087,87683243,8768324,PR/0087-683243-00,3451,2B,VOIE,TRAIN,50117651,Joigny,RAIL,471677,Joigny,rail,411467,Joigny,411468,3446
SNCF,1088,87683268,8768326,PR/0087-683268-BV,3456,1,VOIE,TRAIN,50118930,Laroche - Migennes,RAIL,472924,Laroche - Migennes,rail,411479,Laroche - Migennes,411480,3455
SNCF,1088,87683268,8768326,PR/0087-683268-BV,3463,1B,VOIE,TRAIN,50116664,Laroche - Migennes,RAIL,472181,Laroche - Migennes,rail,411479,Laroche - Migennes,411480,3458
SNCF,1088,87683268,8768326,PR/0087-683268-BV,3457,1T,VOIE,TRAIN,50117789,Laroche - Migennes,RAIL,471543,Laroche - Migennes,rail,411479,Laroche - Migennes,411480,3458
SNCF,1088,87683268,8768326,PR/0087-683268-BV,3462,2,VOIE,TRAIN,50117871,Laroche - Migennes,RAIL,471471,Laroche - Migennes,rail,411479,Laroche - Migennes,411480,3455
SNCF,1088,87683268,8768326,PR/0087-683268-BV,3453,2B,VOIE,TRAIN,50118634,Laroche - Migennes,RAIL,470654,Laroche - Migennes,rail,411479,Laroche - Migennes,411480,3454
SNCF,1088,87683268,8768326,PR/0087-683268-BV,3452,J,VOIE,TRAIN,50117905,Laroche - Migennes,RAIL,471443,Laroche - Migennes,rail,411479,Laroche - Migennes,411480,3454
SNCF,1088,87683268,8768326,PR/0087-683268-BV,3460,K,VOIE,TRAIN,50118343,Laroche - Migennes,RAIL,470912,Laroche - Migennes,rail,411479,Laroche - Migennes,411480,3461
SNCF,1088,87683268,8768326,PR/0087-683268-BV,3459,L,VOIE,TRAIN,50118744,Laroche - Migennes,RAIL,472555,Laroche - Migennes,rail,411479,Laroche - Migennes,411480,3461
SNCF,453,87684001,8768400,PR/0087-684001-BV,2991,1,VOIE,TRAIN,50118870,Montargis,RAIL,472295,Montargis,rail,411482,Montargis,411483,3001
SNCF,453,87684001,8768400,PR/0087-684001-BV,2994,1,VOIE,TRAIN,50118317,Montargis,RAIL,471028,Montargis,rail,411482,Montargis,411483,2998
SNCF,453,87684001,8768400,PR/0087-684001-BV,2995,2,VOIE,TRAIN,50118195,Montargis,RAIL,471142,Montargis,rail,411482,Montargis,411483,3001
SNCF,453,87684001,8768400,PR/0087-684001-BV,3000,A,VOIE,TRAIN,50117196,Montargis,RAIL,471986,Montargis,rail,411482,Montargis,411483,2999
SNCF,453,87684001,8768400,PR/0087-684001-BV,2992,B,VOIE,TRAIN,50118380,Montargis,RAIL,470954,Montargis,rail,411482,Montargis,411483,2998
SNCF,453,87684001,8768400,PR/0087-684001-BV,2996,C,VOIE,TRAIN,50116379,Montargis,RAIL,472375,Montargis,rail,411482,Montargis,411483,2993
SNCF,453,87684001,8768400,PR/0087-684001-BV,2997,Montargis,BUS,BUS,50118158,Montargis,BUS,471122,Montargis,bus,473528,Gare de Montargis,411483,
SNCF,153,87684100,8768410,PR/0087-684100-00,1133,1,VOIE,TRAIN,50116991,Montigny-sur-Loing,RAIL,472167,Montigny-sur-Loing,rail,47125,Montigny-sur-Loing,61327,1132
SNCF,153,87684100,8768410,PR/0087-684100-00,1134,2,VOIE,TRAIN,50118132,Montigny-sur-Loing,RAIL,471189,Montigny-sur-Loing,rail,47125,Montigny-sur-Loing,61327,1130
SNCF,153,87684100,8768410,PR/0087-684100-00,1131,MONTIGNY SUR LOING,BUS,BUS,50118803,Montigny-sur-Loing,BUS,472421,Montigny-sur-Loing,bus,473396,Gare de Montigny-sur-Loing,61327,
SNCF,97,87684118,8768411,PR/0087-684118-BV,732,1,VOIE,TRAIN,50116505,Bourron-Marlotte - Grez,RAIL,472636,Bourron-Marlotte - Grez,rail,47124,Bourron-Marlotte - Grez,61318,728
SNCF,97,87684118,8768411,PR/0087-684118-BV,731,2,VOIE,TRAIN,50118361,Bourron-Marlotte - Grez,RAIL,470903,Bourron-Marlotte - Grez,rail,47124,Bourron-Marlotte - Grez,61318,729
SNCF,97,87684118,8768411,PR/0087-684118-BV,730,BOURRON MARLOTTE GREZ,BUS,BUS,50117249,Bourron-Marlotte - Grez,BUS,33584,Gare de Bourron-Marlotte Grez,bus,473154,Gare de Bourron Marlotte Grez,61318,
SNCF,1,87684126,8768412,PR/0087-684126-BV,1,1,VOIE,TRAIN,50117265,Nemours - Saint-Pierre,RAIL,471867,Nemours - Saint-Pierre,rail,43245,Nemours - Saint-Pierre,61218,4
SNCF,1,87684126,8768412,PR/0087-684126-BV,5,2,VOIE,TRAIN,50117786,Nemours - Saint-Pierre,RAIL,471550,Nemours - Saint-Pierre,rail,43245,Nemours - Saint-Pierre,61218,2
SNCF,1,87684126,8768412,PR/0087-684126-BV,3,NEMOURS SAINT-PIERRE,BUS,BUS,50118518,Nemours - Saint-Pierre,BUS,470816,Nemours - Saint-Pierre,bus,473242,Nemours Saint-Pierre / Gare SNCF,61218,
SNCF,162,87684191,8768419,PR/0087-684191-00,1196,1,VOIE,TRAIN,50118027,Bagneaux-sur-Loing,RAIL,471282,Bagneaux-sur-Loing,rail,47119,Bagneaux-sur-Loing,61145,1193
SNCF,162,87684191,8768419,PR/0087-684191-00,1197,2,VOIE,TRAIN,50118303,Bagneaux-sur-Loing,RAIL,470977,Bagneaux-sur-Loing,rail,47119,Bagneaux-sur-Loing,61145,1195
SNCF,162,87684191,8768419,PR/0087-684191-00,1194,BAGNEAUX SUR LOING,BUS,BUS,50116598,Bagneaux-sur-Loing,BUS,33553,Gare de Bagneaux-sur-Loing,bus,473101,Gare de Bagneaux-sur-Loing,61145,
SNCF,86,87684217,8768421,PR/0087-684217-BV,648,1,VOIE,TRAIN,50117222,Souppes - Château-Landon,RAIL,472010,Souppes - Château-Landon,rail,47118,Souppes - Château-Landon,61094,652
SNCF,86,87684217,8768421,PR/0087-684217-BV,650,2,VOIE,TRAIN,50118561,Souppes - Château-Landon,RAIL,470712,Souppes - Château-Landon,rail,47118,Souppes - Château-Landon,61094,651
SNCF,86,87684217,8768421,PR/0087-684217-BV,649,SOUPPES CHATEAU LANDON,BUS,BUS,50116135,Souppes - Château-Landon,BUS,472838,Souppes - Château-Landon,bus,473555,Gare de Souppes - Château-Landon (Parvis),61094,
SNCF,411,87684233,8768423,PR/0087-684233-00,2868,1,VOIE,TRAIN,50118035,Dordives,RAIL,471293,Dordives,rail,58955,Dordives,74077,2869
SNCF,411,87684233,8768423,PR/0087-684233-00,2865,2,VOIE,TRAIN,50116137,Dordives,RAIL,472828,Dordives,rail,58955,Dordives,74077,2867
SNCF,411,87684233,8768423,PR/0087-684233-00,2866,DORDIVES,BUS,BUS,50118024,Dordives,BUS,471283,Dordives,bus,471284,Dordives,74077,
SNCF,411,87684233,8768423,PR/0087-684233-00,6025,DORDIVES,BUS,BUS,50117354,Dordives,BUS,477166,Dordives,bus,471284,Dordives,74077,
SNCF,448,87684241,8768424,PR/0087-684241-00,2985,1,VOIE,TRAIN,50118619,Ferrières - Fontenay,RAIL,470635,Ferrières - Fontenay,rail,411488,Ferrières - Fontenay,411489,2982
SNCF,448,87684241,8768424,PR/0087-684241-00,2984,2,VOIE,TRAIN,50117250,Ferrières - Fontenay,RAIL,471885,Ferrières - Fontenay,rail,411488,Ferrières - Fontenay,411489,2981
SNCF,448,87684241,8768424,PR/0087-684241-00,2983,Ferrières Fontenay,BUS,BUS,50116288,Ferrières - Fontenay,BUS,418715,Gare de Ferrières Fontenay,bus,473276,Gare de Ferrières - Fontenay,411489,
SNCF,133,87684407,8768440,PR/0087-684407-00,984,1,VOIE,TRAIN,50118417,Boigneville,RAIL,470853,Boigneville,rail,43092,Boigneville,59420,985
SNCF,133,87684407,8768440,PR/0087-684407-00,987,2,VOIE,TRAIN,50117918,Boigneville,RAIL,471428,Boigneville,rail,43092,Boigneville,59420,988
SNCF,133,87684407,8768440,PR/0087-684407-00,986,BOIGNEVILLE,BUS,BUS,50117277,Boigneville,BUS,471863,Boigneville,bus,473138,Gare de Boigneville (Parvis),59420,
SNCF,59,87684415,8768441,PR/0087-684415-BV,372,A,VOIE,TRAIN,50117730,Malesherbes,RAIL,471598,Malesherbes,rail,411485,Malesherbes,411486,373
SNCF,59,87684415,8768441,PR/0087-684415-BV,377,B,VOIE,TRAIN,50117895,Malesherbes,RAIL,471420,Malesherbes,rail,411485,Malesherbes,411486,374
SNCF,59,87684415,8768441,PR/0087-684415-BV,376,C,VOIE,TRAIN,50117010,Malesherbes,RAIL,472076,Malesherbes,rail,411485,Malesherbes,411486,374
SNCF,59,87684415,8768441,PR/0087-684415-BV,375,MALESHERBES,BUS,BUS,50118294,Malesherbes,BUS,470970,Malesherbes,bus,473120,Malesherbes (Rue de la Gare),411486,
SNCF,196,87686006,8768600,PR/0087-686006-BV,1436,11,VOIE,TRAIN,50117024,Paris Gare de Lyon,RAIL,472033,Paris Gare de Lyon,rail,470195,Gare de Lyon,73626,1468
SNCF,196,87686006,8768600,PR/0087-686006-BV,1483,13,VOIE,TRAIN,50118478,Paris Gare de Lyon,RAIL,470751,Paris Gare de Lyon,rail,470195,Gare de Lyon,73626,1468
SNCF,196,87686006,8768600,PR/0087-686006-BV,1470,15,VOIE,TRAIN,50118588,Paris Gare de Lyon,RAIL,470747,Paris Gare de Lyon,rail,470195,Gare de Lyon,73626,1439
SNCF,196,87686006,8768600,PR/0087-686006-BV,1464,17,VOIE,TRAIN,50118242,Paris Gare de Lyon,RAIL,471094,Paris Gare de Lyon,rail,470195,Gare de Lyon,73626,1439
SNCF,196,87686006,8768600,PR/0087-686006-BV,1465,19,VOIE,TRAIN,50117809,Paris Gare de Lyon,RAIL,471509,Paris Gare de Lyon,rail,470195,Gare de Lyon,73626,1478
SNCF,196,87686006,8768600,PR/0087-686006-BV,1466,21,VOIE,TRAIN,50118648,Paris Gare de Lyon,RAIL,470670,Paris Gare de Lyon,rail,470195,Gare de Lyon,73626,1478
SNCF,196,87686006,8768600,PR/0087-686006-BV,1467,23,VOIE,TRAIN,50118587,Paris Gare de Lyon,RAIL,470743,Paris Gare de Lyon,rail,470195,Gare de Lyon,73626,1453
SNCF,196,87686006,8768600,PR/0087-686006-BV,1433,5,VOIE,TRAIN,50117581,Paris Gare de Lyon,RAIL,471759,Paris Gare de Lyon,rail,470195,Gare de Lyon,73626,1456
SNCF,196,87686006,8768600,PR/0087-686006-BV,1437,7,VOIE,TRAIN,50117216,Paris Gare de Lyon,RAIL,472015,Paris Gare de Lyon,rail,470195,Gare de Lyon,73626,1457
SNCF,196,87686006,8768600,PR/0087-686006-BV,1438,9,VOIE,TRAIN,50117784,Paris Gare de Lyon,RAIL,471548,Paris Gare de Lyon,rail,470195,Gare de Lyon,73626,1457
SNCF,196,87686006,8768600,PR/0087-686006-BV,1458,A,VOIE,TRAIN,50117923,Paris Gare de Lyon,RAIL,471393,Paris Gare de Lyon,rail,470195,Gare de Lyon,73626,1446
SNCF,196,87686006,8768600,PR/0087-686006-BV,1443,C,VOIE,TRAIN,50116994,Paris Gare de Lyon,RAIL,472063,Paris Gare de Lyon,rail,470195,Gare de Lyon,73626,1446
SNCF,196,87686006,8768600,PR/0087-686006-BV,1435,D,VOIE,TRAIN,50118341,Paris Gare de Lyon,RAIL,470907,Paris Gare de Lyon,rail,470195,Gare de Lyon,73626,1448
SNCF,196,87686006,8768600,PR/0087-686006-BV,1434,E,VOIE,TRAIN,50117093,Paris Gare de Lyon,RAIL,472088,Paris Gare de Lyon,rail,470195,Gare de Lyon,73626,1448
SNCF,196,87686006,8768600,PR/0087-686006-BV,1459,G,VOIE,TRAIN,50117086,Paris Gare de Lyon,RAIL,472128,Paris Gare de Lyon,rail,470195,Gare de Lyon,73626,1431
SNCF,196,87686006,8768600,PR/0087-686006-BV,1455,H,VOIE,TRAIN,50118348,Paris Gare de Lyon,RAIL,470915,Paris Gare de Lyon,rail,470195,Gare de Lyon,73626,1431
SNCF,196,87686006,8768600,PR/0087-686006-BV,1454,I,VOIE,TRAIN,50118142,Paris Gare de Lyon,RAIL,471200,Paris Gare de Lyon,rail,470195,Gare de Lyon,73626,1430
SNCF,196,87686006,8768600,PR/0087-686006-BV,1475,J,VOIE,TRAIN,50117799,Paris Gare de Lyon,RAIL,471520,Paris Gare de Lyon,rail,470195,Gare de Lyon,73626,1430
SNCF,196,87686006,8768600,PR/0087-686006-BV,1450,K,VOIE,TRAIN,50116170,Paris Gare de Lyon,RAIL,472743,Paris Gare de Lyon,rail,470195,Gare de Lyon,73626,1471
SNCF,196,87686006,8768600,PR/0087-686006-BV,1432,L,VOIE,TRAIN,50118854,Paris Gare de Lyon,RAIL,472267,Paris Gare de Lyon,rail,470195,Gare de Lyon,73626,1471
SNCF,196,87686006,8768600,PR/0087-686006-BV,1480,M,VOIE,TRAIN,50116607,Paris Gare de Lyon,RAIL,472577,Paris Gare de Lyon,rail,470195,Gare de Lyon,73626,1477
SNCF,196,87686006,8768600,PR/0087-686006-BV,1476,N,VOIE,TRAIN,50118911,Paris Gare de Lyon,RAIL,472348,Paris Gare de Lyon,rail,470195,Gare de Lyon,73626,1477
SNCF,196,87686030,8768603,PR/0087-686030-00,1462,1,VOIE,TRAIN,50118261,Paris Gare de Lyon,RAIL,471073,Paris Gare de Lyon,rail,470195,Gare de Lyon,73626,1452
SNCF,196,87686030,8768603,PR/0087-686030-00,1482,2,VOIE,TRAIN,50118347,Paris Gare de Lyon,RAIL,470924,Paris Gare de Lyon,rail,470195,Gare de Lyon,73626,1474
SNCF,196,87686030,8768603,PR/0087-686030-00,1463,3,VOIE,TRAIN,50116560,Paris Gare de Lyon,RAIL,472510,Paris Gare de Lyon,rail,470195,Gare de Lyon,73626,1452
SNCF,196,87686030,8768603,PR/0087-686030-00,1481,4,VOIE,TRAIN,50117876,Paris Gare de Lyon,RAIL,471451,Paris Gare de Lyon,rail,470195,Gare de Lyon,73626,1474
SNCF,196,87686030,8768603,PR/0087-686030-00,1473,Paris Gare de Lyon,BUS,BUS,50118722,Paris Gare de Lyon,BUS,472505,Paris Gare de Lyon,bus,473218,Gare de Lyon (Rue de Bercy / bd Diderot),73626,
SNCF,421,87686667,8768666,PR/0087-686667-BV,2896,P,VOIE,TRAIN,50117412,Paris Bercy Bourgogne - Pays d'Auvergne,RAIL,479039,Paris Bercy Bourgogne - Pays d'Auvergne,rail,479035,Paris-Bercy Bourgogne - Pays d'Auvergne,71607,2892
SNCF,421,87686667,8768666,PR/0087-686667-BV,2897,R,VOIE,TRAIN,50117416,Paris Bercy Bourgogne - Pays d'Auvergne,RAIL,479045,Paris Bercy Bourgogne - Pays d'Auvergne,rail,479035,Paris-Bercy Bourgogne - Pays d'Auvergne,71607,2892
SNCF,421,87686667,8768666,PR/0087-686667-BV,2894,S,VOIE,TRAIN,50117418,Paris Bercy Bourgogne - Pays d'Auvergne,RAIL,479047,Paris Bercy Bourgogne - Pays d'Auvergne,rail,479035,Paris-Bercy Bourgogne - Pays d'Auvergne,71607,2899
SNCF,421,87686667,8768666,PR/0087-686667-BV,2895,T,VOIE,TRAIN,50117411,Paris Bercy Bourgogne - Pays d'Auvergne,RAIL,479034,Paris Bercy Bourgogne - Pays d'Auvergne,rail,479035,Paris-Bercy Bourgogne - Pays d'Auvergne,71607,2899
SNCF,421,87686667,8768666,PR/0087-686667-BV,2898,U,VOIE,TRAIN,50117421,Paris Bercy Bourgogne - Pays d'Auvergne,RAIL,479048,Paris Bercy Bourgogne - Pays d'Auvergne,rail,479035,Paris-Bercy Bourgogne - Pays d'Auvergne,71607,2893
SNCF,421,87686667,8768666,PR/0087-686667-BV,2891,V,VOIE,TRAIN,50117413,Paris Bercy Bourgogne - Pays d'Auvergne,RAIL,479038,Paris Bercy Bourgogne - Pays d'Auvergne,rail,479035,Paris-Bercy Bourgogne - Pays d'Auvergne,71607,2893
SNCF,880,87694240,8769424,PR/0087-694240-HR,3315,PONT LEVALLOIS BECON,BUS,BUS,50117292,Pont de Levallois-Bécon,BUS,477119,Pont de Levallois-Bécon,bus,477685,Pont de Levallois - Bécon Métro,72057,
SNCF,379,87697292,8769729,PR/0087-697292-00,2699,1,VOIE,TRAM-TRAIN,50116261,Épinay-sur-Seine,TRAM,472986,Épinay-sur-Seine,tram,462330,Épinay-sur-Seine,72383,2703
SNCF,379,87697292,8769729,PR/0087-697292-00,2697,2,VOIE,TRAM-TRAIN,50118928,Épinay-sur-Seine,TRAM,472920,Épinay-sur-Seine,tram,462330,Épinay-sur-Seine,72383,2694
SNCF,472,87697300,8769730,PR/0087-697300-00,3059,1,VOIE,TRAM-TRAIN,50118439,Épinay - Villetaneuse,TRAM,470874,Épinay - Villetaneuse,tram,462331,Épinay - Villetaneuse,65227,3060
SNCF,472,87697300,8769730,PR/0087-697300-00,3053,2,VOIE,TRAM-TRAIN,50118923,Épinay - Villetaneuse,TRAM,472969,Épinay - Villetaneuse,tram,462331,Épinay - Villetaneuse,65227,3055
SNCF,475,87697318,8769731,PR/0087-697318-00,3070,1,VOIE,TRAM-TRAIN,50118419,Villetaneuse Université,TRAM,470851,Villetaneuse Université,tram,462926,Villetaneuse Université,72396,3072
SNCF,475,87697318,8769731,PR/0087-697318-00,3073,2,VOIE,TRAM-TRAIN,50116113,Villetaneuse Université,TRAM,472820,Villetaneuse Université,tram,462926,Villetaneuse Université,72396,3071
SNCF,475,87697318,8769731,PR/0087-697318-00,5096,VILLETANEUSE UNIVERSITE,BUS,BUS,50118253,Villetaneuse Université,BUS,471083,Villetaneuse Université,bus,473563,Villetaneuse - Université,72396,
SNCF,355,87697326,8769732,PR/0087-697326-00,2524,1,VOIE,TRAM-TRAIN,50117169,Pierrefitte - Stains,TRAM,471933,Pierrefitte - Stains,tram,426089,Pierrefitte - Stains,72787,2529
SNCF,355,87697326,8769732,PR/0087-697326-00,2525,2,VOIE,TRAM-TRAIN,50117649,Pierrefitte - Stains,TRAM,471675,Pierrefitte - Stains,tram,426089,Pierrefitte - Stains,72787,2529
SNCF,473,87697334,8769733,PR/0087-697334-00,3062,1,VOIE,TRAM-TRAIN,50117252,Stains la Cerisaie,TRAM,471887,Stains la Cerisaie,tram,462931,Stains la Cerisaie,426083,3064
SNCF,473,87697334,8769733,PR/0087-697334-00,3065,2,VOIE,TRAM-TRAIN,50118922,Stains la Cerisaie,TRAM,472968,Stains la Cerisaie,tram,462931,Stains la Cerisaie,426083,3063
SNCF,473,87697334,8769733,PR/0087-697334-00,5094,STAINS LA CERISERAIE,BUS,BUS,50118284,Stains la Cerisaie,BUS,470993,Stains la Cerisaie,bus,474203,La Cerisaie,426083,
SNCF,474,87697342,8769734,PR/0087-697342-00,3066,1,VOIE,TRAM-TRAIN,50116634,Dugny - La Courneuve,TRAM,472210,Dugny - La Courneuve,tram,426092,Dugny - La Courneuve,426093,3069
SNCF,474,87697342,8769734,PR/0087-697342-00,3067,2,VOIE,TRAM-TRAIN,50118568,Dugny - La Courneuve,TRAM,470721,Dugny - La Courneuve,tram,426092,Dugny - La Courneuve,426093,3068
SNCF,474,87697342,8769734,PR/0087-697342-00,5095,DUGNY,BUS,BUS,50118082,Dugny - La Courneuve,BUS,427258,Gare de Dugny La Courneuve,bus,462932,Gare de Dugny La Courneuve,426093,
SNCF,256,87697359,8769735,PR/0087-697359-00,1917,1,VOIE,TRAM-TRAIN,50116651,Le Bourget,TRAM,472194,Le Bourget,tram,462335,Le Bourget,72641,1908
SNCF,256,87697359,8769735,PR/0087-697359-00,1907,2,VOIE,TRAM-TRAIN,50118536,Le Bourget,TRAM,470688,Le Bourget,tram,462335,Le Bourget,72641,1913
SNCF,1339,87704254,8770425,PR/0087-704254-TT,5053,1CM,VOIE,TRAM-TRAIN,50117389,République - Marx Dormoy,TRAM,478650,République - Marx Dormoy,tram,44626,République - Marx Dormoy,73354,5052
SNCF,1339,87704254,8770425,PR/0087-704254-TT,5055,2CM,VOIE,TRAM-TRAIN,50117406,République - Marx Dormoy,TRAM,478662,République - Marx Dormoy,tram,44626,République - Marx Dormoy,73354,5054
SNCF,1339,87704254,8770425,PR/0087-704254-TT,6145,Republique Marx Dormoy Direction Gargan,BUS,BUS,50116707,République - Marx Dormoy,BUS,480813,République - Marx Dormoy,bus,477294,République - Marx Dormoy,73354,
SNCF,1339,87704254,8770425,PR/0087-704254-TT,6146,Republique Marx Dormoy Direction Hopital,BUS,BUS,50116702,République - Marx Dormoy,BUS,480817,République - Marx Dormoy,bus,477294,République - Marx Dormoy,73354,
SNCF,1340,87704262,8770426,PR/0087-704262-TT,5057,1CM,VOIE,TRAM-TRAIN,50117402,Léon Blum,TRAM,478658,Léon Blum,tram,43430,Léon Blum,73362,5056
SNCF,1340,87704262,8770426,PR/0087-704262-TT,5059,2CM,VOIE,TRAM-TRAIN,50117393,Léon Blum,TRAM,478653,Léon Blum,tram,43430,Léon Blum,73362,5058
SNCF,1340,87704262,8770426,PR/0087-704262-TT,6131,Leon Blum Direction Direction Hopital,BUS,BUS,50116692,Léon Blum,BUS,479884,Léon Blum,bus,477295,Jean Baptiste Clément / Léon Blum,73362,
SNCF,1340,87704262,8770426,PR/0087-704262-TT,6130,Leon Blum Direction Gargan,BUS,BUS,50116709,Léon Blum,BUS,479878,Léon Blum,bus,477295,Jean Baptiste Clément / Léon Blum,73362,
SNCF,1341,87704270,8770427,PR/0087-704270-TT,5061,1CM,VOIE,TRAM-TRAIN,50117398,Maurice Audin,TRAM,478654,Maurice Audin,tram,479052,Maurice Audin,73364,5060
SNCF,1341,87704270,8770427,PR/0087-704270-TT,5063,2CM,VOIE,TRAM-TRAIN,50117397,Maurice Audin,TRAM,478657,Maurice Audin,tram,479052,Maurice Audin,73364,5062
SNCF,1341,87704270,8770427,PR/0087-704270-TT,6132,Maurice Audin Direction Gargan,BUS,BUS,50116708,Maurice Audin,BUS,480812,Maurice Audin,bus,480635,Maurice Audin (T4),73364,
SNCF,1341,87704270,8770427,PR/0087-704270-TT,6133,Maurice Audin Direction Hopital,BUS,BUS,50116691,Maurice Audin,BUS,480827,Maurice Audin,bus,480635,Maurice Audin (T4),73364,
SNCF,1342,87704288,8770428,PR/0087-704288-TT,5065,1CM,VOIE,TRAM-TRAIN,50117395,Clichy-sous-Bois - Mairie,TRAM,477286,Clichy-sous-Bois - Mairie,tram,477287,Clichy-sous-Bois - Mairie,477288,5064
SNCF,1342,87704288,8770428,PR/0087-704288-TT,5067,2CM,VOIE,TRAM-TRAIN,50117404,Clichy-sous-Bois - Mairie,TRAM,478663,Clichy-sous-Bois - Mairie,tram,477287,Clichy-sous-Bois - Mairie,477288,5066
SNCF,1342,87704288,8770428,PR/0087-704288-TT,6134,Clichy Sous Bois Mairie Direction Gargan,BUS,BUS,50116701,Clichy-sous-Bois - Mairie,BUS,480818,Clichy-sous-Bois - Mairie,bus,479889,Clichy-sous-Bois Mairie,477288,
SNCF,1342,87704288,8770428,PR/0087-704288-TT,6135,Clichy Sous Bois Mairie Direction Hopital,BUS,BUS,50116693,Clichy-sous-Bois - Mairie,BUS,480825,Clichy-sous-Bois - Mairie,bus,479889,Clichy-sous-Bois Mairie,477288,
SNCF,1343,87704296,8770429,PR/0087-704296-TT,5069,1CM,VOIE,TRAM-TRAIN,50117403,ROMAIN ROLLAND,TRAM,478659,Romain Rolland,tram,43043,Romain Rolland,73350,5068
SNCF,1343,87704296,8770429,PR/0087-704296-TT,5071,2CM,VOIE,TRAM-TRAIN,50117399,ROMAIN ROLLAND,TRAM,478655,Romain Rolland,tram,43043,Romain Rolland,73350,5070
SNCF,1343,87704296,8770429,PR/0087-704296-TT,6136,Romain Rolland Direction Gargan,BUS,BUS,50116696,ROMAIN ROLLAND,BUS,479877,Romain Rolland,bus,477296,Romain Rolland,73350,
SNCF,1343,87704296,8770429,PR/0087-704296-TT,6137,Romain Rolland Direction Hopital,BUS,BUS,50116694,ROMAIN ROLLAND,BUS,480824,Romain Rolland,bus,477296,Romain Rolland,73350,
SNCF,1344,87704304,8770430,PR/0087-704304-TT,5073,1CM,VOIE,TRAM-TRAIN,50117405,Clichy - Montfermeil,TRAM,478664,Clichy - Montfermeil,tram,477277,Clichy - Montfermeil,477278,5072
SNCF,1344,87704304,8770430,PR/0087-704304-TT,5075,2CM,VOIE,TRAM-TRAIN,50117401,Clichy - Montfermeil,TRAM,478661,Clichy - Montfermeil,tram,477277,Clichy - Montfermeil,477278,5074
SNCF,1344,87704304,8770430,PR/0087-704304-TT,6138,Clichy Montfermeil Direction Gargan,BUS,BUS,50116699,Clichy - Montfermeil,BUS,480820,Clichy - Montfermeil,bus,479944,Clichy Montfermeil,477278,
SNCF,1344,87704304,8770430,PR/0087-704304-TT,6139,Clichy Montfermeil Direction Hopital,BUS,BUS,50116703,Clichy - Montfermeil,BUS,480816,Clichy - Montfermeil,bus,479944,Clichy Montfermeil,477278,
SNCF,1345,87704312,8770431,PR/0087-704312-TT,5077,1CM,VOIE,TRAM-TRAIN,50117392,Notre-Dame-des-Anges,TRAM,478652,Notre-Dame-des-Anges,tram,479060,Notre-Dame-des-Anges,477285,5076
SNCF,1345,87704312,8770431,PR/0087-704312-TT,5079,2CM,VOIE,TRAM-TRAIN,50117390,Notre-Dame-des-Anges,TRAM,478649,Notre-Dame-des-Anges,tram,479060,Notre-Dame-des-Anges,477285,5078
SNCF,1345,87704312,8770431,PR/0087-704312-TT,6140,Notre Dame des Anges Direction Gargan,BUS,BUS,50116700,Notre-Dame-des-Anges,BUS,480819,Notre-Dame-des-Anges,bus,479893,Notre-Dame des Anges,477285,
SNCF,1345,87704312,8770431,PR/0087-704312-TT,6141,Notre Dame des Anges Direction Hopital,BUS,BUS,50116698,Notre-Dame-des-Anges,BUS,480821,Notre-Dame-des-Anges,bus,479893,Notre-Dame des Anges,477285,
SNCF,1346,87704320,8770432,PR/0087-704320-TT,5081,1CM,VOIE,TRAM-TRAIN,50117394,Arboretum,TRAM,478651,Arboretum,tram,478647,Arboretum,478648,5080
SNCF,1346,87704320,8770432,PR/0087-704320-TT,5083,2CM,VOIE,TRAM-TRAIN,50117391,Arboretum,TRAM,478646,Arboretum,tram,478647,Arboretum,478648,5082
SNCF,1346,87704320,8770432,PR/0087-704320-TT,6142,Arboretum Direction Gargan,BUS,BUS,50116706,Arboretum,BUS,19302,Arboretum,bus,57310,Arboretum,478648,
SNCF,1346,87704320,8770432,PR/0087-704320-TT,6143,Arboretum Direction Hopital,BUS,BUS,50116697,Arboretum,BUS,480822,Arboretum,bus,57310,Arboretum,478648,
SNCF,1347,87704338,8770433,PR/0087-704338-TT,5085,1CM,VOIE,TRAM-TRAIN,50117400,Hôpital de Montfermeil,TRAM,478660,Hôpital de Montfermeil,tram,43978,Hôpital de Montfermeil,73329,5084
SNCF,1347,87704338,8770433,PR/0087-704338-TT,5087,2CM,VOIE,TRAM-TRAIN,50117396,Hôpital de Montfermeil,TRAM,478656,Hôpital de Montfermeil,tram,43978,Hôpital de Montfermeil,73329,5086
SNCF,1347,87704338,8770433,PR/0087-704338-TT,6144,Hopital de MontFermeil,BUS,BUS,50116695,Hôpital de Montfermeil,BUS,37460,Hôpital / Hôtel de Ville,bus,479833,Hôpital / Hôtel de Ville,73329,
SNCF,19,87704817,8770481,PR/0087-704817-HR,3759,Rosa Parks RER,BUS,BUS,50118771,ROSA PARKS,BUS,420578,Rosa Parks,bus,473485,Rosa Parks,73798,
SNCF,19,87704817,8770481,PR/0087-704817-HR,3760,Rosa Parks RER,BUS,BUS,50117217,ROSA PARKS,BUS,427757,Rosa Parks,bus,473485,Rosa Parks,73798,
SNCF,594,87704825,8770482,PR/0087-704825-HR,3758,Porte de la Villette,BUS,BUS,50118367,Porte de la Villette,BUS,470901,Porte de la Villette,bus,473462,Porte de La Villette,72430,
SNCF,1360,87710780,8771078,PR/0087-710780-00,6183,1C,VOIE,TRAM-TRAIN,50116728,Bailly,TRAM,481073,Bailly,tram,480933,Bailly,480951,6182
SNCF,1360,87710780,8771078,PR/0087-710780-00,6185,2C,VOIE,TRAM-TRAIN,50116729,Bailly,TRAM,480932,Bailly,tram,480933,Bailly,480951,6183
SNCF,1359,87710913,8771091,PR/0087-710913-00,6179,1C,VOIE,TRAM-TRAIN,50116726,Allée Royale,TRAM,480934,Allée Royale,tram,480935,Allée Royale,64049,6178
SNCF,1359,87710913,8771091,PR/0087-710913-00,6181,2C,VOIE,TRAM-TRAIN,50116727,Allée Royale,TRAM,481074,Allée Royale,tram,480935,Allée Royale,64049,6180
SNCF,1358,87710921,8771092,PR/0087-710921-00,6175,1C,VOIE,TRAM-TRAIN,50116724,Les Portes de Saint-Cyr,TRAM,480936,Les Portes de Saint-Cyr,tram,480937,Les Portes de Saint-Cyr,480952,6174
SNCF,1358,87710921,8771092,PR/0087-710921-00,6177,2C,VOIE,TRAM-TRAIN,50116725,Les Portes de Saint-Cyr,TRAM,481075,Les Portes de Saint-Cyr,tram,480937,Les Portes de Saint-Cyr,480952,6176
SNCF,1367,87710939,8771093,PR/0087-710939-TT,6195,1C,VOIE,TRAM-TRAIN,50116734,Camp des loges,TRAM,480925,Camp des loges,tram,480926,Camp des loges,480927,6194
SNCF,1367,87710939,8771093,PR/0087-710939-TT,6197,2C,VOIE,TRAM-TRAIN,50116735,Camp des loges,TRAM,481068,Camp des loges,tram,480926,Camp des loges,480927,6196
SNCF,593,87714097,8771409,PR/0087-714097-HR,3201,Tarterêts,BUS,BUS,50117942,Tarterêts,BUS,471405,Strathkelvin / Tarterêts,bus,45843,Strathkelvin,60368,
SNCF,593,87714097,8771409,PR/0087-714097-HR,3202,Tarterêts,BUS,BUS,50118698,Tarterêts,BUS,3985,Strathkelvin / Tarterêts,bus,45843,Strathkelvin,60368,
SNCF,650,87716720,8771672,PR/0087-716720-HR,3294,Dammarie Farcy,BUS,BUS,50117349,Dammarie Farcy,BUS,30891,Farcy,bus,55570,Farcy,61848,
SNCF,650,87716720,8771672,PR/0087-716720-HR,3295,Dammarie Farcy,BUS,BUS,50117316,Dammarie Farcy,BUS,30890,Farcy,bus,55570,Farcy,61848,
SNCF,651,87716738,8771673,PR/0087-716738-HR,3296,Dammarie Jean Jaures,BUS,BUS,50117307,Dammarie Jean Jaurès,BUS,30923,Jean Jaurès,bus,55580,Jean Jaurès,61914,
SNCF,651,87716738,8771673,PR/0087-716738-HR,3297,Dammarie Jean Jaures,BUS,BUS,50117290,Dammarie Jean Jaurès,BUS,30922,Jean Jaurès,bus,55580,Jean Jaurès,61914,
SNCF,1066,87716837,8771683,PR/0087-716837-HR,3325,VIGNES BLANCHES,BUS,BUS,50117308,Vigne Blanche,BUS,13588,Vigne Blanche,bus,417904,Vigne Blanche,423056,
SNCF,1066,87716837,8771683,PR/0087-716837-HR,4975,VIGNES BLANCHES,BUS,BUS,50117326,Vigne Blanche,BUS,13589,Vigne Blanche,bus,417904,Vigne Blanche,423056,
SNCF,1327,87716845,8771684,PR/0087-716845-HR,4994,VILLENNES SUR SEINE PLACE VERTE,BUS,BUS,50117328,Villennes-sur-Seine Place Verte,BUS,477133,Villennes-sur-Seine Place Verte,bus,54218,Place Verte,64919,
SNCF,1327,87716845,8771684,PR/0087-716845-HR,4995,VILLENNES SUR SEINE PLACE VERTE,BUS,BUS,50117320,Villennes-sur-Seine Place Verte,BUS,477139,Villennes-sur-Seine Place Verte,bus,54218,Place Verte,64919,
SNCF,1065,87716860,8771686,PR/0087-716860-HR,3324,VERNEUIL MAIRIE,BUS,BUS,50117409,Mairie de Verneuil-sur-Seine,BUS,479032,Mairie,bus,46913,Mairie,65632,
SNCF,1065,87716860,8771686,PR/0087-716860-HR,4971,VERNEUIL MAIRIE,BUS,BUS,50117423,Mairie de Verneuil-sur-Seine,BUS,479050,Mairie,bus,46913,Mairie,65632,
SNCF,1064,87716878,8771687,PR/0087-716878-HR,3323,JEAN JAURES,BUS,BUS,50117323,Jean Jaurès - Vernouillet,BUS,13470,Jean Jaurès,bus,54231,Jean Jaurès,65517,
SNCF,1064,87716878,8771687,PR/0087-716878-HR,5011,JEAN JAURES,BUS,BUS,50117372,Jean Jaurès - Vernouillet,BUS,13469,Jean Jaurès,bus,54231,Jean Jaurès,65517,
SNCF,1363,87726109,8772610,PR/0087-726109-00,6187,1C,VOIE,TRAM-TRAIN,50116730,L'Etang - Les Sablons,TRAM,480930,L'Etang - Les Sablons,tram,480931,L'Etang - Les Sablons,480950,6186
SNCF,1363,87726109,8772610,PR/0087-726109-00,6189,2C,VOIE,TRAM-TRAIN,50116731,L'Etang - Les Sablons,TRAM,481071,L'Etang - Les Sablons,tram,480931,L'Etang - Les Sablons,480950,6188
RATP,494,87730069,8773006,PR/0087-730069-BV,53,Val d'Europe,N.D.,TRAIN,50159098,Val d'Europe,RAIL,474003,Val d'Europe,rail,43213,Val d'Europe,68266,N.D.
RATP,494,87730069,8773006,PR/0087-730069-BV,54,Val d'Europe,N.D.,TRAIN,50159099,Val d'Europe,RAIL,474004,Val d'Europe,rail,43213,Val d'Europe,68266,N.D.
SNCF,695,87732735,8773273,PR/0087-732735-HR,6128,Fort d'Aubervilliers,BUS,BUS,50152991,Fort d'Aubervilliers,BUS,480717,Fort d'Aubervilliers,bus,463909,Fort d'Aubervilliers,73695,
SNCF,966,87732743,8773274,PR/0087-732743-HR,6129,Saint-Denis-Université,BUS,BUS,50153080,Saint-Denis-Université,BUS,480716,Saint-Denis-Université,bus,473737,Saint-Denis - Université (Paris 8),72358,
SNCF,1393,87733063,8773306,PR/0087-733063-TT,6171,1C,VOIE,TRAM-TRAIN,50116712,Saint-Germain-en-Laye,TRAM,480904,Saint-Germain-en-Laye,tram,480905,Saint-Germain-en-Laye,64589,6170
SNCF,1393,87733063,8773306,PR/0087-733063-TT,6173,2C,VOIE,TRAM-TRAIN,50116715,Saint-Germain-en-Laye,TRAM,481067,Saint-Germain-en-Laye,tram,480905,Saint-Germain-en-Laye,64589,6172
SNCF,286,87733071,8773307,PR/0087-733071-00,6155,1C,VOIE,TRAM-TRAIN,50116711,Saint-Nom-la-Bretèche Forêt de Marly,TRAM,480906,Saint-Nom-la-Bretèche Forêt de Marly,tram,480907,Saint-Nom-la-Bretèche Forêt de Marly,64382,6154
SNCF,286,87733071,8773307,PR/0087-733071-00,6157,2C,VOIE,TRAM-TRAIN,50116714,Saint-Nom-la-Bretèche Forêt de Marly,TRAM,481072,Saint-Nom-la-Bretèche Forêt de Marly,tram,480907,Saint-Nom-la-Bretèche Forêt de Marly,64382,6156
SNCF,324,87733089,8773308,PR/0087-733089-TT,6163,1C,VOIE,TRAM-TRAIN,50116710,Saint-Cyr,TRAM,480908,Saint-Cyr,tram,480909,Saint-Cyr,73731,6162
SNCF,324,87733089,8773308,PR/0087-733089-TT,6165,2C,VOIE,TRAM-TRAIN,50116713,Saint-Cyr,TRAM,481066,Saint-Cyr,tram,480909,Saint-Cyr,73731,6164
SNCF,385,87733659,8773365,PR/0087-733659-00,6167,1C,VOIE,TRAM-TRAIN,50116722,Noisy-le-Roi,TRAM,480938,Noisy-le-Roi,tram,480939,Noisy-le-Roi,64246,6166
SNCF,385,87733659,8773365,PR/0087-733659-00,6169,2C,VOIE,TRAM-TRAIN,50116723,Noisy-le-Roi,TRAM,481065,Noisy-le-Roi,tram,480939,Noisy-le-Roi,64246,6168
SNCF,237,87733667,8773366,PR/0087-733667-00,6151,1C,VOIE,TRAM-TRAIN,50116718,Mareil-Marly,TRAM,480942,Mareil-Marly,tram,480943,Mareil-Marly,73602,6150
SNCF,237,87733667,8773366,PR/0087-733667-00,6153,2C,VOIE,TRAM-TRAIN,50116719,Mareil-Marly,TRAM,481038,Mareil-Marly,tram,480943,Mareil-Marly,73602,6152
SNCF,321,87733675,8773367,PR/0087-733675-00,6159,1C,VOIE,TRAM-TRAIN,50116720,Fourqueux - Bel Air,TRAM,481070,Fourqueux - Bel Air,tram,480941,Fourqueux - Bel Air,64566,6158
SNCF,321,87733675,8773367,PR/0087-733675-00,6161,2C,VOIE,TRAM-TRAIN,50116721,Fourqueux - Bel Air,TRAM,480940,Fourqueux - Bel Air,tram,480941,Fourqueux - Bel Air,64566,6160
SNCF,1366,87733683,8773368,PR/0087-733683-TT,6191,1C,VOIE,TRAM-TRAIN,50116732,Lisière Pereire,TRAM,480928,Lisière Pereire,tram,480929,Lisière Pereire,64622,6190
SNCF,1366,87733683,8773368,PR/0087-733683-TT,6193,2C,VOIE,TRAM-TRAIN,50116733,Lisière Pereire,TRAM,481069,Lisière Pereire,tram,480929,Lisière Pereire,64622,6192
RATP,493,87754986,8775498,PR/0087-754986-00,92,Bussy-Saint-Georges,N.D.,TRAIN,50159001,Bussy-Saint-Georges,RAIL,473961,Bussy-Saint-Georges,rail,58874,Bussy-Saint-Georges,68105,N.D.
RATP,482,87758003,8775800,PR/0087-758003-00,19,Charles de Gaulle - Etoile,N.D.,TRAIN,50158973,CHARLES DE GAULLE - ETOILE,RAIL,473923,Charles de Gaulle - Etoile,rail,58759,Charles-de-Gaulle Étoile,71347,N.D.
RATP,482,87758003,8775800,PR/0087-758003-00,20,Charles de Gaulle - Etoile,N.D.,TRAIN,50158974,CHARLES DE GAULLE - ETOILE,RAIL,473922,Charles de Gaulle - Etoile,rail,58759,Charles-de-Gaulle Étoile,71347,N.D.
RATP,482,87758003,8775800,PR/0087-758003-00,2028,Charles de Gaulle-Etoile,N.D.,METRO,50026706,Charles de Gaulle-Etoile,METRO,463013,Charles de Gaulle-Etoile,metro,477682,Charles de Gaulle - Etoile,71347,N.D.
RATP,482,87758003,8775800,PR/0087-758003-00,2029,Charles de Gaulle-Etoile,N.D.,METRO,50026453,Charles de Gaulle-Etoile,METRO,22094,Charles de Gaulle-Etoile,metro,477682,Charles de Gaulle - Etoile,71347,N.D.
RATP,482,87758003,8775800,PR/0087-758003-00,2030,Charles de Gaulle-Etoile,N.D.,METRO,50027002,Charles de Gaulle-Etoile,METRO,463042,Charles de Gaulle-Etoile,metro,477682,Charles de Gaulle - Etoile,71347,N.D.
RATP,482,87758003,8775800,PR/0087-758003-00,2147,Charles de Gaulle-Etoile,N.D.,METRO,50025872,Charles de Gaulle-Etoile,METRO,22086,Charles de Gaulle-Etoile,metro,477682,Charles de Gaulle - Etoile,71347,N.D.
RATP,482,87758003,8775800,PR/0087-758003-00,2148,Charles de Gaulle-Etoile,N.D.,METRO,50026452,Charles de Gaulle-Etoile,METRO,463043,Charles de Gaulle-Etoile,metro,477682,Charles de Gaulle - Etoile,71347,N.D.
RATP,482,87758003,8775800,PR/0087-758003-00,2149,Charles de Gaulle-Etoile,N.D.,METRO,50027001,Charles de Gaulle-Etoile,METRO,22095,Charles de Gaulle-Etoile,metro,477682,Charles de Gaulle - Etoile,71347,N.D.
RATP,471,87758029,8775802,PR/0087-758029-00,81,Nanterre - Préfecture,N.D.,TRAIN,50159051,Nanterre - Préfecture,RAIL,474057,Nanterre - Préfecture,rail,43169,Nanterre Préfecture,70945,N.D.
RATP,471,87758029,8775802,PR/0087-758029-00,82,Nanterre - Préfecture,N.D.,TRAIN,50159052,Nanterre - Préfecture,RAIL,474052,Nanterre - Préfecture,rail,43169,Nanterre Préfecture,70945,N.D.
RATP,471,87758029,8775802,PR/0087-758029-00,83,Nanterre - Préfecture,N.D.,TRAIN,50159053,Nanterre - Préfecture,RAIL,474051,Nanterre - Préfecture,rail,43169,Nanterre Préfecture,70945,N.D.
RATP,471,87758029,8775802,PR/0087-758029-00,84,Nanterre - Préfecture,N.D.,TRAIN,50159054,Nanterre - Préfecture,RAIL,474054,Nanterre - Préfecture,rail,43169,Nanterre Préfecture,70945,N.D.
SNCF,471,87758029,8775802,PR/0087-758029-00,3755,NANTERRE PREFECTURE,BUS,BUS,50117596,Nanterre Préfecture,BUS,471774,Nanterre Préfecture,bus,477684,Nanterre Préfecture RER,70945,
RATP,183,87758037,8775803,PR/0087-758037-00,23,Nanterre - Université,N.D.,TRAIN,50159055,Nanterre - Université,RAIL,474053,Nanterre - Université,rail,43170,Nanterre Université,70956,N.D.
RATP,183,87758037,8775803,PR/0087-758037-00,24,Nanterre - Université,N.D.,TRAIN,50159056,Nanterre - Université,RAIL,474047,Nanterre - Université,rail,43170,Nanterre Université,70956,N.D.
RATP,481,87758045,8775804,PR/0087-758045-00,15,Nanterre - Ville,N.D.,TRAIN,50159057,Nanterre - Ville,RAIL,474048,Nanterre - Ville,rail,43171,Nanterre Ville,70940,N.D.
RATP,481,87758045,8775804,PR/0087-758045-00,16,Nanterre - Ville,N.D.,TRAIN,50159058,Nanterre - Ville,RAIL,474049,Nanterre - Ville,rail,43171,Nanterre Ville,70940,N.D.
RATP,480,87758052,8775805,PR/0087-758052-00,35,Rueil-Malmaison,N.D.,TRAIN,50159079,Rueil-Malmaison,RAIL,474023,Rueil-Malmaison,rail,58875,Rueil-Malmaison,70902,N.D.
RATP,480,87758052,8775805,PR/0087-758052-00,36,Rueil-Malmaison,N.D.,TRAIN,50159080,Rueil-Malmaison,RAIL,474022,Rueil-Malmaison,rail,58875,Rueil-Malmaison,70902,N.D.
RATP,480,87758052,8775805,PR/0087-758052-00,37,Rueil-Malmaison,N.D.,TRAIN,50159081,Rueil-Malmaison,RAIL,474021,Rueil-Malmaison,rail,58875,Rueil-Malmaison,70902,N.D.
RATP,480,87758052,8775805,PR/0087-758052-00,38,Rueil-Malmaison,N.D.,TRAIN,50159082,Rueil-Malmaison,RAIL,474020,Rueil-Malmaison,rail,58875,Rueil-Malmaison,70902,N.D.
RATP,479,87758060,8775806,PR/0087-758060-00,13,Chatou - Croissy,N.D.,TRAIN,50159004,Chatou - Croissy,RAIL,473964,Chatou - Croissy,rail,53783,Châtou - Croissy,64483,N.D.
RATP,479,87758060,8775806,PR/0087-758060-00,14,Chatou - Croissy,N.D.,TRAIN,50159005,Chatou - Croissy,RAIL,473965,Chatou - Croissy,rail,53783,Châtou - Croissy,64483,N.D.
RATP,478,87758078,8775807,PR/0087-758078-00,12,Le Vésinet-Centre,N.D.,TRAIN,50159114,Le Vésinet-Centre,RAIL,473911,Le Vésinet-Centre,rail,53784,Le Vésinet Centre,64514,N.D.
RATP,478,87758078,8775807,PR/0087-758078-00,9,Le Vésinet-Centre,N.D.,TRAIN,50159113,Le Vésinet-Centre,RAIL,473914,Le Vésinet-Centre,rail,53784,Le Vésinet Centre,64514,N.D.
RATP,477,87758086,8775808,PR/0087-758086-00,18,Le Vésinet - Le Pecq,N.D.,TRAIN,50159117,Le Vésinet - Le Pecq,RAIL,473910,Le Vésinet - Le Pecq,rail,43237,Le Vésinet - Le Pecq,64582,N.D.
RATP,477,87758086,8775808,PR/0087-758086-00,7,Le Vésinet - Le Pecq,N.D.,TRAIN,50159115,Le Vésinet - Le Pecq,RAIL,473912,Le Vésinet - Le Pecq,rail,43237,Le Vésinet - Le Pecq,64582,N.D.
RATP,477,87758086,8775808,PR/0087-758086-00,7000001,Le Vésinet - Le Pecq,N.D.,TRAIN,50163404,Le Vésinet - Le Pecq,RAIL,479329,Le Vésinet - Le Pecq,rail,43237,Le Vésinet - Le Pecq,64582,N.D.
RATP,477,87758086,8775808,PR/0087-758086-00,8,Le Vésinet - Le Pecq,N.D.,TRAIN,50159116,Le Vésinet - Le Pecq,RAIL,473909,Le Vésinet - Le Pecq,rail,43237,Le Vésinet - Le Pecq,64582,N.D.
RATP,476,87758094,8775809,PR/0087-758094-00,39,Saint-Germain-en-Laye,N.D.,TRAIN,50159087,Saint-Germain-en-Laye,RAIL,474015,Saint-Germain-en-Laye,rail,43198,Saint-Germain-en-Laye,64589,N.D.
RATP,476,87758094,8775809,PR/0087-758094-00,4,Saint-Germain-en-Laye,N.D.,TRAIN,50159085,Saint-Germain-en-Laye,RAIL,474017,Saint-Germain-en-Laye,rail,43198,Saint-Germain-en-Laye,64589,N.D.
RATP,476,87758094,8775809,PR/0087-758094-00,5,Saint-Germain-en-Laye,N.D.,TRAIN,50159086,Saint-Germain-en-Laye,RAIL,474016,Saint-Germain-en-Laye,rail,43198,Saint-Germain-en-Laye,64589,N.D.
RATP,484,87758102,8775810,PR/0087-758102-00,1651,Nation,N.D.,METRO,50025722,Nation,METRO,21919,Nation,metro,462358,Nation,71673,N.D.
RATP,484,87758102,8775810,PR/0087-758102-00,1832,Nation,N.D.,METRO,50026019,Nation,METRO,462943,Nation,metro,462358,Nation,71673,N.D.
RATP,484,87758102,8775810,PR/0087-758102-00,1833,Nation,N.D.,METRO,50025942,Nation,METRO,22072,Nation,metro,462358,Nation,71673,N.D.
RATP,484,87758102,8775810,PR/0087-758102-00,1834,Nation,N.D.,METRO,50025827,Nation,METRO,22073,Nation,metro,462358,Nation,71673,N.D.
RATP,484,87758102,8775810,PR/0087-758102-00,2338,Nation,N.D.,METRO,50026630,Nation,METRO,463067,Nation,metro,462358,Nation,71673,N.D.
RATP,484,87758102,8775810,PR/0087-758102-00,2339,Nation,N.D.,METRO,50026657,Nation,METRO,463028,Nation,metro,462358,Nation,71673,N.D.
RATP,484,87758102,8775810,PR/0087-758102-00,2371,Nation,N.D.,METRO,50026176,Nation,METRO,22080,Nation,metro,462358,Nation,71673,N.D.
RATP,484,87758102,8775810,PR/0087-758102-00,2531,Nation,N.D.,METRO,50025723,Nation,METRO,462942,Nation,metro,462358,Nation,71673,N.D.
RATP,484,87758102,8775810,PR/0087-758102-00,29,Nation,N.D.,TRAIN,50159120,Nation,RAIL,473920,Nation,rail,473875,Nation,71673,N.D.
RATP,484,87758102,8775810,PR/0087-758102-00,30,Nation,N.D.,TRAIN,50159121,Nation,RAIL,473919,Nation,rail,473875,Nation,71673,N.D.
RATP,485,87758110,8775811,PR/0087-758110-00,31,Vincennes,N.D.,TRAIN,50159102,Vincennes,RAIL,473998,Vincennes,rail,43224,Vincennes,71651,N.D.
RATP,485,87758110,8775811,PR/0087-758110-00,32,Vincennes,N.D.,TRAIN,50159103,Vincennes,RAIL,474000,Vincennes,rail,43224,Vincennes,71651,N.D.
RATP,495,87758128,8775812,PR/0087-758128-00,185,Fontenay-sous-Bois,N.D.,TRAIN,50159012,Fontenay-sous-Bois,RAIL,473959,Fontenay-sous-Bois,rail,47238,Fontenay-sous-Bois,71630,N.D.
RATP,495,87758128,8775812,PR/0087-758128-00,186,Fontenay-sous-Bois,N.D.,TRAIN,50159013,Fontenay-sous-Bois,RAIL,473958,Fontenay-sous-Bois,rail,47238,Fontenay-sous-Bois,71630,N.D.
RATP,496,87758136,8775813,PR/0087-758136-00,187,Nogent-sur-Marne,N.D.,TRAIN,50159061,Nogent-sur-Marne,RAIL,474043,Nogent-sur-Marne,rail,47886,Nogent-sur-Marne,71590,N.D.
RATP,496,87758136,8775813,PR/0087-758136-00,188,Nogent-sur-Marne,N.D.,TRAIN,50159062,Nogent-sur-Marne,RAIL,474045,Nogent-sur-Marne,rail,47886,Nogent-sur-Marne,71590,N.D.
RATP,497,87758144,8775814,PR/0087-758144-00,55,Joinville-le-Pont,N.D.,TRAIN,50159018,Joinville-le-Pont,RAIL,473944,Joinville-le-Pont,rail,43135,Joinville-le-Pont,70640,N.D.
RATP,497,87758144,8775814,PR/0087-758144-00,56,Joinville-le-Pont,N.D.,TRAIN,50159019,Joinville-le-Pont,RAIL,473943,Joinville-le-Pont,rail,43135,Joinville-le-Pont,70640,N.D.
RATP,497,87758144,8775814,PR/0087-758144-00,57,Joinville-le-Pont,N.D.,TRAIN,50159020,Joinville-le-Pont,RAIL,473951,Joinville-le-Pont,rail,43135,Joinville-le-Pont,70640,N.D.
RATP,497,87758144,8775814,PR/0087-758144-00,58,Joinville-le-Pont,N.D.,TRAIN,50159021,Joinville-le-Pont,RAIL,473950,Joinville-le-Pont,rail,43135,Joinville-le-Pont,70640,N.D.
RATP,498,87758151,8775815,PR/0087-758151-00,59,Saint-Maur - Créteil,N.D.,TRAIN,50159088,Saint-Maur - Créteil,RAIL,474013,Saint-Maur - Créteil,rail,44801,Saint-Maur-des-Fossés - Créteil,70393,N.D.
RATP,498,87758151,8775815,PR/0087-758151-00,60,Saint-Maur - Créteil,N.D.,TRAIN,50159089,Saint-Maur - Créteil,RAIL,474014,Saint-Maur - Créteil,rail,44801,Saint-Maur-des-Fossés - Créteil,70393,N.D.
RATP,499,87758169,8775816,PR/0087-758169-00,61,Le Parc de Saint-Maur,N.D.,TRAIN,50159111,Le Parc de Saint-Maur,RAIL,473900,Le Parc de Saint-Maur,rail,43234,Le Parc de Saint-Maur,70359,N.D.
RATP,499,87758169,8775816,PR/0087-758169-00,62,Le Parc de Saint-Maur,N.D.,TRAIN,50159112,Le Parc de Saint-Maur,RAIL,473913,Le Parc de Saint-Maur,rail,43234,Le Parc de Saint-Maur,70359,N.D.
RATP,500,87758177,8775817,PR/0087-758177-00,63,Champigny,N.D.,TRAIN,50159002,Champigny,RAIL,473962,Champigny,rail,58270,Champigny,73042,N.D.
RATP,500,87758177,8775817,PR/0087-758177-00,64,Champigny,N.D.,TRAIN,50159003,Champigny,RAIL,473963,Champigny,rail,58270,Champigny,73042,N.D.
RATP,501,87758185,8775818,PR/0087-758185-00,65,La Varenne - Chennevrières,N.D.,TRAIN,50159030,La Varenne - Chennevrières,RAIL,473938,La Varenne - Chennevrières,rail,43146,La Varenne - Chennevières,72998,N.D.
RATP,501,87758185,8775818,PR/0087-758185-00,66,La Varenne - Chennevrières,N.D.,TRAIN,50159031,La Varenne - Chennevrières,RAIL,473939,La Varenne - Chennevrières,rail,43146,La Varenne - Chennevières,72998,N.D.
RATP,501,87758185,8775818,PR/0087-758185-00,67,La Varenne - Chennevrières,N.D.,TRAIN,50159032,La Varenne - Chennevrières,RAIL,473928,La Varenne - Chennevrières,rail,43146,La Varenne - Chennevières,72998,N.D.
RATP,501,87758185,8775818,PR/0087-758185-00,68,La Varenne - Chennevrières,N.D.,TRAIN,50159033,La Varenne - Chennevrières,RAIL,473929,La Varenne - Chennevrières,rail,43146,La Varenne - Chennevières,72998,N.D.
RATP,502,87758193,8775819,PR/0087-758193-00,69,Sucy - Bonneuil,N.D.,TRAIN,50159093,Sucy - Bonneuil,RAIL,474010,Sucy - Bonneuil,rail,58792,Sucy - Bonneuil,72929,N.D.
RATP,502,87758193,8775819,PR/0087-758193-00,71,Sucy - Bonneuil,N.D.,TRAIN,50159094,Sucy - Bonneuil,RAIL,474007,Sucy - Bonneuil,rail,58792,Sucy - Bonneuil,72929,N.D.
RATP,503,87758201,8775820,PR/0087-758201-00,73,Boissy-Saint-Léger,N.D.,TRAIN,50158989,Boissy-Saint-Léger,RAIL,473984,Boissy-Saint-Léger,rail,43094,Boissy-Saint-Léger,72881,N.D.
RATP,503,87758201,8775820,PR/0087-758201-00,74,Boissy-Saint-Léger,N.D.,TRAIN,50158990,Boissy-Saint-Léger,RAIL,473988,Boissy-Saint-Léger,rail,43094,Boissy-Saint-Léger,72881,N.D.
RATP,503,87758201,8775820,PR/0087-758201-00,93,Boissy-Saint-Léger,N.D.,TRAIN,50158991,Boissy-Saint-Léger,RAIL,473987,Boissy-Saint-Léger,rail,43094,Boissy-Saint-Léger,72881,N.D.
RATP,291,87758300,8775830,PR/0087-758300-00,33,VAL DE FONTENAY,N.D.,TRAIN,50159100,Val de Fontenay,RAIL,474001,Val de Fontenay,rail,47900,Val de Fontenay,71718,N.D.
RATP,291,87758300,8775830,PR/0087-758300-00,34,VAL DE FONTENAY,N.D.,TRAIN,50159101,Val de Fontenay,RAIL,474002,Val de Fontenay,rail,47900,Val de Fontenay,71718,N.D.
RATP,486,87758318,8775831,PR/0087-758318-00,40,Neuilly-Plaisance,N.D.,TRAIN,50159059,Neuilly-Plaisance,RAIL,474050,Neuilly-Plaisance,rail,43172,Neuilly-Plaisance,73190,N.D.
RATP,486,87758318,8775831,PR/0087-758318-00,41,Neuilly-Plaisance,N.D.,TRAIN,50159060,Neuilly-Plaisance,RAIL,474042,Neuilly-Plaisance,rail,43172,Neuilly-Plaisance,73190,N.D.
RATP,487,87758326,8775832,PR/0087-758326-00,42,Bry-sur-Marne,N.D.,TRAIN,50158996,Bry-sur-Marne,RAIL,473973,Bry-sur-Marne,rail,43101,Bry-sur-Marne,73166,N.D.
RATP,487,87758326,8775832,PR/0087-758326-00,43,Bry-sur-Marne,N.D.,TRAIN,50158997,Bry-sur-Marne,RAIL,473974,Bry-sur-Marne,rail,43101,Bry-sur-Marne,73166,N.D.
RATP,488,87758334,8775833,PR/0087-758334-00,170,Noisy-le-Grand - Mont d'Est,N.D.,TRAIN,50159069,Noisy-le-Grand - Mont d'Est,RAIL,474033,Noisy-le-Grand - Mont d'Est,rail,474082,Noisy-le-Grand Mont d'Est,412697,N.D.
RATP,488,87758334,8775833,PR/0087-758334-00,7000000,Noisy-le-Grand - Mont d'Est,N.D.,TRAIN,50162966,Noisy-le-Grand - Mont d'Est,RAIL,479183,Noisy-le-Grand - Mont d'Est,rail,474082,Noisy-le-Grand Mont d'Est,412697,N.D.
RATP,488,87758334,8775833,PR/0087-758334-00,88,Noisy-le-Grand - Mont d'Est,N.D.,TRAIN,50159067,Noisy-le-Grand - Mont d'Est,RAIL,474041,Noisy-le-Grand - Mont d'Est,rail,474082,Noisy-le-Grand Mont d'Est,412697,N.D.
RATP,488,87758334,8775833,PR/0087-758334-00,89,Noisy-le-Grand - Mont d'Est,N.D.,TRAIN,50159068,Noisy-le-Grand - Mont d'Est,RAIL,474032,Noisy-le-Grand - Mont d'Est,rail,474082,Noisy-le-Grand Mont d'Est,412697,N.D.
RATP,489,87758342,8775834,PR/0087-758342-00,44,Noisy - Champs,N.D.,TRAIN,50159065,Noisy - Champs,RAIL,474039,Noisy - Champs,rail,58937,Noisy - Champs,73163,N.D.
RATP,489,87758342,8775834,PR/0087-758342-00,45,Noisy - Champs,N.D.,TRAIN,50159066,Noisy - Champs,RAIL,474040,Noisy - Champs,rail,58937,Noisy - Champs,73163,N.D.
RATP,490,87758359,8775835,PR/0087-758359-00,46,Noisiel,N.D.,TRAIN,50159063,Noisiel,RAIL,474046,Noisiel,rail,44199,Noisiel,68153,N.D.
RATP,490,87758359,8775835,PR/0087-758359-00,47,Noisiel,N.D.,TRAIN,50159064,Noisiel,RAIL,474038,Noisiel,rail,44199,Noisiel,68153,N.D.
RATP,491,87758367,8775836,PR/0087-758367-00,48,Lognes,N.D.,TRAIN,50159037,Lognes,RAIL,473933,Lognes,rail,43152,Lognes,68123,N.D.
RATP,491,87758367,8775836,PR/0087-758367-00,49,Lognes,N.D.,TRAIN,50159038,Lognes,RAIL,473930,Lognes,rail,43152,Lognes,68123,N.D.
RATP,492,87758375,8775837,PR/0087-758375-00,171,Torcy,N.D.,TRAIN,50159097,Torcy,RAIL,474006,Torcy,rail,43207,Torcy,68129,N.D.
RATP,492,87758375,8775837,PR/0087-758375-00,50,Torcy,N.D.,TRAIN,50159095,Torcy,RAIL,474008,Torcy,rail,43207,Torcy,68129,N.D.
RATP,492,87758375,8775837,PR/0087-758375-00,51,Torcy,N.D.,TRAIN,50159096,Torcy,RAIL,474005,Torcy,rail,43207,Torcy,68129,N.D.
RATP,483,87758599,8775859,PR/0087-758599-00,79,Auber,N.D.,TRAIN,50158971,AUBER,RAIL,473925,Auber,rail,45873,Auber,478926,N.D.
RATP,483,87758599,8775859,PR/0087-758599-00,80,Auber,N.D.,TRAIN,50158972,AUBER,RAIL,473924,Auber,rail,45873,Auber,478926,N.D.
SNCF,446,87758607,8775860,PR/0087-758607-BV,5030,3,VOIE,TRAIN,50116274,Châtelet les Halles,RAIL,472996,Châtelet Les Halles,rail,45102,Châtelet les Halles,474151,5035
SNCF,446,87758607,8775860,PR/0087-758607-BV,5032,3Z,VOIE,TRAIN,50117991,Châtelet les Halles,RAIL,471322,Châtelet Les Halles,rail,45102,Châtelet les Halles,474151,5035
SNCF,446,87758607,8775860,PR/0087-758607-BV,5031,4,VOIE,TRAIN,50117521,Châtelet les Halles,RAIL,471719,Châtelet Les Halles,rail,45102,Châtelet les Halles,474151,5034
SNCF,446,87758607,8775860,PR/0087-758607-BV,5033,4Z,VOIE,TRAIN,50116176,Châtelet les Halles,RAIL,472764,Châtelet Les Halles,rail,45102,Châtelet les Halles,474151,5034
RATP,446,87758607,8775860,PR/0087-758607-BV,25,Châtelet - Les Halles,N.D.,TRAIN,50158975,Châtelet - Les Halles,RAIL,473921,Châtelet - Les Halles,rail,45102,Châtelet les Halles,474151,N.D.
RATP,446,87758607,8775860,PR/0087-758607-BV,26,Châtelet - Les Halles,N.D.,TRAIN,50158976,Châtelet - Les Halles,RAIL,473990,Châtelet - Les Halles,rail,45102,Châtelet les Halles,474151,N.D.
RATP,446,87758607,8775860,PR/0087-758607-BV,27,Châtelet - Les Halles,N.D.,TRAIN,50158977,Châtelet - Les Halles,RAIL,473989,Châtelet - Les Halles,rail,45102,Châtelet les Halles,474151,N.D.
RATP,446,87758607,8775860,PR/0087-758607-BV,28,Châtelet - Les Halles,N.D.,TRAIN,50158978,Châtelet - Les Halles,RAIL,473993,Châtelet - Les Halles,rail,45102,Châtelet les Halles,474151,N.D.
RATP,446,87758607,8775860,PR/0087-758607-BV,1968,Châtelet-Les Halles,N.D.,TRAIN,50026524,Châtelet-Les Halles,RAIL,412815,Châtelet Les Halles,rail,45102,Châtelet les Halles,474151,N.D.
RATP,446,87758607,8775860,PR/0087-758607-BV,2223,Châtelet-Les Halles,N.D.,TRAIN,50027036,Châtelet-Les Halles,RAIL,412815,Châtelet Les Halles,rail,45102,Châtelet les Halles,474151,N.D.
RATP,504,87758615,8775861,PR/0087-758615-00,100,Luxembourg,N.D.,TRAIN,50159118,LUXEMBOURG,RAIL,473907,Luxembourg,rail,43833,Luxembourg,71161,N.D.
RATP,504,87758615,8775861,PR/0087-758615-00,168,Luxembourg,N.D.,TRAIN,50159119,LUXEMBOURG,RAIL,473908,Luxembourg,rail,43833,Luxembourg,71161,N.D.
RATP,505,87758623,8775862,PR/0087-758623-00,96,Port Royal,N.D.,TRAIN,50159122,Port Royal,RAIL,473918,Port Royal,rail,44500,Port Royal,71106,N.D.
RATP,505,87758623,8775862,PR/0087-758623-00,97,Port Royal,N.D.,TRAIN,50159123,Port Royal,RAIL,473917,Port Royal,rail,44500,Port Royal,71106,N.D.
RATP,506,87758631,8775863,PR/0087-758631-00,101,Denfert-Rochereau,N.D.,TRAIN,50158981,DENFERT-ROCHEREAU,RAIL,473994,Denfert-Rochereau,rail,473890,Denfert-Rochereau,71056,N.D.
RATP,506,87758631,8775863,PR/0087-758631-00,102,Denfert-Rochereau,N.D.,TRAIN,50158982,DENFERT-ROCHEREAU,RAIL,473997,Denfert-Rochereau,rail,473890,Denfert-Rochereau,71056,N.D.
RATP,506,87758631,8775863,PR/0087-758631-00,1996,Denfert-Rochereau,N.D.,METRO,50026984,DENFERT-ROCHEREAU,METRO,463104,Denfert-Rochereau,metro,462351,Denfert-Rochereau,71056,N.D.
RATP,506,87758631,8775863,PR/0087-758631-00,1997,Denfert-Rochereau,N.D.,METRO,50025976,DENFERT-ROCHEREAU,METRO,22158,Denfert-Rochereau,metro,462351,Denfert-Rochereau,71056,N.D.
RATP,506,87758631,8775863,PR/0087-758631-00,2185,Denfert-Rochereau,N.D.,METRO,50026985,DENFERT-ROCHEREAU,METRO,22151,Denfert-Rochereau,metro,462351,Denfert-Rochereau,71056,N.D.
RATP,506,87758631,8775863,PR/0087-758631-00,2186,Denfert-Rochereau,N.D.,METRO,50026839,DENFERT-ROCHEREAU,METRO,463103,Denfert-Rochereau,metro,462351,Denfert-Rochereau,71056,N.D.
RATP,506,87758631,8775863,PR/0087-758631-00,7000002,Denfert-Rochereau,N.D.,TRAIN,50164515,DENFERT-ROCHEREAU,RAIL,480170,Denfert-Rochereau,rail,473890,Denfert-Rochereau,71056,N.D.
RATP,507,87758649,8775864,PR/0087-758649-00,32611,CITE UNIVERSITAIRE,N.D.,TRAM-TRAIN,50144921,CITE UNIVERSITAIRE,TRAM,24100,Cité Universitaire,tram,45339,Cité Universitaire,70623,N.D.
RATP,507,87758649,8775864,PR/0087-758649-00,32622,CITE UNIVERSITAIRE,N.D.,TRAM-TRAIN,50144932,CITE UNIVERSITAIRE,TRAM,24115,Cité Universitaire,tram,45339,Cité Universitaire,70623,N.D.
RATP,507,87758649,8775864,PR/0087-758649-00,103,Cité Universitaire,N.D.,TRAIN,50158979,Cité Universitaire,RAIL,473991,Cité Universitaire,rail,473843,Cité Universitaire,70623,N.D.
RATP,507,87758649,8775864,PR/0087-758649-00,104,Cité Universitaire,N.D.,TRAIN,50158980,Cité Universitaire,RAIL,473995,Cité Universitaire,rail,473843,Cité Universitaire,70623,N.D.
RATP,508,87758656,8775865,PR/0087-758656-00,105,Gentilly,N.D.,TRAIN,50159014,Gentilly,RAIL,473957,Gentilly,rail,45877,Gentilly,70543,N.D.
RATP,508,87758656,8775865,PR/0087-758656-00,106,Gentilly,N.D.,TRAIN,50159015,Gentilly,RAIL,473956,Gentilly,rail,45877,Gentilly,70543,N.D.
RATP,509,87758664,8775866,PR/0087-758664-00,107,Laplace,N.D.,TRAIN,50159034,Laplace,RAIL,473926,Laplace,rail,43607,Laplace,70427,N.D.
RATP,509,87758664,8775866,PR/0087-758664-00,108,Laplace,N.D.,TRAIN,50159035,Laplace,RAIL,473927,Laplace,rail,43607,Laplace,70427,N.D.
RATP,509,87758664,8775866,PR/0087-758664-00,109,Laplace,N.D.,TRAIN,50159036,Laplace,RAIL,473932,Laplace,rail,43607,Laplace,70427,N.D.
RATP,510,87758672,8775867,PR/0087-758672-00,110,Arcueil - Cachan,N.D.,TRAIN,50158985,Arcueil - Cachan,RAIL,473979,Arcueil - Cachan,rail,43067,Arcueil - Cachan,70263,N.D.
RATP,510,87758672,8775867,PR/0087-758672-00,111,Arcueil - Cachan,N.D.,TRAIN,50158986,Arcueil - Cachan,RAIL,473983,Arcueil - Cachan,rail,43067,Arcueil - Cachan,70263,N.D.
RATP,511,87758680,8775868,PR/0087-758680-00,112,Bagneux,N.D.,TRAIN,50158987,Bagneux,RAIL,473981,Bagneux,rail,44493,Bagneux,70210,N.D.
RATP,511,87758680,8775868,PR/0087-758680-00,113,Bagneux,N.D.,TRAIN,50158988,Bagneux,RAIL,473986,Bagneux,rail,44493,Bagneux,70210,N.D.
RATP,512,87758698,8775869,PR/0087-758698-00,114,Bourg-la-Reine,N.D.,TRAIN,50158992,Bourg-la-Reine,RAIL,473969,Bourg-la-Reine,rail,43097,Bourg-la-Reine,70033,N.D.
RATP,512,87758698,8775869,PR/0087-758698-00,115,Bourg-la-Reine,N.D.,TRAIN,50158993,Bourg-la-Reine,RAIL,473970,Bourg-la-Reine,rail,43097,Bourg-la-Reine,70033,N.D.
RATP,512,87758698,8775869,PR/0087-758698-00,116,Bourg-la-Reine,N.D.,TRAIN,50158994,Bourg-la-Reine,RAIL,473971,Bourg-la-Reine,rail,43097,Bourg-la-Reine,70033,N.D.
RATP,512,87758698,8775869,PR/0087-758698-00,166,Bourg-la-Reine,N.D.,TRAIN,50158995,Bourg-la-Reine,RAIL,473972,Bourg-la-Reine,rail,43097,Bourg-la-Reine,70033,N.D.
RATP,528,87758706,8775870,PR/0087-758706-00,118,Sceaux,N.D.,TRAIN,50159083,Sceaux,RAIL,474019,Sceaux,rail,59206,Sceaux,74265,N.D.
RATP,528,87758706,8775870,PR/0087-758706-00,119,Sceaux,N.D.,TRAIN,50159084,Sceaux,RAIL,474018,Sceaux,rail,59206,Sceaux,74265,N.D.
RATP,529,87758714,8775871,PR/0087-758714-00,120,Fontenay-aux-Roses,N.D.,TRAIN,50159010,Fontenay-aux-Roses,RAIL,473953,Fontenay-aux-Roses,rail,43125,Fontenay-aux-Roses,70133,N.D.
RATP,529,87758714,8775871,PR/0087-758714-00,122,Fontenay-aux-Roses,N.D.,TRAIN,50159011,Fontenay-aux-Roses,RAIL,473952,Fontenay-aux-Roses,rail,43125,Fontenay-aux-Roses,70133,N.D.
RATP,530,87758722,8775872,PR/0087-758722-00,124,Robinson,N.D.,TRAIN,50159077,Robinson,RAIL,474025,Robinson,rail,43186,Robinson,427230,N.D.
RATP,530,87758722,8775872,PR/0087-758722-00,167,Robinson,N.D.,TRAIN,50159078,Robinson,RAIL,474024,Robinson,rail,43186,Robinson,427230,N.D.
RATP,530,87758722,8775872,PR/0087-758722-00,98,Robinson,N.D.,TRAIN,50159076,Robinson,RAIL,474026,Robinson,rail,43186,Robinson,427230,N.D.
RATP,513,87758730,8775873,PR/0087-758730-00,125,Parc de Sceaux,N.D.,TRAIN,50159074,Parc de Sceaux,RAIL,474029,Parc de Sceaux,rail,43177,Parc de Sceaux,69906,N.D.
RATP,513,87758730,8775873,PR/0087-758730-00,126,Parc de Sceaux,N.D.,TRAIN,50159075,Parc de Sceaux,RAIL,474027,Parc de Sceaux,rail,43177,Parc de Sceaux,69906,N.D.
RATP,514,87758748,8775874,PR/0087-758748-00,164,La Croix de Berny,N.D.,TRAIN,50159022,La Croix de Berny,RAIL,473949,La Croix de Berny,rail,46007,La Croix de Berny Fresnes,69813,N.D.
RATP,514,87758748,8775874,PR/0087-758748-00,165,La Croix de Berny,N.D.,TRAIN,50159023,La Croix de Berny,RAIL,473947,La Croix de Berny,rail,46007,La Croix de Berny Fresnes,69813,N.D.
RATP,515,87758755,8775875,PR/0087-758755-00,127,Antony,N.D.,TRAIN,50158983,Antony,RAIL,473996,Antony,rail,43066,Antony,69759,N.D.
RATP,515,87758755,8775875,PR/0087-758755-00,128,Antony,N.D.,TRAIN,50158984,Antony,RAIL,473980,Antony,rail,43066,Antony,69759,N.D.
RATP,515,87758755,8775875,PR/0087-758755-00,22789,Antony,N.D.,METRO,50025874,Antony,METRO,463014,Antony,metro,473874,Antony,69759,N.D.
RATP,515,87758755,8775875,PR/0087-758755-00,22790,Antony,N.D.,METRO,50027053,Antony,METRO,462400,Antony,metro,473874,Antony,69759,N.D.
RATP,516,87758763,8775876,PR/0087-758763-00,134,Fontaine Michalon,N.D.,TRAIN,50159008,Fontaine Michalon,RAIL,473955,Fontaine Michalon,rail,43124,Fontaine Michalon,69647,N.D.
RATP,516,87758763,8775876,PR/0087-758763-00,135,Fontaine Michalon,N.D.,TRAIN,50159009,Fontaine Michalon,RAIL,473954,Fontaine Michalon,rail,43124,Fontaine Michalon,69647,N.D.
RATP,517,87758771,8775877,PR/0087-758771-00,162,Les Baconnets,N.D.,TRAIN,50159104,Les Baconnets,RAIL,473905,Les Baconnets,rail,43228,Les Baconnets,69622,N.D.
RATP,517,87758771,8775877,PR/0087-758771-00,163,Les Baconnets,N.D.,TRAIN,50159105,Les Baconnets,RAIL,473906,Les Baconnets,rail,43228,Les Baconnets,69622,N.D.
RATP,309,87758789,8775878,PR/0087-758789-00,160,Massy - Verrières,N.D.,TRAIN,50159049,Massy - Verrières,RAIL,474055,Massy - Verrières,rail,47940,Massy - Verrières,63320,N.D.
RATP,309,87758789,8775878,PR/0087-758789-00,161,Massy - Verrières,N.D.,TRAIN,50159050,Massy - Verrières,RAIL,474055,Massy - Verrières,rail,47940,Massy - Verrières,63320,N.D.
RATP,109,87758797,8775879,PR/0087-758797-00,172,Massy - Palaiseau,N.D.,TRAIN,50159045,Massy - Palaiseau,RAIL,474058,Massy - Palaiseau,rail,58774,Massy - Palaiseau,63244,N.D.
RATP,109,87758797,8775879,PR/0087-758797-00,173,Massy - Palaiseau,N.D.,TRAIN,50159046,Massy - Palaiseau,RAIL,474061,Massy - Palaiseau,rail,58774,Massy - Palaiseau,63244,N.D.
RATP,109,87758797,8775879,PR/0087-758797-00,174,Massy - Palaiseau,N.D.,TRAIN,50159047,Massy - Palaiseau,RAIL,474060,Massy - Palaiseau,rail,58774,Massy - Palaiseau,63244,N.D.
RATP,109,87758797,8775879,PR/0087-758797-00,175,Massy - Palaiseau,N.D.,TRAIN,50159048,Massy - Palaiseau,RAIL,474056,Massy - Palaiseau,rail,58774,Massy - Palaiseau,63244,N.D.
RATP,518,87758805,8775880,PR/0087-758805-00,158,Palaiseau,N.D.,TRAIN,50159070,Palaiseau,RAIL,474034,Palaiseau,rail,47009,Palaiseau,63175,N.D.
RATP,518,87758805,8775880,PR/0087-758805-00,159,Palaiseau,N.D.,TRAIN,50159071,Palaiseau,RAIL,474037,Palaiseau,rail,47009,Palaiseau,63175,N.D.
RATP,519,87758813,8775881,PR/0087-758813-00,156,Palaiseau - Villebon,N.D.,TRAIN,50159072,Palaiseau - Villebon,RAIL,474031,Palaiseau - Villebon,rail,43175,Palaiseau - Villebon,63067,N.D.
RATP,519,87758813,8775881,PR/0087-758813-00,157,Palaiseau - Villebon,N.D.,TRAIN,50159073,Palaiseau - Villebon,RAIL,474030,Palaiseau - Villebon,rail,43175,Palaiseau - Villebon,63067,N.D.
RATP,520,87758821,8775882,PR/0087-758821-00,154,Lozère,N.D.,TRAIN,50159039,Lozère,RAIL,473931,Lozère,rail,474069,Lozère,63029,N.D.
RATP,520,87758821,8775882,PR/0087-758821-00,155,Lozère,N.D.,TRAIN,50159040,Lozère,RAIL,474063,Lozère,rail,474069,Lozère,63029,N.D.
RATP,521,87758839,8775883,PR/0087-758839-00,152,Le Guichet,N.D.,TRAIN,50159109,Le Guichet,RAIL,473902,Le Guichet,rail,43232,Le Guichet,63025,N.D.
RATP,521,87758839,8775883,PR/0087-758839-00,153,Le Guichet,N.D.,TRAIN,50159110,Le Guichet,RAIL,473898,Le Guichet,rail,43232,Le Guichet,63025,N.D.
RATP,522,87758847,8775884,PR/0087-758847-00,149,Orsay - Ville,N.D.,TRAIN,50159106,Orsay - Ville,RAIL,473903,Orsay - Ville,rail,43086,Orsay Ville,62892,N.D.
RATP,522,87758847,8775884,PR/0087-758847-00,150,Orsay - Ville,N.D.,TRAIN,50159107,Orsay - Ville,RAIL,473904,Orsay - Ville,rail,43086,Orsay Ville,62892,N.D.
RATP,522,87758847,8775884,PR/0087-758847-00,151,Orsay - Ville,N.D.,TRAIN,50159108,Orsay - Ville,RAIL,473901,Orsay - Ville,rail,43086,Orsay Ville,62892,N.D.
RATP,523,87758854,8775885,PR/0087-758854-00,147,Bures-sur-Yvettes,N.D.,TRAIN,50158998,Bures-sur-Yvettes,RAIL,473975,Bures-sur-Yvettes,rail,43103,Bures-sur-Yvette,62851,N.D.
RATP,523,87758854,8775885,PR/0087-758854-00,148,Bures-sur-Yvettes,N.D.,TRAIN,50158999,Bures-sur-Yvettes,RAIL,473978,Bures-sur-Yvettes,rail,43103,Bures-sur-Yvette,62851,N.D.
RATP,524,87758862,8775886,PR/0087-758862-00,145,La Hacquinière,N.D.,TRAIN,50159028,La Hacquinière,RAIL,473940,La Hacquinière,rail,47046,La Hacquinière,62825,N.D.
RATP,524,87758862,8775886,PR/0087-758862-00,146,La Hacquinière,N.D.,TRAIN,50159029,La Hacquinière,RAIL,473942,La Hacquinière,rail,47046,La Hacquinière,62825,N.D.
RATP,525,87758870,8775887,PR/0087-758870-00,143,Gif-sur-Yvette,N.D.,TRAIN,50159016,Gif-sur-Yvette,RAIL,473946,Gif-sur-Yvette,rail,47888,Gif-sur-Yvette,62890,N.D.
RATP,525,87758870,8775887,PR/0087-758870-00,144,Gif-sur-Yvette,N.D.,TRAIN,50159017,Gif-sur-Yvette,RAIL,473945,Gif-sur-Yvette,rail,47888,Gif-sur-Yvette,62890,N.D.
RATP,526,87758888,8775888,PR/0087-758888-00,141,Courcelle-sur-Yvette,N.D.,TRAIN,50159006,Courcelle-sur-Yvette,RAIL,473966,Courcelle-sur-Yvette,rail,47052,Courcelle sur Yvette,62951,N.D.
RATP,526,87758888,8775888,PR/0087-758888-00,142,Courcelle-sur-Yvette,N.D.,TRAIN,50159007,Courcelle-sur-Yvette,RAIL,473968,Courcelle-sur-Yvette,rail,47052,Courcelle sur Yvette,62951,N.D.
RATP,527,87758896,8775889,PR/0087-758896-00,138,Saint-Rémy-lès-Chevreuse,N.D.,TRAIN,50159090,Saint-Rémy-lès-Chevreuse,RAIL,474011,Saint-Rémy-lès-Chevreuse,rail,47889,Saint-Rémy-lès-Chevreuse,62978,N.D.
RATP,527,87758896,8775889,PR/0087-758896-00,139,Saint-Rémy-lès-Chevreuse,N.D.,TRAIN,50159091,Saint-Rémy-lès-Chevreuse,RAIL,474012,Saint-Rémy-lès-Chevreuse,rail,47889,Saint-Rémy-lès-Chevreuse,62978,N.D.
RATP,527,87758896,8775889,PR/0087-758896-00,140,Saint-Rémy-lès-Chevreuse,N.D.,TRAIN,50159092,Saint-Rémy-lès-Chevreuse,RAIL,474009,Saint-Rémy-lès-Chevreuse,rail,47889,Saint-Rémy-lès-Chevreuse,62978,N.D.
RATP,90,87785436,8778543,PR/0087-785436-00,169,Saint-Michel Notre-Dame,N.D.,TRAIN,50159125,Saint-Michel Notre-Dame,RAIL,473915,Saint-Michel Notre-Dame,rail,44877,Saint-Michel Notre-Dame,73620,N.D.
RATP,90,87785436,8778543,PR/0087-785436-00,99,Saint-Michel Notre-Dame,N.D.,TRAIN,50159124,Saint-Michel Notre-Dame,RAIL,473916,Saint-Michel Notre-Dame,rail,44877,Saint-Michel Notre-Dame,73620,N.D.
SNCF,556,87976902,8797690,PR/0087-976902-00,3129,Rond Point Wittlich,BUS,BUS,50118746,Brunoy Wittlich,BUS,472551,Rond-Point Wittlich,bus,473879,Rond-Point Wittlich,67458,
SNCF,556,87976902,8797690,PR/0087-976902-00,3130,Rond Point Wittlich,BUS,BUS,50116142,Brunoy Wittlich,BUS,41398,Rond-Point Wittlich,bus,473879,Rond-Point Wittlich,67458,
SNCF,566,87977355,8797735,PR/0087-977355-00,3149,Tarterêts,BUS,BUS,50025237,Corbeil-Essonnes les Tarterêts,BUS,41399,Tarterêts,bus,51699,Lycée Robert Doisneau / Tarterêts,73684,
SNCF,566,87977355,8797735,PR/0087-977355-00,3150,Tarterêts,BUS,BUS,50116621,Corbeil-Essonnes les Tarterêts,BUS,3988,Tarterêts,bus,51699,Lycée Robert Doisneau / Tarterêts,73684,
SNCF,565,87977942,8797794,PR/0087-977942-00,3147,Pyramides,BUS,BUS,50116576,Évry Pyramides,BUS,472595,Pyramides / Lycée des Loges,bus,43879,Pyramides / Lycée des Loges,60525,
SNCF,565,87977942,8797794,PR/0087-977942-00,3148,Pyramides,BUS,BUS,50118271,Évry Pyramides,BUS,41400,Pyramides / Lycée des Loges,bus,43879,Pyramides / Lycée des Loges,60525,
SNCF,604,87978072,8797807,PR/0087-978072-00,3222,Châtelet,BUS,BUS,50117387,Châtelet,BUS,478472,Châtelet,bus,463834,Châtelet,71264,
SNCF,604,87978072,8797807,PR/0087-978072-00,3223,Châtelet - Hôtel de Ville,BUS,BUS,50117384,Châtelet,BUS,478475,Châtelet,bus,477678,Hôtel de Ville de Paris - 4ème Arrondissement,415852,
SNCF,601,87981803,8798180,PR/0087-981803-00,3216,Cargo Centre,BUS,BUS,50116312,Cargo Centre,BUS,472884,Cargo Centre,bus,425035,Cargo Centre,73591,
SNCF,601,87981803,8798180,PR/0087-981803-00,3217,Cargo Centre,BUS,BUS,50117234,Cargo Centre,BUS,41403,Cargo Centre,bus,425035,Cargo Centre,73591,
SNCF,571,87981928,8798192,PR/0087-981928-00,3157,Rond Point P. Sémard P. Vaillant-Couturier,BUS,BUS,50118095,Le Blanc-Mesnil,BUS,18822,Pierre Sémard - Paul Vaillant Couturier,bus,44681,Rond-Point Pierre Sémard / Paul Vaillant,72633,
SNCF,571,87981928,8798192,PR/0087-981928-00,3158,Rond Point P. Sémard P. Vaillant-Couturier,BUS,BUS,50116331,Le Blanc-Mesnil,BUS,19288,Pierre Sémard - Paul Vaillant Couturier / Blanc Mesnil Centre,bus,44681,Rond-Point Pierre Sémard / Paul Vaillant,72633,
SNCF,574,87982074,8798207,PR/0087-982074-00,3163,Espace V,BUS,BUS,50117666,Villepinte Espace V,BUS,40710,Espace V,bus,42961,Espace V,73538,
SNCF,574,87982074,8798207,PR/0087-982074-00,3164,Espace V,BUS,BUS,50116366,Villepinte Espace V,BUS,41405,Espace V,bus,42961,Espace V,73538,
SNCF,575,87982116,8798211,PR/0087-982116-00,3165,Foyer des Bruyères,BUS,BUS,50116982,Foyer des Bruyères,BUS,472159,Foyer des Bruyères,bus,43017,Foyer Les Bruyères,73576,
SNCF,575,87982116,8798211,PR/0087-982116-00,3166,Foyer des Bruyères,BUS,BUS,50117239,Foyer des Bruyères,BUS,471995,Foyer des Bruyères,bus,43017,Foyer Les Bruyères,73576,
SNCF,576,87982124,8798212,PR/0087-982124-00,3167,Marguilliers,BUS,BUS,50118340,Tremblay-en-France Marguilliers,BUS,419499,Marguilliers,bus,44750,Marguilliers,73590,
SNCF,576,87982124,8798212,PR/0087-982124-00,3168,Marguilliers,BUS,BUS,50118323,Tremblay-en-France Marguilliers,BUS,419500,Marguilliers,bus,44750,Marguilliers,73590,
SNCF,629,87982231,8798223,PR/0087-982231-00,3266,Porte d'Asnières,BUS,BUS,50117569,Porte d'Asnières,BUS,471771,Porte d'Asnières,bus,462885,Porte d'Asnières - Marguerite Long,71505,
SNCF,629,87982231,8798223,PR/0087-982231-00,3267,Porte d'Asnières,BUS,BUS,50118850,Porte d'Asnières,BUS,28357,Porte d'Asnières - Marguerite Long,bus,462885,Porte d'Asnières - Marguerite Long,71505,
SNCF,599,87982330,8798233,PR/0087-982330-00,3212,Porte de la Chapelle,BUS,BUS,50116606,PORTE DE LA CHAPELLE,BUS,41408,Porte de la Chapelle,bus,473460,Porte de La Chapelle,72064,
SNCF,599,87982330,8798233,PR/0087-982330-00,3213,Porte de la Chapelle,BUS,BUS,50117547,PORTE DE LA CHAPELLE,BUS,471728,Porte de la Chapelle,bus,473460,Porte de La Chapelle,72064,
SNCF,632,87982504,8798250,PR/0087-982504-00,3268,Les Grésillons Felix Eboué,BUS,BUS,50116186,Gennevilliers les Grésillons,BUS,27721,Les Grésillons - Félix Eboué,bus,43318,Grésillons - Félix Eboué,72204,
SNCF,632,87982504,8798250,PR/0087-982504-00,3269,Les Grésillons Felix Eboué,BUS,BUS,50117656,Gennevilliers les Grésillons,BUS,41409,Les Grésillons - Félix Eboué,bus,43318,Grésillons - Félix Eboué,72204,
SNCF,626,87982892,8798289,PR/0087-982892-00,3260,Maison Bleue,BUS,BUS,50117611,FRANCONVILLE CROIX ROUGE,BUS,471792,Maison Bleue,bus,42795,Maison Bleue,65647,
SNCF,626,87982892,8798289,PR/0087-982892-00,3261,Maison Bleue,BUS,BUS,50117830,FRANCONVILLE CROIX ROUGE,BUS,413180,Maison Bleue,bus,42795,Maison Bleue,65647,
SNCF,564,87983155,8798315,PR/0087-983155-00,3145,Daumesnil,BUS,BUS,50118777,Ris-Orangis Daumesnil,BUS,41411,Daumesnil,bus,45866,Daumesnil,73681,
SNCF,564,87983155,8798315,PR/0087-983155-00,3146,Daumesnil,BUS,BUS,50118659,Ris-Orangis Daumesnil,BUS,8479,Daumesnil,bus,45866,Daumesnil,73681,
SNCF,544,87983163,8798316,PR/0087-983163-00,3108,Quai de la Gare,BUS,BUS,50118663,Quai de la Gare,BUS,472626,Quai de la Gare,bus,473481,Quai de la Gare,71597,
SNCF,544,87983163,8798316,PR/0087-983163-00,3109,Quai de la Gare,BUS,BUS,50117528,Quai de la Gare,BUS,420012,Quai de la Gare,bus,473481,Quai de la Gare,71597,
SNCF,551,87983262,8798326,PR/0087-983262-00,3119,Jean-Pierre Timbaud,BUS,BUS,50116352,Jean-Pierre Timbaud,BUS,472427,Jean-Pierre Timbaud,bus,43464,Jean-Pierre Timbaud,70119,
SNCF,551,87983262,8798326,PR/0087-983262-00,3120,Jean-Pierre Timbaud,BUS,BUS,50117001,Jean-Pierre Timbaud,BUS,472059,Jean-Pierre Timbaud,bus,43464,Jean-Pierre Timbaud,70119,
SNCF,588,87983361,8798336,PR/0087-983361-00,3191,Paul Painlevé,BUS,BUS,50116228,Place Gounot,BUS,41414,Paul Painlevé / Place Gounot,bus,48075,Paul Painlevé / Place Gounot,69603,
SNCF,588,87983361,8798336,PR/0087-983361-00,3192,Paul Painlevé,BUS,BUS,50117548,Place Gounot,BUS,471729,Paul Painlevé / Place Gounot,bus,48075,Paul Painlevé / Place Gounot,69603,
SNCF,600,87983619,8798361,PR/0087-983619-00,3214,Saint-Denis Porte de Paris,BUS,BUS,50116101,PORTE DE PARIS,BUS,41415,Porte de Paris - Stade de France,bus,473478,Porte de Paris - Stade de France,72285,
SNCF,600,87983619,8798361,PR/0087-983619-00,3215,Saint-Denis Porte de Paris,BUS,BUS,50116440,PORTE DE PARIS,BUS,472260,Porte de Paris,bus,473478,Porte de Paris - Stade de France,72285,
SNCF,602,87983940,8798394,PR/0087-983940-00,3218,Bastille,BUS,BUS,50117386,Paris Bastille,BUS,478473,Paris Bastille,bus,463331,Bastille (Rue de Lyon),463564,
SNCF,602,87983940,8798394,PR/0087-983940-00,3219,Bastille,BUS,BUS,50117385,Paris Bastille,BUS,478474,Paris Bastille,bus,463331,Bastille (Rue de Lyon),463564,
SNCF,562,87984104,8798410,PR/0087-984104-00,3141,Blazy,BUS,BUS,50116525,Blazy,BUS,3546,Blazy,bus,42341,Blazy,62627,
SNCF,562,87984104,8798410,PR/0087-984104-00,3142,Blazy,BUS,BUS,50116589,Blazy,BUS,472604,Blazy,bus,42341,Blazy,62627,
SNCF,562,87984104,8798410,PR/0087-984104-00,5019,Blazy,BUS,BUS,50117197,Blazy,BUS,471985,Blazy,bus,42341,Blazy,62627,
SNCF,563,87984161,8798416,PR/0087-984161-00,3143,Jean Jaurès,BUS,BUS,50118716,Ris-Orangis Jean Jaurès,BUS,3847,Jean Jaurès,bus,51333,Jean Jaurès,60733,
SNCF,563,87984161,8798416,PR/0087-984161-00,3144,Jean Jaurès,BUS,BUS,50118003,Ris-Orangis Jean Jaurès,BUS,41418,Jean Jaurès,bus,51333,Jean Jaurès,60733,
SNCF,567,87984369,8798436,PR/0087-984369-00,3151,Ambroise Croizat,BUS,BUS,50116483,Corbeil-Essonnes Ambroise Croizat,BUS,3719,Ambroise Croizat,bus,45758,Ambroise Croizat,60234,
SNCF,567,87984369,8798436,PR/0087-984369-00,3152,Ambroise Croizat,BUS,BUS,50118390,Corbeil-Essonnes Ambroise Croizat,BUS,470926,Ambroise Croizat,bus,45758,Ambroise Croizat,60234,
SNCF,558,87984427,8798442,PR/0087-984427-00,3133,LE STADE,BUS,BUS,50117756,Boussy-Saint-Antoine le Stade,BUS,2740,Piscine des Sénarts / Le stade,bus,44356,Piscine des Sénarts / Le stade,67429,
SNCF,558,87984427,8798442,PR/0087-984427-00,3134,LE STADE,BUS,BUS,50116107,Boussy-Saint-Antoine le Stade,BUS,2739,Piscine des Sénarts / Le stade,bus,44356,Piscine des Sénarts / Le stade,67429,
SNCF,17,87984443,8798444,PR/0087-984443-00,131,Porte Maillot - RER,BUS,BUS,50118014,Neuilly Porte Maillot,BUS,471330,Neuilly Porte Maillot,bus,473715,Porte Maillot (Avenue de la Grande Armée),71379,
SNCF,17,87984443,8798444,PR/0087-984443-00,132,Porte Maillot - RER,BUS,BUS,50118332,Neuilly Porte Maillot,BUS,41421,Porte Maillot,bus,473713,Porte Maillot,71379,
SNCF,624,87984591,8798459,PR/0087-984591-00,4977,VERNEUIL FAISANDERIE,BUS,BUS,50117238,Verneuil Faisanderie,BUS,13309,Faisanderie,bus,43537,Faisanderie,65703,
SNCF,624,87984591,8798459,PR/0087-984591-00,4978,VERNEUIL FAISANDERIE,BUS,BUS,50116601,Verneuil Faisanderie,BUS,472580,Faisanderie,bus,43537,Faisanderie,65703,
SNCF,624,87984591,8798459,PR/0087-984591-00,3255,Verneuil La Faisanderie,BUS,BUS,50118483,Verneuil Faisanderie,BUS,472580,Faisanderie,bus,43537,Faisanderie,65703,
SNCF,624,87984591,8798459,PR/0087-984591-00,3256,Verneuil La Faisanderie,BUS,BUS,50117035,Verneuil Faisanderie,BUS,13309,Faisanderie,bus,43537,Faisanderie,65703,
SNCF,534,87984666,8798466,PR/0087-984666-00,3090,Parc du Tremblay,BUS,BUS,50117879,PARC DU TREMBLAY,BUS,28573,Parc du Tremblay,bus,44255,Parc du Tremblay,71562,
SNCF,534,87984666,8798466,PR/0087-984666-00,3091,Parc du Tremblay,BUS,BUS,50117640,PARC DU TREMBLAY,BUS,41423,Parc du Tremblay,bus,44255,Parc du Tremblay,71562,
SNCF,537,87984906,8798490,PR/0087-984906-00,3096,Georges Demésy,BUS,BUS,50117793,Villiers-sur-Marne Georges Demésy,BUS,36388,Georges Demésy,bus,43288,Georges Demésy,73092,
SNCF,538,87984963,8798496,PR/0087-984963-00,3097,Avenue de Gaumont,BUS,BUS,50116506,AVENUE DE GAUMONT,BUS,41425,Avenue de Gaumont,bus,42254,Avenue de Gaumont,73101,
SNCF,489,87985085,8798508,PR/0087-985085-00,3079,Gare Noisy Champs RER - Descartes,BUS,BUS,50116574,Noisy - Champs,BUS,472514,Noisy - Champs,bus,426544,Noisy-Champs - Descartes,73163,
SNCF,490,87985275,8798527,PR/0087-985275-00,3080,Noisiel le Luzard RER,BUS,BUS,50117817,Noisiel,BUS,471518,Noisiel,bus,473299,Gare de Noisiel (Allée Jean Paul Sartre),68153,
SNCF,490,87985275,8798527,PR/0087-985275-00,3081,Noisiel le Luzard RER,BUS,BUS,50116561,Noisiel,BUS,472508,Noisiel,bus,473299,Gare de Noisiel (Allée Jean Paul Sartre),68153,
SNCF,541,87985531,8798553,PR/0087-985531-00,3102,Collège Jean Monnet,BUS,BUS,50117220,Torcy Collège Jean Monnet,BUS,41428,Collège Jean Monnet,bus,42700,Collège Jean Monnet,68143,
SNCF,541,87985531,8798553,PR/0087-985531-00,3103,Collège Jean Monnet,BUS,BUS,50116633,Torcy Collège Jean Monnet,BUS,472209,Collège Jean Monnet,bus,42700,Collège Jean Monnet,68143,
SNCF,542,87985614,8798561,PR/0087-985614-00,3104,Collège du Segrais,BUS,BUS,50116539,Lognes Collège du Segrais,BUS,26040,Collège du Segrais,bus,42692,Collège du Segrais,68096,
SNCF,542,87985614,8798561,PR/0087-985614-00,3105,Collège du Segrais,BUS,BUS,50116216,Lognes Collège du Segrais,BUS,41429,Collège du Segrais,bus,42692,Collège du Segrais,68096,
SNCF,532,87986505,8798650,PR/0087-986505-00,3086,Ministère de l'Economie et des Finances,BUS,BUS,50118447,Ministère des Finances Palais Omnisport Paris Bercy,BUS,41430,Ministère de l'Économie et des Finances,bus,45231,Ministère de l'Economie et des Finances - POPB,480550,
SNCF,532,87986505,8798650,PR/0087-986505-00,3087,Ministère de l'économie et des Finances,BUS,BUS,50116415,Ministère des Finances Palais Omnisport Paris Bercy,BUS,39472,Ministère de l'Économie et des Finances,bus,45231,Ministère de l'Economie et des Finances - POPB,480550,
SNCF,569,87986513,8798651,PR/0087-986513-00,3153,Escadrille Normandie Niemens J. Jaurès,BUS,BUS,50118810,Bobigny Normandie - Niemen,BUS,41431,Escadrille Normandie-Niemen,bus,42960,Escadrille Normandie Niemen - Jean Jaurès,72517,
SNCF,569,87986513,8798651,PR/0087-986513-00,3154,Escadrille Normandie Niemens J. Jaurès,BUS,BUS,50118905,Bobigny Normandie - Niemen,BUS,472352,Escadrille Normandie-Niemen,bus,42960,Escadrille Normandie Niemen - Jean Jaurès,72517,
SNCF,570,87986547,8798654,PR/0087-986547-00,3155,Place du 19 Mars 1962,BUS,BUS,50118279,Drancy,BUS,470988,Place du 19 Mars 1962 / Drancy,bus,44403,Place du 19 Mars 1962,72564,
SNCF,570,87986547,8798654,PR/0087-986547-00,3156,Place du 19 Mars 1962,BUS,BUS,50117107,Drancy,BUS,7917,Place du 19 Mars 1962 / Drancy,bus,44403,Place du 19 Mars 1962,72564,
SNCF,572,87986554,8798655,PR/0087-986554-00,3159,Luther King,BUS,BUS,50117268,Sevran Beaudottes Martin Luther King,BUS,18844,Luther King,bus,44110,Luther King,73493,
SNCF,572,87986554,8798655,PR/0087-986554-00,3160,Luther King,BUS,BUS,50118889,Sevran Beaudottes Martin Luther King,BUS,19052,Luther King,bus,44110,Luther King,73493,
SNCF,573,87986562,8798656,PR/0087-986562-00,3161,Le Clos Montceleux,BUS,BUS,50117691,Villepinte Le Clos Montceleux,BUS,19024,Le Clos Montceleux,bus,43626,Le Clos Montceleux,73520,
SNCF,573,87986562,8798656,PR/0087-986562-00,3162,Le Clos Montceleux,BUS,BUS,50118302,Villepinte Le Clos Montceleux,BUS,19272,Le Clos Montceleux,bus,43626,Le Clos Montceleux,73520,
SNCF,634,87986570,8798657,PR/0087-986570-00,3272,Le Cygne d'Enghien Joffre,BUS,BUS,50118736,Le Cygne d'Enghien,BUS,2352,Cygne d'Enghien - Joffre,bus,43633,Cygne d'Enghien,72401,
SNCF,634,87986570,8798657,PR/0087-986570-00,3273,Le Cygne d'Enghien Joffre,BUS,BUS,50118381,Le Cygne d'Enghien,BUS,470955,Cygne d'Enghien - Joffre,bus,43633,Cygne d'Enghien,72401,
SNCF,587,87986661,8798666,PR/0087-986661-00,3189,Porte de Vitry,BUS,BUS,50116617,PORTE DE VITRY,BUS,413075,Porte de Vitry,bus,45307,Porte de Vitry,73623,
SNCF,587,87986661,8798666,PR/0087-986661-00,3190,Porte de Vitry,BUS,BUS,50118725,PORTE DE VITRY,BUS,25737,Porte de Vitry,bus,45307,Porte de Vitry,73623,
SNCF,533,87986901,8798690,PR/0087-986901-00,3088,Terroirs de France,BUS,BUS,50118363,Terroir de France Cinécité,BUS,41439,Terroirs de France,bus,58729,Terroirs de France,481111,
SNCF,533,87986901,8798690,PR/0087-986901-00,3089,Terroirs de France,BUS,BUS,50118824,Terroir de France Cinécité,BUS,16905,Terroirs de France,bus,58729,Terroirs de France,481111,
SNCF,535,87986919,8798691,PR/0087-986919-00,3092,Fourchette de Bry,BUS,BUS,50117628,FOURCHETTE DE BRY,BUS,471803,Fourchette de Bry,bus,53192,Fourchette de Bry,73106,
SNCF,535,87986919,8798691,PR/0087-986919-00,3093,Fourchette de Bry,BUS,BUS,50117993,FOURCHETTE DE BRY,BUS,471306,Fourchette de Bry,bus,53192,Fourchette de Bry,73106,
SNCF,536,87986927,8798692,PR/0087-986927-00,3094,Beauséjour,BUS,BUS,50117662,Villiers-sur-Marne Beauséjour,BUS,413033,Beauséjour,bus,46556,Beauséjour,73108,
SNCF,536,87986927,8798692,PR/0087-986927-00,3095,Beauséjour,BUS,BUS,50117742,Villiers-sur-Marne Beauséjour,BUS,413032,Beauséjour,bus,46556,Beauséjour,73108,
SNCF,539,87986935,8798693,PR/0087-986935-00,3098,Friedberg,BUS,BUS,50118192,Villiers-sur-Marne Friedberg,BUS,413034,Friedberg,bus,43032,Friedberg,73114,
SNCF,539,87986935,8798693,PR/0087-986935-00,3099,Friedberg,BUS,BUS,50117565,Villiers-sur-Marne Friedberg,BUS,41442,Friedberg,bus,43032,Friedberg,73114,
SNCF,488,87986943,8798694,PR/0087-986943-00,3078,Gare Noisy le Grand - Gare Mont d'Est RER,BUS,BUS,50117199,Noisy-le-Grand Mont d'Est,BUS,471987,Noisy-le-Grand Mont d'Est,bus,473304,Gare de Noisy-le-Grand - Mont d'Est,412697,
SNCF,488,87986943,8798694,PR/0087-986943-00,5026,Gare Noisy le Grand - Gare Mont d'Est RER,BUS,BUS,50118247,Noisy-le-Grand Mont d'Est,BUS,471089,Noisy-le-Grand Mont d'Est,bus,473304,Gare de Noisy-le-Grand - Mont d'Est,412697,
SNCF,633,87987008,8798700,PR/0087-987008-00,3270,Gilbert Bonnemaison,BUS,BUS,50118113,GILBERT BONNEMAISON,BUS,471168,Carrefour du 18 juin 1940,bus,462854,Gilbert Bonnemaison,72381,
SNCF,633,87987008,8798700,PR/0087-987008-00,3271,Gilbert Bonnemaison,BUS,BUS,50117747,GILBERT BONNEMAISON,BUS,471580,Carrefour du 18 juin 1940,bus,42261,Carrefour du 18 juin 1940,72381,
SNCF,540,87987172,8798717,PR/0087-987172-00,3100,Cours des lacs,BUS,BUS,50116987,Lognes Cours des Lacs,BUS,472164,Cours des Lacs,bus,42773,Cours des Lacs,68137,
SNCF,540,87987172,8798717,PR/0087-987172-00,3101,Cours des lacs,BUS,BUS,50118265,Lognes Cours des Lacs,BUS,41445,Cours des Lacs,bus,42773,Cours des Lacs,68137,
SNCF,492,87987388,8798738,PR/0087-987388-00,3082,Torcy RER,BUS,BUS,50118079,Torcy,BUS,41446,Gare de Torcy,bus,473858,Gare de Torcy,68129,
SNCF,482,87987453,8798745,PR/0087-987453-00,3074,Charles de Gaulle - Friedland,BUS,BUS,50117985,Charles-de-Gaulle Étoile,BUS,471315,Charles-de-Gaulle Étoile,bus,42551,Charles de Gaulle Friedland,71347,
SNCF,482,87987453,8798745,PR/0087-987453-00,3075,Charles de Gaulle - Friedland,BUS,BUS,50118217,Charles-de-Gaulle Étoile,BUS,25392,Charles de Gaulle - Etoile - Friedland,bus,42551,Charles de Gaulle Friedland,71347,
SNCF,625,87987511,8798751,PR/0087-987511-00,3257,Les Mureaux Sablons,BUS,BUS,50118355,Les Sablons,BUS,20190,Les Sablons,bus,43786,Sablons,479955,
SNCF,625,87987511,8798751,PR/0087-987511-00,3258,Les Mureaux Sablons,BUS,BUS,50118686,Les Sablons,BUS,472779,Les Sablons,bus,43786,Sablons,479955,
SNCF,625,87987511,8798751,PR/0087-987511-00,3259,LES SABLONS LES MUREAUX,BUS,BUS,50116197,Les Sablons,BUS,472779,Les Sablons,bus,43786,Sablons,479955,
SNCF,625,87987511,8798751,PR/0087-987511-00,4970,LES SABLONS LES MUREAUX,BUS,BUS,50117078,Les Sablons,BUS,472779,Les Sablons,bus,43786,Sablons,479955,
SNCF,7,87988709,8798870,PR/0087-988709-00,34,1TT,VOIE,TRAM-TRAIN,50118794,Remise à Jorelle,TRAM,472376,Remise à Jorelle,tram,44603,Remise à Jorelle,72033,36
SNCF,7,87988709,8798870,PR/0087-988709-00,33,2TT,VOIE,TRAM-TRAIN,50117480,Remise à Jorelle,TRAM,471837,Remise à Jorelle,tram,44603,Remise à Jorelle,72033,35
SNCF,7,87988709,8798870,PR/0087-988709-00,32,REMISE A JORELLE (LA),BUS,BUS,50118622,Remise à Jorelle,BUS,470632,Remise à Jorelle,bus,51077,L'Etoile,72017,
SNCF,7,87988709,8798870,PR/0087-988709-00,37,REMISE A JORELLE (LA),BUS,BUS,50118640,Remise à Jorelle,BUS,470663,Remise à Jorelle,bus,51077,L'Etoile,72017,
SNCF,359,87988717,8798871,PR/0087-988717-00,2560,1TT,VOIE,TRAM-TRAIN,50118541,Lycée Henri Sellier,TRAM,470693,Lycée Henri Sellier,tram,411280,Lycée Henri Sellier,411281,2565
SNCF,359,87988717,8798871,PR/0087-988717-00,2561,2TT,VOIE,TRAM-TRAIN,50116510,Lycée Henri Sellier,TRAM,472642,Lycée Henri Sellier,tram,411280,Lycée Henri Sellier,411281,2564
SNCF,359,87988717,8798871,PR/0087-988717-00,2562,LYCEE HENRI SELLIER,BUS,BUS,50116623,Lycée Henri Sellier,BUS,472219,Lycée Henri Sellier,bus,473523,Lycée Henri Sellier,411281,
SNCF,359,87988717,8798871,PR/0087-988717-00,2563,LYCEE HENRI SELLIER,BUS,BUS,50118839,Lycée Henri Sellier,BUS,472497,Lycée Henri Sellier,bus,473523,Lycée Henri Sellier,411281,
SNCF,647,87990630,8799063,PR/0087-990630-BV,3288,Coudray-Montceaux La Justice,BUS,BUS,50117295,Le Coudray-Montceaux Stade,BUS,477118,Stade / La justice,bus,45819,Stade / La justice,412712,
SNCF,647,87990630,8799063,PR/0087-990630-BV,3289,Coudray-Montceaux La Justice,BUS,BUS,50117367,Le Coudray-Montceaux Stade,BUS,477157,Stade / La justice,bus,45819,Stade / La justice,412712,
SNCF,555,87991471,8799147,PR/0087-991471-00,3127,Montgeron Eglise,BUS,BUS,50118623,Montgeron Église,BUS,17127,Eglise,bus,42946,Eglise,63035,
SNCF,555,87991471,8799147,PR/0087-991471-00,3128,Montgeron Eglise,BUS,BUS,50117828,Montgeron Église,BUS,17128,Eglise,bus,42946,Eglise,63035,
SNCF,561,87991497,8799149,PR/0087-991497-00,3139,Draveil Eglise,BUS,BUS,50118179,Draveil Église,BUS,2427,Église,bus,42930,Eglise,62658,
SNCF,561,87991497,8799149,PR/0087-991497-00,3140,Draveil Eglise,BUS,BUS,50118766,Draveil Église,BUS,41451,Église,bus,42930,Eglise,62658,
SNCF,560,87991505,8799150,PR/0087-991505-00,3137,La Patte d'Oie,BUS,BUS,50116376,Vigneux-sur-Seine Patte d'Oie,BUS,472377,Patte d'Oie,bus,44280,Patte d'Oie,62971,
SNCF,560,87991505,8799150,PR/0087-991505-00,3138,La Patte d'Oie,BUS,BUS,50116577,Vigneux-sur-Seine Patte d'Oie,BUS,422889,Patte d'Oie,bus,44280,Patte d'Oie,62971,
SNCF,376,87994152,8799415,PR/0087-994152-00,2674,Aéroport Charles de Gaulle T3,BUS,BUS,50117511,Aéroport Charles de Gaulle 1 (Terminal 3),BUS,471706,Roissypole - Aéroport CDG1 (D1),bus,462743,Aéroport CDG 1 (Terminal 3) - Roissypole,73596,
SNCF,531,87994210,8799421,PR/0087-994210-00,3085,Aéroport Charles de Gaulle T1,BUS,BUS,50117660,Aéroport Charles de Gaulle 1 (Terminal 1),BUS,471664,Aéroport Charles de Gaulle 1 (Terminal 1),bus,462779,Aéroport CDG - Terminal 1 (Niveau Départs),69212,
SNCF,149,87994228,8799422,PR/0087-994228-00,1105,Aéroport Charles De Gaulle T2,BUS,BUS,50117508,Aéroport Charles de Gaulle 2 (Terminal 2),BUS,471707,Aéroport Charles de Gaulle 2 (Terminal 2),bus,473817,Aéroport Charles de Gaulle 2 (Terminal 2),73699,
SNCF,577,87994566,8799456,PR/0087-994566-00,3169,Rue des Vignes,BUS,BUS,50116127,Rue des Vignes,BUS,19565,Rue des Vignes,bus,44754,Rue des Vignes,73594,
SNCF,577,87994566,8799456,PR/0087-994566-00,3170,Rue des Vignes,BUS,BUS,50118624,Rue des Vignes,BUS,470644,Rue des Vignes,bus,44754,Rue des Vignes,73594,
SNCF,557,87996082,8799608,PR/0087-996082-BV,3131,Epinay-sous-Sénart,BUS,BUS,50118370,Épinay-sous-Sénart,BUS,470948,La Plaine,bus,462638,La Plaine,421297,
SNCF,557,87996082,8799608,PR/0087-996082-BV,3132,Epinay-sous-Sénart,BUS,BUS,50118314,Épinay-sous-Sénart,BUS,41459,La Plaine,bus,462638,La Plaine,421297,
SNCF,559,87997056,8799705,PR/0087-997056-BV,3135,Quincy-sous-Sénart,BUS,BUS,50118462,Quincy-sous-Sénart,BUS,470882,Quincy-sous-Sénart,bus,45769,Mairie,62567,
SNCF,559,87997056,8799705,PR/0087-997056-BV,3136,Quincy-sous-Sénart,BUS,BUS,50116243,Quincy-sous-Sénart,BUS,472953,Quincy-sous-Sénart,bus,45769,Mairie,62567,
RATP,1000,,,,1634,Wagram,N.D.,METRO,50026101,Wagram,METRO,463070,Wagram,metro,45508,Wagram,71423,N.D.
RATP,1000,,,,2514,Wagram,N.D.,METRO,50025949,Wagram,METRO,22028,Wagram,metro,45508,Wagram,71423,N.D.
RATP,1001,,,,1881,MALESHERBES,N.D.,METRO,50026278,Malesherbes,METRO,463068,Malesherbes,metro,59370,Malesherbes,71416,N.D.
RATP,1001,,,,2277,MALESHERBES,N.D.,METRO,50025943,Malesherbes,METRO,22031,Malesherbes,metro,59370,Malesherbes,71416,N.D.
RATP,1002,,,,2005,Boulogne Pont de Saint-Cloud,N.D.,METRO,50026060,Boulogne Pont de Saint-Cloud,METRO,463136,Boulogne Pont de Saint-Cloud,metro,42381,Boulogne Pont de Saint-Cloud - Albert Kahn,70721,N.D.
RATP,1002,,,,2194,Boulogne Pont de Saint-Cloud,N.D.,METRO,50026759,Boulogne Pont de Saint-Cloud,METRO,21989,Boulogne Pont de Saint-Cloud,metro,42381,Boulogne Pont de Saint-Cloud - Albert Kahn,70721,N.D.
RATP,1003,,,,2007,Bourse,N.D.,METRO,50025945,Bourse,METRO,22033,Bourse,metro,45101,Bourse,73635,N.D.
RATP,1003,,,,2196,Bourse,N.D.,METRO,50026969,Bourse,METRO,463090,Bourse,metro,45101,Bourse,73635,N.D.
RATP,1004,,,,32605,BRANCION,N.D.,TRAM-TRAIN,50144915,Brancion,TRAM,24104,Brancion,tram,42387,Brancion,71007,N.D.
RATP,1004,,,,32628,BRANCION,N.D.,TRAM-TRAIN,50144938,Brancion,TRAM,24121,Brancion,tram,42387,Brancion,71007,N.D.
RATP,1005,,,,2008,Bréguet-Sabin,N.D.,METRO,50026479,Bréguet-Sabin,METRO,22008,Bréguet-Sabin,metro,42390,Bréguet-Sabin,73621,N.D.
RATP,1005,,,,2164,Bréguet-Sabin,N.D.,METRO,50026115,Bréguet-Sabin,METRO,463138,Bréguet-Sabin,metro,42390,Bréguet-Sabin,73621,N.D.
RATP,1006,,,,63729,BRETAGNE,N.D.,TRAM-TRAIN,50146154,BRETAGNE,TRAM,413057,Bretagne,tram,47694,Bretagne,69888,N.D.
RATP,1006,,,,63747,BRETAGNE,N.D.,TRAM-TRAIN,50146171,BRETAGNE,TRAM,29902,Bretagne,tram,47694,Bretagne,69888,N.D.
RATP,1007,,,,16671,BRIMBORION,N.D.,TRAM-TRAIN,50143948,BRIMBORION,TRAM,23441,Brimborion,tram,47364,Brimborion,69533,N.D.
RATP,1007,,,,16687,BRIMBORION,N.D.,TRAM-TRAIN,50143964,BRIMBORION,TRAM,27464,Brimborion,tram,47364,Brimborion,69533,N.D.
RATP,1008,,,,2040,Alésia,N.D.,METRO,50026983,Alésia,METRO,22154,Alésia,metro,42175,Alésia,71030,N.D.
RATP,1008,,,,2159,Alésia,N.D.,METRO,50026982,Alésia,METRO,463118,Alésia,metro,42175,Alésia,71030,N.D.
RATP,1009,,,,2009,Brochant,N.D.,METRO,50025776,BROCHANT,METRO,22231,Brochant,metro,45487,Brochant,73661,N.D.
RATP,1009,,,,2165,Brochant,N.D.,METRO,50026265,BROCHANT,METRO,462978,Brochant,metro,45487,Brochant,73661,N.D.
RATP,1010,,,,60973,BUTTE DU CHAPEAU ROUGE,N.D.,TRAM-TRAIN,50145920,BUTTE DU CHAPEAU ROUGE,TRAM,24404,Butte du Chapeau Rouge,tram,58501,Butte du Chapeau Rouge,73801,N.D.
RATP,1010,,,,60991,BUTTE DU CHAPEAU ROUGE,N.D.,TRAM-TRAIN,50145938,BUTTE DU CHAPEAU ROUGE,TRAM,24416,Butte du Chapeau Rouge,tram,58501,Butte du Chapeau Rouge,73801,N.D.
RATP,1011,,,,60806,BUTTE PINSON (PARC REGIONAL),N.D.,TRAM-TRAIN,50145888,BUTTE PINSON (PARC REGIONAL),TRAM,28853,Butte Pinson (Parc Régional),tram,58640,Butte Pinson (Parc Régional),72796,N.D.
RATP,1011,,,,60821,BUTTE PINSON (PARC REGIONAL),N.D.,TRAM-TRAIN,50145902,BUTTE PINSON (PARC REGIONAL),TRAM,28850,Butte Pinson (Parc Régional),tram,58640,Butte Pinson (Parc Régional),72796,N.D.
RATP,1012,,,,2013,Buttes-Chaumont,N.D.,METRO,50027014,Buttes-Chaumont,METRO,24683,Buttes-Chaumont,metro,45609,Buttes Chaumont,71900,N.D.
RATP,1012,,,,2132,Buttes-Chaumont,N.D.,METRO,50026330,Buttes-Chaumont,METRO,463156,Buttes-Chaumont,metro,45609,Buttes Chaumont,71900,N.D.
RATP,1013,,,,2014,Buzenval,N.D.,METRO,50026850,BUZENVAL,METRO,463039,Buzenval,metro,42410,Buzenval,479928,N.D.
RATP,1013,,,,2133,Buzenval,N.D.,METRO,50025846,BUZENVAL,METRO,25084,Buzenval,metro,42410,Buzenval,479928,N.D.
RATP,1014,,,,2015,Cadet,N.D.,METRO,50025988,CADET,METRO,463139,Cadet,metro,42414,Cadet,71351,N.D.
RATP,1014,,,,2134,Cadet,N.D.,METRO,50026327,CADET,METRO,22390,Cadet,metro,42414,Cadet,71351,N.D.
RATP,1015,,,,2016,Cambronne,N.D.,METRO,50026483,Cambronne,METRO,22176,Cambronne,metro,42419,Cambronne,71167,N.D.
RATP,1015,,,,2135,Cambronne,N.D.,METRO,50026118,Cambronne,METRO,463140,Cambronne,metro,42419,Cambronne,71167,N.D.
RATP,1016,,,,2017,Campo-Formio,N.D.,METRO,50025807,Campo-Formio,METRO,22009,Campo-Formio,metro,42426,Campo Formio,71063,N.D.
RATP,1016,,,,2136,Campo-Formio,N.D.,METRO,50026475,Campo-Formio,METRO,463020,Campo-Formio,metro,42426,Campo Formio,71063,N.D.
RATP,1017,,,,60978,CANAL SAINT-DENIS,N.D.,TRAM-TRAIN,50145925,CANAL SAINT-DENIS,TRAM,24402,Canal Saint-Denis,tram,45596,Canal Saint-Denis,72424,N.D.
RATP,1017,,,,60986,CANAL SAINT-DENIS,N.D.,TRAM-TRAIN,50145933,CANAL SAINT-DENIS,TRAM,24401,Canal Saint-Denis,tram,45596,Canal Saint-Denis,72424,N.D.
RATP,1018,,,,2018,Cardinal-Lemoine,N.D.,METRO,50026061,Cardinal-Lemoine,METRO,21984,Cardinal-Lemoine,metro,42435,Cardinal Lemoine,71153,N.D.
RATP,1018,,,,2137,Cardinal-Lemoine,N.D.,METRO,50026062,Cardinal-Lemoine,METRO,463141,Cardinal-Lemoine,metro,42435,Cardinal Lemoine,71153,N.D.
RATP,1019,,,,61036,ALEXANDRA DAVID-NEEL,N.D.,TRAM-TRAIN,50145955,ALEXANDRA DAVID-NEEL,TRAM,24139,Alexandra David-Neel,tram,45215,Alexandra David-Néel,71632,N.D.
RATP,1019,,,,61038,ALEXANDRA DAVID-NEEL,N.D.,TRAM-TRAIN,50145957,ALEXANDRA DAVID-NEEL,TRAM,24107,Alexandra David-Neel,tram,45215,Alexandra David-Néel,71632,N.D.
RATP,1020,,,,63739,CAROLINE AIGLE (ORLYFRET),N.D.,TRAM-TRAIN,50146164,CAROLINE AIGLE (ORLYFRET),TRAM,29899,Caroline Aigle (Orlyfret),tram,58781,Caroline Aigle (Orlyfret),69606,N.D.
RATP,1020,,,,63757,CAROLINE AIGLE (ORLYFRET),N.D.,TRAM-TRAIN,50146181,CAROLINE AIGLE (ORLYFRET),TRAM,29898,Caroline Aigle (Orlyfret),tram,58781,Caroline Aigle (Orlyfret),69606,N.D.
RATP,1021,,,,1692060,Carrefour-Pleyel,N.D.,METRO,50026948,Carrefour-Pleyel,METRO,462976,Carrefour-Pleyel,metro,42447,Carrefour Pleyel,72217,N.D.
RATP,1021,,,,1692061,Carrefour-Pleyel,N.D.,METRO,50025769,Carrefour-Pleyel,METRO,22239,Carrefour-Pleyel,metro,42447,Carrefour Pleyel,72217,N.D.
RATP,1022,,,,2020,Censier-Daubenton,N.D.,METRO,50026844,Censier-Daubenton,METRO,463157,Censier-Daubenton,metro,42461,Censier Daubenton,71100,N.D.
RATP,1022,,,,2139,Censier-Daubenton,N.D.,METRO,50026137,Censier-Daubenton,METRO,22391,Censier-Daubenton,metro,42461,Censier Daubenton,71100,N.D.
RATP,1023,,,,65566,CENTRE DE CHATILLON,N.D.,TRAM-TRAIN,50146303,CENTRE DE CHATILLON,TRAM,41952,Centre de Châtillon,tram,59221,Centre de Châtillon,70362,N.D.
RATP,1023,,,,65584,CENTRE DE CHATILLON,N.D.,TRAM-TRAIN,50146321,CENTRE DE CHATILLON,TRAM,2337,Centre de Châtillon,tram,59221,Centre de Châtillon,70362,N.D.
RATP,1024,,,,60597,CESAR,N.D.,TRAM-TRAIN,50145832,CESAR,TRAM,42132,César,tram,50572,César,72366,N.D.
RATP,1024,,,,60603,CESAR,N.D.,TRAM-TRAIN,50145838,CESAR,TRAM,42133,César,tram,50572,César,72366,N.D.
RATP,1025,,,,2025,Champs-Elysées-Clémenceau,N.D.,METRO,50026255,Champs-Elysées-Clémenceau,METRO,22093,Champs-Elysées-Clémenceau,metro,42531,Champs-Élysées Clemenceau,71305,N.D.
RATP,1025,,,,2083,Champs-Elysées-Clémenceau,N.D.,METRO,50026530,Champs-Elysées-Clémenceau,METRO,463010,Champs-Elysées-Clémenceau,metro,42531,Champs-Élysées Clemenceau,71305,N.D.
RATP,1025,,,,2144,Champs-Elysées-Clémenceau,N.D.,METRO,50026077,Champs-Elysées-Clémenceau,METRO,463011,Champs-Elysées-Clémenceau,metro,42531,Champs-Élysées Clemenceau,71305,N.D.
RATP,1025,,,,2544,Champs-Elysées-Clémenceau,N.D.,METRO,50025868,Champs-Elysées-Clémenceau,METRO,22090,Champs-Elysées-Clémenceau,metro,42531,Champs-Élysées Clemenceau,71305,N.D.
RATP,1026,,,,2026,Chardon-Lagache,N.D.,METRO,50026063,Chardon-Lagache,METRO,21985,Chardon-Lagache,metro,42543,Chardon Lagache,71141,N.D.
RATP,1027,,,,3343805,Charenton-Ecoles,N.D.,METRO,50026368,CHARENTON-ECOLES,METRO,22210,Charenton-Ecoles,metro,42545,Charenton Écoles,70648,N.D.
RATP,1027,,,,3343806,Charenton-Ecoles,N.D.,METRO,50026884,CHARENTON-ECOLES,METRO,463142,Charenton-Ecoles,metro,42545,Charenton Écoles,70648,N.D.
RATP,1028,,,,60626,CHARLEBOURG,N.D.,TRAM-TRAIN,50145860,CHARLEBOURG,TRAM,23436,Charlebourg,tram,47411,Charlebourg,72137,N.D.
RATP,1028,,,,60635,CHARLEBOURG,N.D.,TRAM-TRAIN,50145869,CHARLEBOURG,TRAM,23437,Charlebourg,tram,47411,Charlebourg,72137,N.D.
RATP,1029,,,,2031,Charles Michels,N.D.,METRO,50025916,Charles Michels,METRO,21986,Charles Michels,metro,42557,Charles Michels,71156,N.D.
RATP,1029,,,,2150,Charles Michels,N.D.,METRO,50026757,Charles Michels,METRO,463076,Charles Michels,metro,42557,Charles Michels,71156,N.D.
RATP,1030,,,,2041,Alexandre-Dumas,N.D.,METRO,50026796,Alexandre-Dumas,METRO,463117,Alexandre-Dumas,metro,45196,Alexandre Dumas,71728,N.D.
RATP,1030,,,,2160,Alexandre-Dumas,N.D.,METRO,50026448,Alexandre-Dumas,METRO,22122,Alexandre-Dumas,metro,45196,Alexandre Dumas,71728,N.D.
RATP,1031,,,,2032,Charonne,N.D.,METRO,50026901,CHARONNE,METRO,463143,Charonne,metro,42560,Charonne,73647,N.D.
RATP,1031,,,,2151,Charonne,N.D.,METRO,50026035,CHARONNE,METRO,21934,Charonne,metro,42560,Charonne,73647,N.D.
RATP,1032,,,,2035,Château de Vincennes,N.D.,METRO,50026701,Château de Vincennes,METRO,463149,Château de Vincennes,metro,42582,Château de Vincennes,71634,N.D.
RATP,1032,,,,2154,Château de Vincennes,N.D.,METRO,50026873,Château de Vincennes,METRO,22104,Château de Vincennes,metro,42582,Château de Vincennes,71634,N.D.
RATP,1033,,,,2034,Château d'Eau,N.D.,METRO,50025959,Château d'eau,METRO,462979,Château d'eau,metro,42579,Château d'Eau,71333,N.D.
RATP,1033,,,,2153,Château d'Eau,N.D.,METRO,50025800,Château d'eau,METRO,22153,Château d'eau,metro,42579,Château d'Eau,71333,N.D.
RATP,1034,,,,2033,Château Rouge,N.D.,METRO,50026109,Château Rouge,METRO,463148,Château Rouge,metro,42585,Château Rouge,71469,N.D.
RATP,1034,,,,2152,Château Rouge,N.D.,METRO,50026110,Château Rouge,METRO,22152,Château Rouge,metro,42585,Château Rouge,71469,N.D.
RATP,1035,,,,2085,Château Landon,N.D.,METRO,50025831,Château Landon,METRO,463006,Château Landon,metro,479053,Château Landon,474149,N.D.
RATP,1035,,,,2546,Château Landon,N.D.,METRO,50025830,Château Landon,METRO,22367,Château Landon,metro,479053,Château Landon,474149,N.D.
RATP,1036,,,,65563,CHATILLON - MONTROUGE,N.D.,TRAM-TRAIN,50146300,CHATILLON - MONTROUGE,TRAM,2336,Châtillon-Montrouge,tram,462350,Châtillon-Montrouge,461505,N.D.
RATP,1036,,,,1969,Châtillon Montrouge,N.D.,METRO,50025938,Châtillon Montrouge,METRO,22237,Châtillon-Montrouge,metro,42588,Châtillon-Montrouge,461505,N.D.
RATP,1036,,,,2224,Châtillon Montrouge,N.D.,METRO,50026616,Châtillon Montrouge,METRO,463087,Châtillon-Montrouge,metro,42588,Châtillon-Montrouge,461505,N.D.
RATP,1037,,,,1971,Chaussée d'Antin (La Fayette),N.D.,METRO,50025984,Chaussée d'Antin (La Fayette),METRO,463145,Chaussée d'Antin (La Fayette),metro,42589,Chaussée d'Antin - La Fayette,73689,N.D.
RATP,1037,,,,1972,Chaussée d'Antin (La Fayette),N.D.,METRO,50026560,Chaussée d'Antin (La Fayette),METRO,463144,Chaussée d'Antin (La Fayette),metro,42589,Chaussée d'Antin - La Fayette,73689,N.D.
RATP,1037,,,,2226,Chaussée d'Antin (La Fayette),N.D.,METRO,50026131,Chaussée d'Antin (La Fayette),METRO,22388,Chaussée d'Antin (La Fayette),metro,42589,Chaussée d'Antin - La Fayette,73689,N.D.
RATP,1037,,,,2227,Chaussée d'Antin (La Fayette),N.D.,METRO,50026897,Chaussée d'Antin (La Fayette),METRO,21932,Chaussée d'Antin (La Fayette),metro,42589,Chaussée d'Antin - La Fayette,73689,N.D.
RATP,1038,,,,57329,CHEMIN DES RENIERS,N.D.,TRAM-TRAIN,50145617,CHEMIN DES RENIERS,TRAM,23289,Chemin des Reniers,tram,42594,Chemin des Reniers,72311,N.D.
RATP,1038,,,,57330,CHEMIN DES RENIERS,N.D.,TRAM-TRAIN,50145618,CHEMIN DES RENIERS,TRAM,23293,Chemin des Reniers,tram,42594,Chemin des Reniers,72311,N.D.
RATP,1039,,,,3343783,Chemin Vert,N.D.,METRO,50026181,CHEMIN VERT,METRO,463146,Chemin Vert,metro,45097,Chemin Vert,73622,N.D.
RATP,1039,,,,3343784,Chemin Vert,N.D.,METRO,50027062,CHEMIN VERT,METRO,22202,Chemin Vert,metro,45097,Chemin Vert,73622,N.D.
RATP,1040,,,,1974,Chevaleret,N.D.,METRO,50026993,Chevaleret,METRO,22174,Chevaleret,metro,45267,Chevaleret,73651,N.D.
RATP,1040,,,,2229,Chevaleret,N.D.,METRO,50026484,Chevaleret,METRO,463147,Chevaleret,metro,45267,Chevaleret,73651,N.D.
RATP,1041,,,,2043,Alma-Marceau,N.D.,METRO,50026724,Alma-Marceau,METRO,463052,Alma-Marceau,metro,42182,Alma - Marceau,71290,N.D.
RATP,1041,,,,2162,Alma-Marceau,N.D.,METRO,50025891,Alma-Marceau,METRO,21935,Alma-Marceau,metro,42182,Alma - Marceau,71290,N.D.
RATP,1042,,,,15610,CIMETIERE DE SAINT-DENIS,N.D.,TRAM-TRAIN,50143521,CIMETIERE DE SAINT-DENIS,TRAM,23312,Cimetière,tram,46327,Cimetière de Saint-Denis,72322,N.D.
RATP,1042,,,,15619,CIMETIERE DE SAINT-DENIS,N.D.,TRAM-TRAIN,50143529,CIMETIERE DE SAINT-DENIS,TRAM,23314,Cimetière,tram,46327,Cimetière de Saint-Denis,72322,N.D.
RATP,1043,,,,1975,Cité,N.D.,METRO,50026461,Cité,METRO,22150,Cité,metro,42639,Cité,71223,N.D.
RATP,1043,,,,2230,Cité,N.D.,METRO,50026460,Cité,METRO,463161,Cité,metro,42639,Cité,71223,N.D.
RATP,1044,,,,1977,Cluny-La Sorbonne,N.D.,METRO,50026928,Cluny-La Sorbonne,METRO,462944,Cluny-La Sorbonne,metro,42674,Cluny La Sorbonne,73619,N.D.
RATP,1044,,,,2167,Cluny-La Sorbonne,N.D.,METRO,50025744,Cluny-La Sorbonne,METRO,21983,Cluny-La Sorbonne,metro,42674,Cluny La Sorbonne,73619,N.D.
RATP,1045,,,,63740,COEUR D'ORLY,N.D.,TRAM-TRAIN,50146165,COEUR D'ORLY,TRAM,35932,Coeur d'Orly,tram,58782,Coeur d'Orly,69577,N.D.
RATP,1045,,,,63758,COEUR D'ORLY,N.D.,TRAM-TRAIN,50146182,COEUR D'ORLY,TRAM,460558,Coeur d'Orly,tram,58782,Coeur d'Orly,69577,N.D.
RATP,1046,,,,60981,COLETTE BESSON,N.D.,TRAM-TRAIN,50145928,COLETTE BESSON,TRAM,24412,Colette Besson,tram,45538,Colette Besson,72066,N.D.
RATP,1046,,,,60983,COLETTE BESSON,N.D.,TRAM-TRAIN,50145930,COLETTE BESSON,TRAM,24420,Colette Besson,tram,45538,Colette Besson,72066,N.D.
RATP,1047,,,,1978,Colonel Fabien,N.D.,METRO,50025786,COLONEL FABIEN,METRO,22120,Colonel Fabien,metro,42732,Colonel Fabien,71893,N.D.
RATP,1047,,,,2168,Colonel Fabien,N.D.,METRO,50026798,COLONEL FABIEN,METRO,462984,Colonel Fabien,metro,42732,Colonel Fabien,71893,N.D.
RATP,1048,,,,3343753,Commerce,N.D.,METRO,50026546,Commerce,METRO,463162,Commerce,metro,42734,Commerce,71132,N.D.
RATP,1048,,,,3343754,Commerce,N.D.,METRO,50026545,Commerce,METRO,22190,Commerce,metro,42734,Commerce,71132,N.D.
RATP,1049,,,,1980,Concorde,N.D.,METRO,50026704,CONCORDE,METRO,463150,Concorde,metro,45676,Concorde,71298,N.D.
RATP,1049,,,,1982,Concorde,N.D.,METRO,50026073,CONCORDE,METRO,22057,Concorde,metro,45676,Concorde,71298,N.D.
RATP,1049,,,,2170,Concorde,N.D.,METRO,50026354,CONCORDE,METRO,22085,Concorde,metro,45676,Concorde,71298,N.D.
RATP,1049,,,,2172,Concorde,N.D.,METRO,50026416,CONCORDE,METRO,463164,Concorde,metro,45676,Concorde,71298,N.D.
RATP,1049,,,,3343763,Concorde,N.D.,METRO,50026552,CONCORDE,METRO,22096,Concorde,metro,45676,Concorde,71298,N.D.
RATP,1049,,,,3343764,Concorde,N.D.,METRO,50027063,CONCORDE,METRO,463151,Concorde,metro,45676,Concorde,71298,N.D.
RATP,1050,,,,1984,Convention,N.D.,METRO,50025760,Convention,METRO,22058,Convention,metro,42751,Convention,71075,N.D.
RATP,1050,,,,2174,Convention,N.D.,METRO,50026944,Convention,METRO,462949,Convention,metro,42751,Convention,71075,N.D.
RATP,1051,,,,1985,Corentin-Cariou,N.D.,METRO,50026664,Corentin-Cariou,METRO,463152,Corentin-Cariou,metro,45598,Corentin Cariou,72031,N.D.
RATP,1051,,,,2175,Corentin-Cariou,N.D.,METRO,50026317,Corentin-Cariou,METRO,22389,Corentin-Cariou,metro,45598,Corentin Cariou,72031,N.D.
RATP,1052,,,,2044,Anatole-France,N.D.,METRO,50026636,Anatole-France,METRO,22036,Anatole-France,metro,42195,Anatole France,71519,N.D.
RATP,1052,,,,2163,Anatole-France,N.D.,METRO,50026286,Anatole-France,METRO,463119,Anatole-France,metro,42195,Anatole France,71519,N.D.
RATP,1053,,,,1986,Corentin-Celton,N.D.,METRO,50026422,Corentin-Celton,METRO,22061,Corentin-Celton,metro,42759,Corentin Celton,70990,N.D.
RATP,1053,,,,2176,Corentin-Celton,N.D.,METRO,50026607,Corentin-Celton,METRO,463153,Corentin-Celton,metro,42759,Corentin Celton,70990,N.D.
RATP,1054,,,,1987,Corvisart,N.D.,METRO,50025977,Corvisart,METRO,22175,Corvisart,metro,45274,Corvisart,71013,N.D.
RATP,1054,,,,2177,Corvisart,N.D.,METRO,50026495,Corvisart,METRO,463105,Corvisart,metro,45274,Corvisart,71013,N.D.
RATP,1055,,,,15608,COSMONAUTES,N.D.,TRAM-TRAIN,50143519,COSMONAUTES,TRAM,22632,Cosmonautes,tram,42763,Cosmonautes,73692,N.D.
RATP,1055,,,,15621,COSMONAUTES,N.D.,TRAM-TRAIN,50143531,COSMONAUTES,TRAM,22628,Cosmonautes,tram,42763,Cosmonautes,73692,N.D.
RATP,1056,,,,1166828,Cour Saint-Emilion,N.D.,METRO,50026365,Cour Saint-Emilion,METRO,21956,Cour Saint-Emilion,metro,45234,Cour Saint-Emilion,71576,N.D.
RATP,1056,,,,1166829,Cour Saint-Emilion,N.D.,METRO,50027054,Cour Saint-Emilion,METRO,463165,Cour Saint-Emilion,metro,45234,Cour Saint-Emilion,71576,N.D.
RATP,1057,,,,1989,Courcelles,N.D.,METRO,50026959,COURCELLES,METRO,463154,Courcelles,metro,42771,Courcelles,71376,N.D.
RATP,1057,,,,2179,Courcelles,N.D.,METRO,50026790,COURCELLES,METRO,22121,Courcelles,metro,42771,Courcelles,71376,N.D.
RATP,1058,,,,2079,Couronnes,N.D.,METRO,50025784,Couronnes,METRO,22126,Couronnes,metro,42772,Couronnes,71834,N.D.
RATP,1058,,,,2128,Couronnes,N.D.,METRO,50026447,Couronnes,METRO,462983,Couronnes,metro,42772,Couronnes,71834,N.D.
SNCF,1059,,,,4976,CRETEIL-HOPITAL L'ECHAT,BUS,BUS,50117306,Créteil-L'Échat (Hôpital Henri Mondor),BUS,477092,Créteil-L'Échat (Hôpital Henri Mondor),bus,463889,Créteil l'Echat,70269,
RATP,1059,,,,3343813,Créteil-L'Echat (Hôpital Henri Mondor),N.D.,METRO,50026558,Créteil-L'Echat (Hôpital Henri Mondor),METRO,22211,Créteil-L'Echat (Hôpital Henri Mondor),metro,45712,Créteil L'Échat,70269,N.D.
RATP,1059,,,,3343814,Créteil-L'Echat (Hôpital Henri Mondor),N.D.,METRO,50026192,Créteil-L'Echat (Hôpital Henri Mondor),METRO,463166,Créteil-L'Echat (Hôpital Henri Mondor),metro,45712,Créteil L'Échat,70269,N.D.
RATP,106,,,,32600,PONT DU GARIGLIANO - HOPITAL EUROPEEN G. POMPIDOU,N.D.,TRAM-TRAIN,50144910,PONT DU GARIGLIANO - HOPITAL EUROPEEN G. POMPIDOU,TRAM,24102,Pont du Garigliano - Hôpital Européen Georges Pompidou,tram,473331,Pont du Garigliano,74002,N.D.
RATP,106,,,,32633,PONT DU GARIGLIANO - HOPITAL EUROPEEN G. POMPIDOU,N.D.,TRAM-TRAIN,50148958,PONT DU GARIGLIANO - HOPITAL EUROPEEN G. POMPIDOU,TRAM,480964,Pont du Garigliano - Hôpital Européen Georges Pompidou,tram,473331,Pont du Garigliano,74002,N.D.
RATP,1060,,,,3343817,Créteil-Préfecture (Hôtel de Ville),N.D.,METRO,50026555,Créteil-Préfecture (Hôtel de Ville),METRO,463056,Créteil-Préfecture (Hôtel de Ville),metro,42778,Créteil Préfecture,70021,N.D.
RATP,1060,,,,3343818,Créteil-Préfecture (Hôtel de Ville),N.D.,METRO,50025879,Créteil-Préfecture (Hôtel de Ville),METRO,22213,Créteil-Préfecture (Hôtel de Ville),metro,42778,Créteil Préfecture,70021,N.D.
RATP,1061,,,,3343815,Créteil-Université,N.D.,METRO,50027059,Créteil-Université,METRO,22212,Créteil-Université,metro,42779,Créteil Université,70172,N.D.
RATP,1061,,,,3343816,Créteil-Université,N.D.,METRO,50026179,Créteil-Université,METRO,463167,Créteil-Université,metro,42779,Créteil Université,70172,N.D.
RATP,1062,,,,2080,Crimée,N.D.,METRO,50026315,Crimée,METRO,22392,Crimée,metro,42780,Crimée,72013,N.D.
RATP,1062,,,,2093,Crimée,N.D.,METRO,50026841,Crimée,METRO,463155,Crimée,metro,42780,Crimée,72013,N.D.
RATP,11,,,,60811,GARGES-SARCELLES RER,N.D.,TRAM-TRAIN,50147537,GARGES-SARCELLES RER,TRAM,479384,Garches-Sarcelles RER,tram,473306,Garges Sarcelles,65582,N.D.
RATP,11,,,,69998,GARGES-SARCELLES RER,N.D.,TRAM-TRAIN,50147554,GARGES-SARCELLES RER,TRAM,479383,Garches-Sarcelles RER,tram,473306,Garges Sarcelles,65582,N.D.
RATP,130,,,,9195887,PONT CARDINET,N.D.,METRO,50147704,PONT CARDINET,METRO,480286,Pont Cardinet,metro,480287,Pont Cardinet,71475,N.D.
RATP,130,,,,9195888,PONT CARDINET,N.D.,METRO,50147706,PONT CARDINET,METRO,480340,Pont Cardinet,metro,480287,Pont Cardinet,71475,N.D.
SNCF,1319,,,,4979,VERNEUIL LA GALETTE,BUS,BUS,50117364,Verneuil La Galette,BUS,477160,La Galette,bus,54248,La Galette,65743,
SNCF,1319,,,,4980,VERNEUIL LA GALETTE,BUS,BUS,50117381,Verneuil La Galette,BUS,13473,La Galette,bus,54248,La Galette,65743,
SNCF,1320,,,,4981,VERNOUILLET GIRARDIN,BUS,BUS,50117300,Vernouillet Girardin,BUS,477111,Girardin,bus,54230,Girardin,65437,
SNCF,1320,,,,4982,VERNOUILLET GIRARDIN,BUS,BUS,50117331,Vernouillet Girardin,BUS,477134,Girardin,bus,54230,Girardin,65437,
SNCF,1321,,,,4983,VERNOUILLET MAISON ENFANCE,BUS,BUS,50117325,Vernouillet Maison Enfance,BUS,477137,Maison Enfance,bus,54236,Maison de l'Enfance / Plaine Ouest,65382,
SNCF,1321,,,,4984,VERNOUILLET MAISON ENFANCE,BUS,BUS,50117361,Vernouillet Maison Enfance,BUS,13465,Plaine Ouest / Maison Enfance,bus,54236,Maison de l'Enfance / Plaine Ouest,65382,
SNCF,1322,,,,4985,VERNOUILLET VALLEE GOUJON,BUS,BUS,50117374,Vernouillet Vallée Goujon,BUS,477152,Vallée Goujon,bus,54239,Vallée Goujon,65361,
SNCF,1322,,,,4986,VERNOUILLET VALLEE GOUJON,BUS,BUS,50117333,Vernouillet Vallée Goujon,BUS,477129,Vallée Goujon,bus,54239,Vallée Goujon,65361,
SNCF,1323,,,,4987,VERNOUILLET SAINT EXUPERY,BUS,BUS,50117309,Vernouillet Saint-Exupéry,BUS,477098,Saint-Exupéry,bus,54238,Saint Exupéry,65546,
SNCF,1324,,,,4988,VILLENNES SUR SEINE LA FORGE,BUS,BUS,50117380,Villennes-sur-Seine La Forge,BUS,477090,Villennes-sur-Seine La Forge,bus,54206,La Forge,64953,
SNCF,1324,,,,4989,VILLENNES SUR SEINE LA FORGE,BUS,BUS,50117330,Villennes-sur-Seine La Forge,BUS,477135,Villennes-sur-Seine La Forge,bus,54206,La Forge,64953,
SNCF,1325,,,,4990,VILLENNES SUR SEINE MICHEL GIRAUX,BUS,BUS,50117311,Villennes-sur-Seine Michel Giraux,BUS,13400,M.Giraux,bus,54207,M. Giraux,65036,
SNCF,1325,,,,4991,VILLENNES SUR SEINE MICHEL GIRAUX,BUS,BUS,50117352,Villennes-sur-Seine Michel Giraux,BUS,477168,M.Giraux,bus,54207,M. Giraux,65036,
SNCF,1326,,,,4992,VILLENNES SUR SEINE NAUTIS,BUS,BUS,50117358,Villennes-sur-Seine Nautis,BUS,13453,Nautis,bus,54215,Nautis,64851,
SNCF,1326,,,,4993,VILLENNES SUR SEINE NAUTIS,BUS,BUS,50117310,Villennes-sur-Seine Nautis,BUS,13454,Nautis,bus,54215,Nautis,64851,
SNCF,1328,,,,4996,MEDAN CHATEAU,BUS,BUS,50117363,Médan Château,BUS,13399,Château,bus,54194,Château,65183,
SNCF,1328,,,,4997,MEDAN CHATEAU,BUS,BUS,50117334,Médan Château,BUS,477132,Château,bus,54194,Château,65183,
SNCF,1329,,,,4998,MEDAN CLOS NORMAND,BUS,BUS,50117288,Médan Clos Normand,BUS,13460,Clos Normand,bus,54195,Clos Normand,65253,
SNCF,1329,,,,4999,MEDAN CLOS NORMAND,BUS,BUS,50117376,Médan Clos Normand,BUS,477087,Clos Normand,bus,54195,Clos Normand,65253,
SNCF,1330,,,,5000,MEDAN LES BOUVETTES,BUS,BUS,50117344,Médan Les Bouvettes,BUS,477174,Les Bouvettes,bus,54192,Les Bouvettes,65328,
SNCF,1330,,,,5001,MEDAN LES BOUVETTES,BUS,BUS,50117350,Médan Les Bouvettes,BUS,477169,Médan Les Bouvettes,bus,54192,Les Bouvettes,65328,
SNCF,1331,,,,5002,LES MUREAUX AEROSPATIALE,BUS,BUS,50117321,Les Mureaux Aérospatiale,BUS,13478,Aérospatiale,bus,42166,Aérospatiale,66137,
SNCF,1331,,,,5003,LES MUREAUX AEROSPATIALE,BUS,BUS,50117375,Les Mureaux Aérospatiale,BUS,13452,Aérospatiale,bus,42166,Aérospatiale,66137,
SNCF,1332,,,,5004,LES MUREAUX ROUTE DE VERNEUIL,BUS,BUS,50117319,Les Mureaux Route de Verneuil,BUS,411946,Route de Verneuil,bus,44714,Route de Verneuil,425796,
SNCF,1332,,,,5005,LES MUREAUX ROUTE DE VERNEUIL,BUS,BUS,50117359,Les Mureaux Route de Verneuil,BUS,477165,Route de Verneuil,bus,44714,Route de Verneuil,425796,
SNCF,1333,,,,5006,LYCEE DE CHARS,BUS,BUS,50117289,Lycée de Chars,BUS,29611,Lycée Professionnel du Vexin,bus,43882,Lycée Professionnel du Vexin,67333,
SNCF,1335,,,,5008,VERNEUIL LES CLAIRIERES,BUS,BUS,50117338,Verneuil Les Clairières,BUS,477128,Les Clairières,bus,54245,Les Clairières,65853,
SNCF,1335,,,,5009,VERNEUIL LES CLAIRIERES,BUS,BUS,50117324,Verneuil Les Clairières,BUS,477136,Les Clairières,bus,54245,Les Clairières,65853,
SNCF,1337,,,,5014,ALFORTVILLE GARE DE MAISONS,BUS,BUS,50117419,Alfortville Gare de Maisons,BUS,479046,Alfortville Gare de Maisons,bus,473103,Maisons-Alfort - Alfortville RER,73625,
SNCF,1337,,,,5015,ALFORTVILLE GARE DE MAISONS,BUS,BUS,50117415,Alfortville Gare de Maisons,BUS,479040,Alfortville Gare de Maisons,bus,473103,Maisons-Alfort - Alfortville RER,73625,
RATP,1349,,,,69660,DIANE ARBUS - PORTE DES POISSONNIERS,N.D.,TRAM-TRAIN,50147246,DIANE ARBUS - PORTE DES POISSONNIERS,TRAM,462415,Diane Arbus - Porte des Poissonniers,tram,45537,Diane Arbus - Porte des Poissonniers,72061,N.D.
RATP,1349,,,,69678,DIANE ARBUS - PORTE DES POISSONNIERS,N.D.,TRAM-TRAIN,50147260,DIANE ARBUS - PORTE DES POISSONNIERS,TRAM,462444,Diane Arbus - Porte des Poissonniers,tram,45537,Diane Arbus - Porte des Poissonniers,72061,N.D.
RATP,1350,,,,69662,ANGELIQUE COMPOINT - PORTE DE MONTMARTRE,N.D.,TRAM-TRAIN,50147248,ANGELIQUE COMPOINT - PORTE DE MONTMARTRE,TRAM,462437,Angélique Compoint - Porte de Montmartre,tram,45531,Angélique Compoint - Porte de Montmartre,72081,N.D.
RATP,1350,,,,69676,ANGELIQUE COMPOINT - PORTE DE MONTMARTRE,N.D.,TRAM-TRAIN,50147259,ANGELIQUE COMPOINT - PORTE DE MONTMARTRE,TRAM,462443,Angélique Compoint - Porte de Montmartre,tram,45531,Angélique Compoint - Porte de Montmartre,72081,N.D.
RATP,1351,,,,69655,EPINETTES - POUCHET,N.D.,TRAM-TRAIN,50147245,EPINETTES - POUCHET,TRAM,462439,Epinettes - Pouchet,tram,45478,Epinettes - Pouchet,72052,N.D.
RATP,1351,,,,69672,EPINETTES - POUCHET,N.D.,TRAM-TRAIN,50147256,EPINETTES - POUCHET,TRAM,462442,Epinettes - Pouchet,tram,45478,Epinettes - Pouchet,72052,N.D.
RATP,1352,,,,69664,HONORE DE BALZAC,N.D.,TRAM-TRAIN,50147250,HONORE DE BALZAC,TRAM,462438,Honoré De Balzac,tram,45482,Honoré De Balzac,424926,N.D.
RATP,1352,,,,69670,HONORE DE BALZAC,N.D.,TRAM-TRAIN,50147255,HONORE DE BALZAC,TRAM,462445,Honoré De Balzac,tram,45482,Honoré De Balzac,424926,N.D.
SNCF,1353,,,,5097,AEROPORT CDG2 Parc Pro,BUS,BUS,50117378,Aéroport CDG2 Parc Pro,BUS,477083,Aéroport CDG2 Parc Pro,bus,46267,Aéroport CDG - Terminal 2B-2D,412553,
SNCF,1353,,,,5098,AEROPORT CDG2 Parc Pro,BUS,BUS,50117298,Aéroport CDG2 Parc Pro,BUS,477103,Aéroport CDG2 Parc Pro,bus,46267,Aéroport CDG - Terminal 2B-2D,412553,
SNCF,1354,,,,6010,VERNEUIL KOENING,BUS,BUS,50117382,Verneuil Koening,BUS,13617,Koenig,bus,54252,Koenig,65621,
SNCF,1354,,,,6011,VERNEUIL KOENING,BUS,BUS,50117340,Verneuil Koening,BUS,477123,Koenig,bus,54252,Koenig,65621,
SNCF,1355,,,,6012,VERNOUILLET EUROPE,BUS,BUS,50117422,Vernouillet Europe,BUS,479051,Vernouillet Europe,bus,58965,Vernouillet Europe,65537,
SNCF,1355,,,,6013,VERNOUILLET EUROPE,BUS,BUS,50117408,Vernouillet Europe,BUS,479033,Vernouillet Europe,bus,58965,Vernouillet Europe,65537,
SNCF,1356,,,,6014,VERNEUIL Marguerite Gilles,BUS,BUS,50117302,Verneuil Marguerite Gilles,BUS,477109,Verneuil Marguerite Gilles,bus,462218,Marguerite Gilles,65765,
SNCF,1356,,,,6015,VERNEUIL Marguerite Gilles,BUS,BUS,50117314,Verneuil Marguerite Gilles,BUS,462236,Marguerite Gilles,bus,462218,Marguerite Gilles,65765,
SNCF,1357,,,,6016,VERNEUIL Sport CD154,BUS,BUS,50117315,Verneuil Sport CD154,BUS,13335,Sport CD154,bus,54260,Sport CD154,65765,
SNCF,1357,,,,6017,VERNEUIL Sport CD154,BUS,BUS,50117293,Verneuil Sport CD154,BUS,477120,Sport CD154,bus,54260,Sport CD154,65765,
RATP,1386,,,,69918,ASNIERES - QUATRE ROUTES,N.D.,TRAM-TRAIN,50147367,ASNIERES - QUATRE ROUTES,TRAM,477913,Asnieres - Quatre Routes,tram,42142,Quatre Routes,72267,N.D.
RATP,1386,,,,69920,ASNIERES - QUATRE ROUTES,N.D.,TRAM-TRAIN,50147368,ASNIERES - QUATRE ROUTES,TRAM,477914,Asnieres - Quatre Routes,tram,42142,Quatre Routes,72267,N.D.
RATP,140,,,,1951,Gare d'Austerlitz,N.D.,METRO,50026831,GARE D'AUSTERLITZ,METRO,463023,Gare d'Austerlitz,metro,462352,Gare d'Austerlitz,71135,N.D.
RATP,140,,,,1952,Gare d'Austerlitz,N.D.,METRO,50026760,GARE D'AUSTERLITZ,METRO,463024,Gare d'Austerlitz,metro,462352,Gare d'Austerlitz,71135,N.D.
RATP,140,,,,2206,Gare d'Austerlitz,N.D.,METRO,50025812,GARE D'AUSTERLITZ,METRO,21981,Gare d'Austerlitz,metro,462352,Gare d'Austerlitz,71135,N.D.
RATP,140,,,,2207,Gare d'Austerlitz,N.D.,METRO,50026228,GARE D'AUSTERLITZ,METRO,21967,Gare d'Austerlitz,metro,462352,Gare d'Austerlitz,71135,N.D.
RATP,147,,,,57333,GARE DE GENNEVILLIERS,N.D.,TRAM-TRAIN,50145621,GARE DE GENNEVILLIERS,TRAM,23287,Gare de Gennevilliers,tram,462332,Gennevilliers,72303,N.D.
RATP,147,,,,57334,GARE DE GENNEVILLIERS,N.D.,TRAM-TRAIN,50145622,GARE DE GENNEVILLIERS,TRAM,23281,Gare de Gennevilliers,tram,462332,Gennevilliers,72303,N.D.
RATP,16,,,,1953,Gare de l'Est (Verdun),N.D.,METRO,50026976,Gare de l'Est (Verdun),METRO,22148,Gare de l'Est (Verdun),metro,43138,Gare de l'Est,71359,N.D.
RATP,16,,,,1954,Gare de l'Est (Verdun),N.D.,METRO,50026130,Gare de l'Est (Verdun),METRO,22387,Gare de l'Est (Verdun),metro,43138,Gare de l'Est,71359,N.D.
RATP,16,,,,2076,Gare de l'Est (Verdun),N.D.,METRO,50025809,Gare de l'Est (Verdun),METRO,463021,Gare de l'Est (Verdun),metro,43138,Gare de l'Est,71359,N.D.
RATP,16,,,,2125,Gare de l'Est (Verdun),N.D.,METRO,50025808,Gare de l'Est (Verdun),METRO,22013,Gare de l'Est (Verdun),metro,43138,Gare de l'Est,71359,N.D.
RATP,16,,,,2208,Gare de l'Est (Verdun),N.D.,METRO,50025957,Gare de l'Est (Verdun),METRO,463022,Gare de l'Est (Verdun),metro,43138,Gare de l'Est,71359,N.D.
RATP,16,,,,2209,Gare de l'Est (Verdun),N.D.,METRO,50026129,Gare de l'Est (Verdun),METRO,463001,Gare de l'Est (Verdun),metro,43138,Gare de l'Est,71359,N.D.
RATP,175,,,,67884,VIROFLAY - RIVE DROITE,N.D.,TRAM-TRAIN,50146478,VIROFLAY - RIVE DROITE,TRAM,422040,Viroflay - Rive Droite,tram,473567,Viroflay Rive Droite,422420,N.D.
RATP,175,,,,67886,VIROFLAY - RIVE DROITE,N.D.,TRAM-TRAIN,50146480,VIROFLAY - RIVE DROITE,TRAM,422039,Viroflay - Rive Droite,tram,473567,Viroflay Rive Droite,422420,N.D.
RATP,180,,,,25740,GARE DE NOISY-LE-SEC,N.D.,TRAM-TRAIN,50144592,GARE DE NOISY-LE-SEC,TRAM,23310,Gare de Noisy-le-Sec,tram,473310,Gare de Noisy-le-Sec (Rue Jean Jaures),72041,N.D.
RATP,180,,,,25749,GARE DE NOISY-LE-SEC,N.D.,TRAM-TRAIN,50144601,GARE DE NOISY-LE-SEC,TRAM,22262,Gare de Noisy-le-Sec,tram,473310,Gare de Noisy-le-Sec (Rue Jean Jaures),72041,N.D.
RATP,19,,,,60979,ROSA PARKS,N.D.,TRAM-TRAIN,50145926,ROSA PARKS,TRAM,24530,Rosa Parks,tram,473484,Rosa Parks,73798,N.D.
RATP,19,,,,60985,ROSA PARKS,N.D.,TRAM-TRAIN,50145932,ROSA PARKS,TRAM,24531,Rosa Parks,tram,473484,Rosa Parks,73798,N.D.
RATP,196,,,,1166832,Gare de Lyon,N.D.,METRO,50026543,GARE DE LYON,METRO,463046,Gare de Lyon,metro,43153,Gare de Lyon,73626,N.D.
RATP,196,,,,1166833,Gare de Lyon,N.D.,METRO,50025877,GARE DE LYON,METRO,21958,Gare de Lyon,metro,43153,Gare de Lyon,73626,N.D.
RATP,196,,,,1955,Gare de Lyon,N.D.,METRO,50026352,GARE DE LYON,METRO,463197,Gare de Lyon,metro,43153,Gare de Lyon,73626,N.D.
RATP,196,,,,2210,Gare de Lyon,N.D.,METRO,50026353,GARE DE LYON,METRO,22083,Gare de Lyon,metro,43153,Gare de Lyon,73626,N.D.
RATP,196,,,,86,Gare de Lyon,N.D.,TRAIN,50159041,GARE DE LYON,RAIL,474062,Gare de Lyon,rail,470195,Gare de Lyon,73626,N.D.
RATP,196,,,,87,Gare de Lyon,N.D.,TRAIN,50159042,GARE DE LYON,RAIL,474065,Gare de Lyon,rail,470195,Gare de Lyon,73626,N.D.
RATP,204,,,,1166840,Saint-Lazare,N.D.,METRO,50026539,Saint-Lazare,METRO,462972,Saint-Lazare,metro,462374,Saint-Lazare,71370,N.D.
RATP,204,,,,1166841,Saint-Lazare,N.D.,METRO,50026712,Saint-Lazare,METRO,21962,Saint-Lazare,metro,462374,Saint-Lazare,71370,N.D.
RATP,204,,,,1722,Saint-Lazare,N.D.,METRO,50025947,Saint-Lazare,METRO,21963,Saint-Lazare,metro,462374,Saint-Lazare,71370,N.D.
RATP,204,,,,1723,Saint-Lazare,N.D.,METRO,50026420,Saint-Lazare,METRO,462969,Saint-Lazare,metro,462374,Saint-Lazare,71370,N.D.
RATP,204,,,,1724,Saint-Lazare,N.D.,METRO,50026083,Saint-Lazare,METRO,22218,Saint-Lazare,metro,462374,Saint-Lazare,71370,N.D.
RATP,204,,,,2467,Saint-Lazare,N.D.,METRO,50025948,Saint-Lazare,METRO,462971,Saint-Lazare,metro,462374,Saint-Lazare,71370,N.D.
RATP,204,,,,2468,Saint-Lazare,N.D.,METRO,50025761,Saint-Lazare,METRO,21964,Saint-Lazare,metro,462374,Saint-Lazare,71370,N.D.
RATP,204,,,,2469,Saint-Lazare,N.D.,METRO,50025774,Saint-Lazare,METRO,462970,Saint-Lazare,metro,462374,Saint-Lazare,71370,N.D.
RATP,215,,,,16667,ISSY - VAL DE SEINE,N.D.,TRAM-TRAIN,50143944,ISSY - VAL DE SEINE,TRAM,25638,Issy - Val de Seine,tram,473392,Issy - Val de Seine,71016,N.D.
RATP,215,,,,49287,ISSY - VAL DE SEINE,N.D.,TRAM-TRAIN,50145463,ISSY - VAL DE SEINE,TRAM,25635,Issy - Val de Seine,tram,473392,Issy - Val de Seine,71016,N.D.
RATP,227,,,,67885,VIROFLAY - RIVE GAUCHE,N.D.,TRAM-TRAIN,50146479,VIROFLAY - RIVE GAUCHE,TRAM,422038,Viroflay - Rive Gauche,tram,473569,Viroflay - Rive Gauche,63923,N.D.
RATP,227,,,,67887,VIROFLAY - RIVE GAUCHE,N.D.,TRAM-TRAIN,50146481,VIROFLAY - RIVE GAUCHE,TRAM,422037,Viroflay - Rive Gauche,tram,473569,Viroflay - Rive Gauche,63923,N.D.
SNCF,237,,,PR/0087-393812-HR,6208,Mareil-Marly,BUS,BUS,50116737,Mareil-Marly,BUS,477167,Mareil-Marly,bus,477159,Mareil-Marly,64480,
RATP,246,,,,1897,INVALIDES,N.D.,METRO,50026261,INVALIDES,METRO,463198,Invalides,metro,43407,Invalides,71274,N.D.
RATP,246,,,,2293,INVALIDES,N.D.,METRO,50026439,INVALIDES,METRO,22185,Invalides,metro,43407,Invalides,71274,N.D.
RATP,246,,,,3343761,INVALIDES,N.D.,METRO,50026188,INVALIDES,METRO,463199,Invalides,metro,43407,Invalides,71274,N.D.
RATP,246,,,,3343762,INVALIDES,N.D.,METRO,50026030,INVALIDES,METRO,22193,Invalides,metro,43407,Invalides,71274,N.D.
RATP,252,,,,75,La Défense,N.D.,TRAIN,50159024,La Défense,RAIL,473936,La Défense,rail,470549,La Défense,71517,N.D.
RATP,252,,,,76,La Défense,N.D.,TRAIN,50159025,La Défense,RAIL,473937,La Défense,rail,470549,La Défense,71517,N.D.
RATP,252,,,,77,La Défense,N.D.,TRAIN,50159026,La Défense,RAIL,473934,La Défense,rail,470549,La Défense,71517,N.D.
RATP,252,,,,78,La Défense,N.D.,TRAIN,50159027,La Défense,RAIL,473935,La Défense,rail,470549,La Défense,71517,N.D.
RATP,252,,,,16679,LA DEFENSE (GRANDE ARCHE),N.D.,TRAM-TRAIN,50143956,LA DEFENSE (GRANDE ARCHE),TRAM,25642,La Défense (Grande Arche),tram,462395,La Défense (Grande Arche),71517,N.D.
RATP,252,,,,60638,LA DEFENSE (GRANDE ARCHE),N.D.,TRAM-TRAIN,50145872,LA DEFENSE (GRANDE ARCHE),TRAM,25641,La Défense (Grande Arche),tram,462395,La Défense (Grande Arche),71517,N.D.
RATP,252,,,,1887,La Défense (Grande Arche),N.D.,METRO,50026871,La Défense (Grande Arche),METRO,463193,La Défense (Grande Arche),metro,470548,La Défense (Grande Arche),71517,N.D.
RATP,252,,,,2283,La Défense (Grande Arche),N.D.,METRO,50026872,La Défense (Grande Arche),METRO,22101,La Défense (Grande Arche),metro,470548,La Défense (Grande Arche),71517,N.D.
SNCF,286,,,PR/0087-382481-HR,6209,St-Nom-la-Bretèche - Forêt de Marly,BUS,BUS,50116738,Saint-Nom-la-Bretèche Forêt de Marly,BUS,481031,Saint-Nom-la-Bretèche Forêt de Marly,bus,473543,Gare de Saint Nom-la-Bretèche,64382,
RATP,316,,,,1166826,Bibliothèque-François Mitterrand,N.D.,METRO,50088166,Bibliothèque-François Mitterrand,METRO,21955,Bibliothèque-François Mitterrand,metro,473111,Bibliothèque François Mitterrand,71572,N.D.
RATP,316,,,,1166827,Bibliothèque-François Mitterrand,N.D.,METRO,50088164,Bibliothèque-François Mitterrand,METRO,463112,Bibliothèque-François Mitterrand,metro,473111,Bibliothèque François Mitterrand,71572,N.D.
SNCF,321,,,PR/0087-366922-HR,6207,Saint-Germain - Bel Air - Fourqueux,BUS,BUS,50116736,Fourqueux - Bel Air,BUS,481032,Fourqueux - Bel Air,bus,473534,Gare du Bel Air,64566,
SNCF,367,,,PR/0087-393280-BV,6006,Gare des Essarts-le-Roi,BUS,BUS,50117714,Les Essarts-le-Roi,BUS,471614,Les Essarts-le-Roi,bus,471615,Les Essarts-le-Roi,63240,
RATP,379,,,,60615,EPINAY-SUR-SEINE - GARE,N.D.,TRAM-TRAIN,50145849,EPINAY-SUR-SEINE - GARE,TRAM,42102,Épinay-sur-Seine - Gare,tram,462330,Épinay-sur-Seine,72383,N.D.
RATP,379,,,,60617,EPINAY-SUR-SEINE - GARE,N.D.,TRAM-TRAIN,50145851,EPINAY-SUR-SEINE - GARE,TRAM,42112,Épinay-sur-Seine - Gare,tram,462330,Épinay-sur-Seine,72383,N.D.
SNCF,385,,,PR/0087-393876-HR,6210,Noisy-le-Roi - Gare Aller,BUS,BUS,50116739,Noisy-le-Roi,BUS,481030,Noisy-le-Roi,bus,473317,Gare de Noisy le Roi (Rue de Verdun),64246,
SNCF,385,,,PR/0087-393876-HR,6211,Noisy-le-Roi - Gare Retour,BUS,BUS,50116740,Noisy-le-Roi,BUS,481029,Noisy-le-Roi,bus,473317,Gare de Noisy le Roi (Rue de Verdun),64246,
RATP,391,,,,63737,LA FRATERNELLE,N.D.,TRAM-TRAIN,50146162,LA FRATERNELLE,TRAM,35942,La Fraternelle,tram,473468,La Fraternelle,69633,N.D.
RATP,391,,,,63755,LA FRATERNELLE,N.D.,TRAM-TRAIN,50146179,LA FRATERNELLE,TRAM,29900,La Fraternelle,tram,473468,La Fraternelle,69633,N.D.
RATP,393,,,,1741,PORTE DE CLICHY,N.D.,METRO,50026610,Porte de Clichy,METRO,22219,Porte de Clichy,metro,473477,Porte de Clichy,71545,N.D.
RATP,393,,,,2419,PORTE DE CLICHY,N.D.,METRO,50026253,Porte de Clichy,METRO,463278,Porte de Clichy,metro,473477,Porte de Clichy,71545,N.D.
RATP,393,,,,9295910,PORTE DE CLICHY,N.D.,METRO,50147723,Porte de Clichy,METRO,480541,Porte de Clichy,metro,473477,Porte de Clichy,71545,N.D.
RATP,393,,,,9295911,PORTE DE CLICHY,N.D.,METRO,50147724,Porte de Clichy,METRO,480531,Porte de Clichy,metro,473477,Porte de Clichy,71545,N.D.
RATP,393,,,,69668,PORTE DE CLICHY - TRIBUNAL DE PARIS,N.D.,TRAM-TRAIN,50147253,PORTE DE CLICHY - TRIBUNAL DE PARIS,TRAM,462441,Porte de Clichy - Tribunal de Paris,tram,473476,Porte de Clichy - Tribunal de Paris,71545,N.D.
RATP,393,,,,69669,PORTE DE CLICHY - TRIBUNAL DE PARIS,N.D.,TRAM-TRAIN,50147254,PORTE DE CLICHY - TRIBUNAL DE PARIS,TRAM,462429,Porte de Clichy - Tribunal de Paris,tram,473476,Porte de Clichy - Tribunal de Paris,71545,N.D.
RATP,428,,,,9195885,SAINT-OUEN,N.D.,METRO,50147712,Saint-Ouen,METRO,480288,Saint-Ouen,metro,480289,Saint-Ouen,72126,N.D.
RATP,428,,,,9195886,SAINT-OUEN,N.D.,METRO,50147711,Saint-Ouen,METRO,480341,Saint-Ouen,metro,480289,Saint-Ouen,72126,N.D.
RATP,464,,,,94,Marne-la-Vallée - Chessy,N.D.,TRAIN,50159043,Marne-la-Vallée - Chessy,RAIL,474064,Marne-la-Vallée - Chessy,rail,43239,Marne-la-Vallée Chessy,68385,N.D.
RATP,464,,,,95,Marne-la-Vallée - Chessy,N.D.,TRAIN,50159044,Marne-la-Vallée - Chessy,RAIL,474059,Marne-la-Vallée - Chessy,rail,43239,Marne-la-Vallée Chessy,68385,N.D.
RATP,475,,,,60600,VILLETANEUSE-UNIVERSITE,N.D.,TRAM-TRAIN,50145835,VILLETANEUSE-UNIVERSITE,TRAM,42127,Villetaneuse - Université,tram,462926,Villetaneuse Université,72396,N.D.
RATP,475,,,,65609,VILLETANEUSE-UNIVERSITE,N.D.,TRAM-TRAIN,50146341,VILLETANEUSE-UNIVERSITE,TRAM,42129,Villetaneuse - Université,tram,462926,Villetaneuse Université,72396,N.D.
RATP,532,,,,1166830,Bercy,N.D.,METRO,50026882,Bercy,METRO,463129,Bercy,metro,58728,Bercy,71607,N.D.
RATP,532,,,,1166831,Bercy,N.D.,METRO,50026883,Bercy,METRO,21957,Bercy,metro,58728,Bercy,71607,N.D.
RATP,532,,,,2068,Bercy,N.D.,METRO,50026306,Bercy,METRO,463128,Bercy,metro,58728,Bercy,71607,N.D.
RATP,532,,,,2117,Bercy,N.D.,METRO,50026998,Bercy,METRO,22178,Bercy,metro,58728,Bercy,71607,N.D.
RATP,544,,,,1644,Quai de la Gare,N.D.,METRO,50026304,Quai de la Gare,METRO,463288,Quai de la Gare,metro,44582,Quai de la Gare,71597,N.D.
RATP,544,,,,2524,Quai de la Gare,N.D.,METRO,50026120,Quai de la Gare,METRO,22161,Quai de la Gare,metro,44582,Quai de la Gare,71597,N.D.
RATP,545,,,,63741,AEROPORT D'ORLY,N.D.,TRAM-TRAIN,50146166,AEROPORT D'ORLY,TRAM,29894,Aéroport d'Orly,tram,462747,Aéroport Orly 4 (Terminal Sud),63278,N.D.
RATP,545,,,,63759,AEROPORT D'ORLY,N.D.,TRAM-TRAIN,50146183,AEROPORT D'ORLY,TRAM,35927,Aéroport d'Orly,tram,462747,Aéroport Orly 4 (Terminal Sud),63278,N.D.
RATP,545,,,,22793,Orly 4,N.D.,TRAIN,50147183,Orly 4,RAIL,474424,Orly 4,rail,473873,Aéroport Orly 4 (Terminal Sud),63278,N.D.
RATP,545,,,,22794,Orly 4,N.D.,TRAIN,50147182,Orly 4,RAIL,473828,Orly 4,rail,473873,Aéroport Orly 4 (Terminal Sud),63278,N.D.
RATP,546,,,,22791,Orly 1-2-3,N.D.,TRAIN,50147180,Orly 1-2-3,RAIL,473827,Orly 1-2-3,rail,42164,Aéroport Orly 1-2-3,63284,N.D.
RATP,546,,,,22792,Orly 1-2-3,N.D.,TRAIN,50147181,Orly 1-2-3,RAIL,473827,Orly 1-2-3,rail,42164,Aéroport Orly 1-2-3,63284,N.D.
RATP,568,,,,1746,Porte de Pantin,N.D.,METRO,50026470,Porte de Pantin,METRO,22003,Porte de Pantin,metro,44521,Porte de Pantin,71989,N.D.
RATP,568,,,,2424,Porte de Pantin,N.D.,METRO,50026827,Porte de Pantin,METRO,463280,Porte de Pantin,metro,44521,Porte de Pantin,71989,N.D.
RATP,568,,,,60974,PORTE DE PANTIN - PARC DE LA VILLETTE,N.D.,TRAM-TRAIN,50145921,PORTE DE PANTIN - PARC DE LA VILLETTE,TRAM,24423,Porte de Pantin - Parc de la Villette,tram,473687,Porte de Pantin - Parc de la Villette,71989,N.D.
RATP,568,,,,60990,PORTE DE PANTIN - PARC DE LA VILLETTE,N.D.,TRAM-TRAIN,50145937,PORTE DE PANTIN - PARC DE LA VILLETTE,TRAM,24403,Porte de Pantin - Parc de la Villette,tram,473687,Porte de Pantin - Parc de la Villette,71989,N.D.
RATP,569,,,,15598,ESCADRILLE NORMANDIE-NIEMEN,N.D.,TRAM-TRAIN,50143510,ESCADRILLE NORMANDIE-NIEMEN,TRAM,22626,Escadrille Normandie-Niemen,tram,47347,Escadrille Normandie - Niémen,72517,N.D.
RATP,569,,,,15631,ESCADRILLE NORMANDIE-NIEMEN,N.D.,TRAM-TRAIN,50143541,ESCADRILLE NORMANDIE-NIEMEN,TRAM,22627,Escadrille Normandie-Niemen,tram,47347,Escadrille Normandie - Niémen,72517,N.D.
RATP,578,,,,1647,République,N.D.,METRO,50026677,République,METRO,21918,République,metro,44617,République,71311,N.D.
RATP,578,,,,1766,République,N.D.,METRO,50026632,République,METRO,462946,République,metro,44617,République,71311,N.D.
RATP,578,,,,1767,République,N.D.,METRO,50026473,République,METRO,21903,République,metro,44617,République,71311,N.D.
RATP,578,,,,2376,République,N.D.,METRO,50026280,République,METRO,21902,République,metro,44617,République,71311,N.D.
RATP,578,,,,2377,République,N.D.,METRO,50025806,République,METRO,462961,République,metro,44617,République,71311,N.D.
RATP,578,,,,2527,République,N.D.,METRO,50027018,République,METRO,462963,République,metro,44617,République,71311,N.D.
RATP,578,,,,3343777,République,N.D.,METRO,50026025,République,METRO,462962,République,metro,44617,République,71311,N.D.
RATP,578,,,,3343778,République,N.D.,METRO,50026717,République,METRO,22199,République,metro,44617,République,71311,N.D.
RATP,578,,,,967988,République,N.D.,METRO,50025749,République,METRO,21937,République,metro,44617,République,71311,N.D.
RATP,578,,,,967989,République,N.D.,METRO,50026065,République,METRO,462960,République,metro,44617,République,71311,N.D.
RATP,579,,,,1737,Porte de Bagnolet,N.D.,METRO,50026811,PORTE DE BAGNOLET,METRO,463276,Porte de Bagnolet,metro,44510,Porte de Bagnolet,71799,N.D.
RATP,579,,,,2415,Porte de Bagnolet,N.D.,METRO,50026812,PORTE DE BAGNOLET,METRO,22022,Porte de Bagnolet,metro,44510,Porte de Bagnolet,71799,N.D.
RATP,579,,,,60952,Porte de Bagnolet,N.D.,TRAM-TRAIN,50145915,PORTE DE BAGNOLET,TRAM,24414,Porte de Bagnolet,tram,473453,Porte de Bagnolet,71799,N.D.
RATP,579,,,,60998,Porte de Bagnolet,N.D.,TRAM-TRAIN,50145943,PORTE DE BAGNOLET,TRAM,24419,Porte de Bagnolet,tram,473453,Porte de Bagnolet,71799,N.D.
RATP,580,,,,32601,Balard,N.D.,TRAM-TRAIN,50144911,Balard,TRAM,24103,Balard,tram,45357,Balard,71073,N.D.
RATP,580,,,,32632,Balard,N.D.,TRAM-TRAIN,50144942,Balard,TRAM,24108,Balard,tram,45357,Balard,71073,N.D.
RATP,580,,,,3343334,Balard,N.D.,METRO,50025887,Balard,METRO,22186,Balard,metro,463354,Balard,71073,N.D.
RATP,580,,,,3343335,Balard,N.D.,METRO,50026376,Balard,METRO,463051,Balard,metro,463354,Balard,71073,N.D.
RATP,587,,,,61030,MARYSE BASTIE,N.D.,TRAM-TRAIN,50145949,MARYSE BASTIE,TRAM,24124,Maryse Bastié,tram,58493,Maryse Bastié,73623,N.D.
RATP,587,,,,61044,MARYSE BASTIE,N.D.,TRAM-TRAIN,50145963,MARYSE BASTIE,TRAM,24141,Maryse Bastié,tram,58493,Maryse Bastié,73623,N.D.
RATP,589,,,,1884,Marcel Sembat,N.D.,METRO,50026728,MARCEL SEMBAT,METRO,462914,Marcel Sembat,metro,47021,Marcel Sembat,71054,N.D.
RATP,589,,,,2280,Marcel Sembat,N.D.,METRO,50025717,MARCEL SEMBAT,METRO,21940,Marcel Sembat,metro,47021,Marcel Sembat,71054,N.D.
RATP,594,,,,1744,Porte de la Villette,N.D.,METRO,50026500,Porte de la Villette,METRO,463007,Porte de la Villette,metro,473461,Porte de La Villette,72430,N.D.
RATP,594,,,,2422,Porte de la Villette,N.D.,METRO,50025832,Porte de la Villette,METRO,22374,Porte de la Villette,metro,473461,Porte de La Villette,72430,N.D.
RATP,594,,,,60977,PORTE DE LA VILLETTE - CITE DES SCIENCES ET DE L'INDUSTRIE,N.D.,TRAM-TRAIN,50145924,PORTE DE LA VILLETTE - CITE DES SCIENCES ET DE L'INDUSTRIE,TRAM,24399,Porte de la Villette - Cité des Sciences et de l'Industrie,tram,44518,Porte de La Villette,72430,N.D.
RATP,594,,,,60987,PORTE DE LA VILLETTE - CITE DES SCIENCES ET DE L'INDUSTRIE,N.D.,TRAM-TRAIN,50145934,PORTE DE LA VILLETTE - CITE DES SCIENCES ET DE L'INDUSTRIE,TRAM,29379,Porte de la Villette - Cité des Sciences et de l'Industrie,tram,44518,Porte de La Villette,72430,N.D.
RATP,599,,,,1743,Porte de la Chapelle,N.D.,METRO,50026943,PORTE DE LA CHAPELLE,METRO,22041,Porte de la Chapelle,metro,473459,Porte de La Chapelle,72064,N.D.
RATP,599,,,,2421,Porte de la Chapelle,N.D.,METRO,50026774,PORTE DE LA CHAPELLE,METRO,463281,Porte de la Chapelle,metro,473459,Porte de La Chapelle,72064,N.D.
RATP,599,,,,60982,Porte de la Chapelle,N.D.,TRAM-TRAIN,50145929,PORTE DE LA CHAPELLE,TRAM,412987,Porte de la Chapelle,tram,44517,Porte de La Chapelle,72064,N.D.
RATP,599,,,,61009,Porte de la Chapelle,N.D.,TRAM-TRAIN,50145946,PORTE DE LA CHAPELLE,TRAM,412988,Porte de la Chapelle,tram,44517,Porte de La Chapelle,72064,N.D.
RATP,600,,,,1717,SAINT-DENIS - PORTE DE PARIS,N.D.,METRO,50104295,Saint-Denis - Porte de Paris,METRO,22241,Saint-Denis - Porte de Paris,metro,473458,Saint-Denis Porte de Paris,72285,N.D.
RATP,600,,,,2462,SAINT-DENIS - PORTE DE PARIS,N.D.,METRO,50104296,Saint-Denis - Porte de Paris,METRO,463301,Saint-Denis - Porte de Paris,metro,473458,Saint-Denis Porte de Paris,72285,N.D.
RATP,600,,,,60592,SAINT-DENIS - PORTE DE PARIS,N.D.,TRAM-TRAIN,50145827,Saint-Denis - Porte de Paris,TRAM,42120,Saint-Denis - Porte de Paris,tram,44861,Saint-Denis Porte de Paris,72285,N.D.
RATP,600,,,,65611,SAINT-DENIS - PORTE DE PARIS,N.D.,TRAM-TRAIN,50146343,Saint-Denis - Porte de Paris,TRAM,42123,Saint-Denis - Porte de Paris,tram,44861,Saint-Denis Porte de Paris,72285,N.D.
RATP,602,,,,2062,Bastille,N.D.,METRO,50026532,Bastille,METRO,22089,Bastille,metro,42288,Bastille,463564,N.D.
RATP,602,,,,2063,Bastille,N.D.,METRO,50026987,Bastille,METRO,463018,Bastille,metro,42288,Bastille,463564,N.D.
RATP,602,,,,2111,Bastille,N.D.,METRO,50027045,Bastille,METRO,463019,Bastille,metro,42288,Bastille,463564,N.D.
RATP,602,,,,2112,Bastille,N.D.,METRO,50025805,Bastille,METRO,22010,Bastille,metro,42288,Bastille,463564,N.D.
RATP,602,,,,3343785,Bastille,N.D.,METRO,50026180,Bastille,METRO,22097,Bastille,metro,42288,Bastille,463564,N.D.
RATP,602,,,,3343786,Bastille,N.D.,METRO,50026024,Bastille,METRO,463000,Bastille,metro,42288,Bastille,463564,N.D.
RATP,603,,,,1648,Place d'Italie,N.D.,METRO,50027007,Place d'Italie,METRO,22365,Place d'Italie,metro,44371,Place d'Italie,71033,N.D.
RATP,603,,,,1793,Place d'Italie,N.D.,METRO,50025967,Place d'Italie,METRO,463025,Place d'Italie,metro,44371,Place d'Italie,71033,N.D.
RATP,603,,,,1794,Place d'Italie,N.D.,METRO,50025819,Place d'Italie,METRO,463003,Place d'Italie,metro,44371,Place d'Italie,71033,N.D.
RATP,603,,,,2403,Place d'Italie,N.D.,METRO,50025814,Place d'Italie,METRO,22006,Place d'Italie,metro,44371,Place d'Italie,71033,N.D.
RATP,603,,,,2404,Place d'Italie,N.D.,METRO,50025820,Place d'Italie,METRO,22168,Place d'Italie,metro,44371,Place d'Italie,71033,N.D.
RATP,603,,,,2528,Place d'Italie,N.D.,METRO,50026842,Place d'Italie,METRO,463026,Place d'Italie,metro,44371,Place d'Italie,71033,N.D.
RATP,604,,,,1166834,Châtelet,N.D.,METRO,50026541,Châtelet,METRO,21959,Châtelet,metro,42587,Châtelet,71264,N.D.
RATP,604,,,,1166835,Châtelet,N.D.,METRO,50026540,Châtelet,METRO,463159,Châtelet,metro,42587,Châtelet,71264,N.D.
RATP,604,,,,1964,Châtelet,N.D.,METRO,50026817,Châtelet,METRO,22092,Châtelet,metro,42587,Châtelet,71264,N.D.
RATP,604,,,,1965,Châtelet,N.D.,METRO,50025920,Châtelet,METRO,21966,Châtelet,metro,42587,Châtelet,71264,N.D.
RATP,604,,,,1966,Châtelet,N.D.,METRO,50026501,Châtelet,METRO,463060,Châtelet,metro,42587,Châtelet,71264,N.D.
RATP,604,,,,2036,Châtelet,N.D.,METRO,50026174,Châtelet,METRO,463160,Châtelet,metro,42587,Châtelet,71264,N.D.
RATP,604,,,,2155,Châtelet,N.D.,METRO,50026016,Châtelet,METRO,22087,Châtelet,metro,42587,Châtelet,71264,N.D.
RATP,604,,,,2219,Châtelet,N.D.,METRO,50026977,Châtelet,METRO,463158,Châtelet,metro,42587,Châtelet,71264,N.D.
RATP,604,,,,2220,Châtelet,N.D.,METRO,50026066,Châtelet,METRO,463079,Châtelet,metro,42587,Châtelet,71264,N.D.
RATP,604,,,,2221,Châtelet,N.D.,METRO,50025983,Châtelet,METRO,22364,Châtelet,metro,42587,Châtelet,71264,N.D.
RATP,614,,,,1750,Porte de Versailles,N.D.,METRO,50026772,Porte de Versailles,METRO,22042,Porte de Versailles,metro,49515,Porte de Versailles,71045,N.D.
RATP,614,,,,2428,Porte de Versailles,N.D.,METRO,50026771,Porte de Versailles,METRO,463261,Porte de Versailles,metro,49515,Porte de Versailles,71045,N.D.
RATP,614,,,,32603,PORTE DE VERSAILLES - PARC DES EXPOSITIONS,N.D.,TRAM-TRAIN,50144913,PORTE DE VERSAILLES - PARC DES EXPOSITIONS,TRAM,24114,Porte de Versailles - Parc des Expositions,tram,473705,Porte de Versailles - Parc des Expositions,71045,N.D.
RATP,614,,,,32630,PORTE DE VERSAILLES - PARC DES EXPOSITIONS,N.D.,TRAM-TRAIN,50144940,PORTE DE VERSAILLES - PARC DES EXPOSITIONS,TRAM,24111,Porte de Versailles - Parc des Expositions,tram,473705,Porte de Versailles - Parc des Expositions,71045,N.D.
RATP,614,,,,49281,PORTE DE VERSAILLES (PARC DES EXPOSITIONS),N.D.,TRAM-TRAIN,50145457,PORTE DE VERSAILLES (PARC DES EXPOSITIONS),TRAM,25631,Porte de Versailles,tram,473705,Porte de Versailles - Parc des Expositions,71045,N.D.
RATP,614,,,,61870,PORTE DE VERSAILLES (PARC DES EXPOSITIONS),N.D.,TRAM-TRAIN,50146021,PORTE DE VERSAILLES (PARC DES EXPOSITIONS),TRAM,25633,Porte de Versailles,tram,473705,Porte de Versailles - Parc des Expositions,71045,N.D.
RATP,629,,,,69665,PORTE D'ASNIERES - MARGUERITE LONG,N.D.,TRAM-TRAIN,50147251,PORTE D'ASNIERES - MARGUERITE LONG,TRAM,462430,Porte d'Asnières - Marguerite Long,tram,45496,Porte d'Asnières - Marguerite Long,71505,N.D.
RATP,629,,,,69667,PORTE D'ASNIERES - MARGUERITE LONG,N.D.,TRAM-TRAIN,50148915,PORTE D'ASNIERES - MARGUERITE LONG,TRAM,462440,Porte d'Asnières - Marguerite Long,tram,45496,Porte d'Asnières - Marguerite Long,71505,N.D.
RATP,63,,,,1957,Gare du Nord,N.D.,METRO,50026298,Gare du Nord,METRO,22149,Gare du Nord,metro,462941,Gare du Nord,71410,N.D.
RATP,63,,,,1958,Gare du Nord,N.D.,METRO,50026301,Gare du Nord,METRO,22007,Gare du Nord,metro,462941,Gare du Nord,71410,N.D.
RATP,63,,,,2212,Gare du Nord,N.D.,METRO,50026644,Gare du Nord,METRO,463183,Gare du Nord,metro,462941,Gare du Nord,71410,N.D.
RATP,63,,,,2213,Gare du Nord,N.D.,METRO,50026990,Gare du Nord,METRO,463182,Gare du Nord,metro,462941,Gare du Nord,71410,N.D.
RATP,633,,,,60614,Gilbert Bonnemaison,N.D.,TRAM-TRAIN,50145848,GILBERT BONNEMAISON,TRAM,42111,Gilbert Bonnemaison,tram,59249,Gilbert Bonnemaison,72381,N.D.
RATP,633,,,,60618,Gilbert Bonnemaison,N.D.,TRAM-TRAIN,50145852,GILBERT BONNEMAISON,TRAM,42113,Gilbert Bonnemaison,tram,59249,Gilbert Bonnemaison,72381,N.D.
RATP,659,,,,2037,Abbesses,N.D.,METRO,50026424,Abbesses,METRO,22059,Abbesses,metro,42155,Abbesses,71432,N.D.
RATP,659,,,,2156,Abbesses,N.D.,METRO,50026945,Abbesses,METRO,463116,Abbesses,metro,42155,Abbesses,71432,N.D.
RATP,660,,,,2046,Anvers,N.D.,METRO,50026445,Anvers,METRO,22123,Anvers,metro,42210,Anvers,71419,N.D.
RATP,660,,,,2096,Anvers,N.D.,METRO,50026617,Anvers,METRO,463120,Anvers,metro,42210,Anvers,71419,N.D.
RATP,661,,,,1993,Croix-de-Chavaux (Jacques Duclos),N.D.,METRO,50026567,Croix-de-Chavaux (Jacques Duclos),METRO,21943,Croix-de-Chavaux (Jacques Duclos),metro,42789,Croix de Chavaux,71756,N.D.
RATP,661,,,,2183,Croix-de-Chavaux (Jacques Duclos),N.D.,METRO,50026568,Croix-de-Chavaux (Jacques Duclos),METRO,463176,Croix-de-Chavaux (Jacques Duclos),metro,42789,Croix de Chavaux,71756,N.D.
RATP,662,,,,15604,DANTON,N.D.,TRAM-TRAIN,50143516,DANTON,TRAM,23302,Danton,tram,46115,Danton,73693,N.D.
RATP,662,,,,15625,DANTON,N.D.,TRAM-TRAIN,50143535,DANTON,TRAM,24427,Danton,tram,46115,Danton,73693,N.D.
RATP,663,,,,1635,Danube,N.D.,METRO,50025840,Danube,METRO,24687,Danube,metro,42822,Danube,71930,N.D.
RATP,664,,,,2081,Daumesnil (Félix Eboué),N.D.,METRO,50026838,Daumesnil (Félix Eboué),METRO,463169,Daumesnil (Félix Eboué),metro,45229,Daumesnil,71614,N.D.
RATP,664,,,,2094,Daumesnil (Félix Eboué),N.D.,METRO,50026121,Daumesnil (Félix Eboué),METRO,22181,Daumesnil (Félix Eboué),metro,45229,Daumesnil,71614,N.D.
RATP,664,,,,3343795,Daumesnil (Félix Eboué),N.D.,METRO,50026029,Daumesnil (Félix Eboué),METRO,463168,Daumesnil (Félix Eboué),metro,45229,Daumesnil,71614,N.D.
RATP,664,,,,3343796,Daumesnil (Félix Eboué),N.D.,METRO,50026374,Daumesnil (Félix Eboué),METRO,22184,Daumesnil (Félix Eboué),metro,45229,Daumesnil,71614,N.D.
RATP,665,,,,60596,DELAUNAY-BELLEVILLE,N.D.,TRAM-TRAIN,50145831,DELAUNAY-BELLEVILLE,TRAM,42117,Delaunay-Belleville,tram,59326,Delaunay - Belleville,74368,N.D.
RATP,665,,,,60604,DELAUNAY-BELLEVILLE,N.D.,TRAM-TRAIN,50145839,DELAUNAY-BELLEVILLE,TRAM,42125,Delaunay-Belleville,tram,59326,Delaunay - Belleville,74368,N.D.
RATP,666,,,,60975,DELPHINE SEYRIG,N.D.,TRAM-TRAIN,50145922,DELPHINE SEYRIG,TRAM,460562,Delphine Seyrig,tram,58500,Delphine Seyrig,73800,N.D.
RATP,666,,,,60989,DELPHINE SEYRIG,N.D.,TRAM-TRAIN,50145936,DELPHINE SEYRIG,TRAM,24533,Delphine Seyrig,tram,58500,Delphine Seyrig,73800,N.D.
RATP,667,,,,32602,DESNOUETTES,N.D.,TRAM-TRAIN,50144912,DESNOUETTES,TRAM,24101,Desnouettes,tram,42844,Desnouettes,71055,N.D.
RATP,667,,,,32631,DESNOUETTES,N.D.,TRAM-TRAIN,50144941,DESNOUETTES,TRAM,24116,Desnouettes,tram,42844,Desnouettes,71055,N.D.
RATP,668,,,,65577,DEWOITINE,N.D.,TRAM-TRAIN,50146314,Dewoitine,TRAM,2335,Dewoitine,tram,42846,Dewoitine,416744,N.D.
RATP,668,,,,65595,DEWOITINE,N.D.,TRAM-TRAIN,50146332,Dewoitine,TRAM,2328,Dewoitine,tram,42846,Dewoitine,416744,N.D.
RATP,669,,,,32607,DIDOT,N.D.,TRAM-TRAIN,50144917,DIDOT,TRAM,24105,Didot,tram,42847,Didot,70983,N.D.
RATP,669,,,,32626,DIDOT,N.D.,TRAM-TRAIN,50144936,DIDOT,TRAM,24130,Didot,tram,42847,Didot,70983,N.D.
RATP,670,,,,65568,DIVISION LECLERC,N.D.,TRAM-TRAIN,50146305,Division Leclerc,TRAM,41856,Division Leclerc,tram,479057,Division Leclerc,70222,N.D.
RATP,670,,,,65586,DIVISION LECLERC,N.D.,TRAM-TRAIN,50146323,Division Leclerc,TRAM,41855,Division Leclerc,tram,479057,Division Leclerc,70222,N.D.
RATP,671,,,,2048,Argentine,N.D.,METRO,50026878,Argentine,METRO,22088,Argentine,metro,42213,Argentine,71348,N.D.
RATP,671,,,,2098,Argentine,N.D.,METRO,50026535,Argentine,METRO,463121,Argentine,metro,42213,Argentine,71348,N.D.
RATP,672,,,,63727,DOMAINE CHERIOUX,N.D.,TRAM-TRAIN,50146152,DOMAINE CHERIOUX,TRAM,29896,Domaine Chérioux,tram,42882,Domaine Chérioux,70022,N.D.
RATP,672,,,,63745,DOMAINE CHERIOUX,N.D.,TRAM-TRAIN,50146169,DOMAINE CHERIOUX,TRAM,29895,Domaine Chérioux,tram,42882,Domaine Chérioux,70022,N.D.
RATP,673,,,,15601,DRANCY - AVENIR,N.D.,TRAM-TRAIN,50143513,DRANCY - AVENIR,TRAM,23306,Drancy - Avenir,tram,42866,Drancy - Avenir,72549,N.D.
RATP,673,,,,15628,DRANCY - AVENIR,N.D.,TRAM-TRAIN,50143538,DRANCY - AVENIR,TRAM,24424,Drancy - Avenir,tram,42866,Drancy - Avenir,72549,N.D.
RATP,674,,,,2082,Dugommier,N.D.,METRO,50026486,Dugommier,METRO,463075,Dugommier,metro,42869,Dugommier,71606,N.D.
RATP,674,,,,2543,Dugommier,N.D.,METRO,50025969,Dugommier,METRO,22182,Dugommier,metro,42869,Dugommier,71606,N.D.
RATP,675,,,,1926,Dupleix,N.D.,METRO,50025972,DUPLEIX,METRO,22171,Dupleix,metro,42871,Dupleix,71197,N.D.
RATP,675,,,,2251,Dupleix,N.D.,METRO,50026996,DUPLEIX,METRO,463099,Dupleix,metro,42871,Dupleix,71197,N.D.
RATP,676,,,,1927,Duroc,N.D.,METRO,50026225,DUROC,METRO,463084,Duroc,metro,42874,Duroc,71159,N.D.
RATP,676,,,,1928,Duroc,N.D.,METRO,50025933,DUROC,METRO,22229,Duroc,metro,42874,Duroc,71159,N.D.
RATP,676,,,,2252,Duroc,N.D.,METRO,50026224,DUROC,METRO,21970,Duroc,metro,42874,Duroc,71159,N.D.
RATP,676,,,,2253,Duroc,N.D.,METRO,50026436,DUROC,METRO,463083,Duroc,metro,42874,Duroc,71159,N.D.
RATP,677,,,,3343757,Ecole Militaire,N.D.,METRO,50026028,ECOLE MILITAIRE,METRO,463177,Ecole Militaire,metro,42885,École Militaire,71224,N.D.
RATP,677,,,,3343758,Ecole Militaire,N.D.,METRO,50026556,ECOLE MILITAIRE,METRO,22191,Ecole Militaire,metro,42885,École Militaire,71224,N.D.
SNCF,678,,,,5012,ECOLE VETERINAIRE ALFORTVILLE,BUS,BUS,50117336,Ecole Vétérinaire de Maisons-Alfort,BUS,477127,Ecole Vétérinaire de Maisons-Alfort,bus,58625,Bouley - Ecole Vétérinaire,70522,
SNCF,678,,,,5013,ECOLE VETERINAIRE ALFORTVILLE,BUS,BUS,50117371,Ecole Vétérinaire de Maisons-Alfort,BUS,477154,Ecole Vétérinaire de Maisons-Alfort,bus,58625,Bouley - Ecole Vétérinaire,70522,
RATP,678,,,,3343807,Ecole Vétérinaire de Maisons-Alfort,N.D.,METRO,50025882,Ecole Vétérinaire de Maisons-Alfort,METRO,22214,Ecole Vétérinaire de Maisons-Alfort,metro,42889,École Vétérinaire de Maisons-Alfort,70522,N.D.
RATP,678,,,,3343808,Ecole Vétérinaire de Maisons-Alfort,N.D.,METRO,50026557,Ecole Vétérinaire de Maisons-Alfort,METRO,463047,Ecole Vétérinaire de Maisons-Alfort,metro,42889,École Vétérinaire de Maisons-Alfort,70522,N.D.
RATP,679,,,,1930,Edgar-Quinet,N.D.,METRO,50025973,Edgar-Quinet,METRO,22172,Edgar-Quinet,metro,45313,Edgar Quinet,71108,N.D.
RATP,679,,,,2255,Edgar-Quinet,N.D.,METRO,50026999,Edgar-Quinet,METRO,463100,Edgar-Quinet,metro,45313,Edgar Quinet,71108,N.D.
RATP,680,,,,2256,Eglise d'Auteuil,N.D.,METRO,50026223,EGLISE D'AUTEUIL,METRO,21971,Eglise d'Auteuil,metro,42947,Église d'Auteuil,71166,N.D.
RATP,681,,,,1932,Eglise de Pantin,N.D.,METRO,50026829,Eglise de Pantin,METRO,463178,Eglise de Pantin,metro,42949,Église de Pantin,72024,N.D.
RATP,681,,,,2257,Eglise de Pantin,N.D.,METRO,50026300,Eglise de Pantin,METRO,22016,Eglise de Pantin,metro,42949,Église de Pantin,72024,N.D.
RATP,682,,,,2050,Arts-et-Métiers,N.D.,METRO,50026634,Arts-et-Métiers,METRO,463122,Arts-et-Métiers,metro,42230,Arts et Métiers,71293,N.D.
RATP,682,,,,2051,Arts-et-Métiers,N.D.,METRO,50026410,Arts-et-Métiers,METRO,463108,Arts-et-Métiers,metro,42230,Arts et Métiers,71293,N.D.
RATP,682,,,,2099,Arts-et-Métiers,N.D.,METRO,50026284,Arts-et-Métiers,METRO,21994,Arts-et-Métiers,metro,42230,Arts et Métiers,71293,N.D.
RATP,682,,,,2100,Arts-et-Métiers,N.D.,METRO,50026236,Arts-et-Métiers,METRO,21997,Arts-et-Métiers,metro,42230,Arts et Métiers,71293,N.D.
RATP,683,,,,60976,ELLA FITZGERALD - GRANDS MOULINS DE PANTIN,N.D.,TRAM-TRAIN,50145923,ELLA FITZGERALD - GRANDS MOULINS DE PANTIN,TRAM,24398,Ella Fitzgerald - Grands Moulins de Pantin,tram,58499,Ella Fitzgerald,73799,N.D.
RATP,683,,,,60988,ELLA FITZGERALD - GRANDS MOULINS DE PANTIN,N.D.,TRAM-TRAIN,50145935,ELLA FITZGERALD - GRANDS MOULINS DE PANTIN,TRAM,24417,Ella Fitzgerald - Grands Moulins de Pantin,tram,58499,Ella Fitzgerald,73799,N.D.
RATP,684,,,,60616,EPINAY - ORGEMONT,N.D.,TRAM-TRAIN,50145850,EPINAY - ORGEMONT,TRAM,42101,Épinay - Orgemont,tram,50483,Épinay - Orgemont,72382,N.D.
RATP,684,,,,65610,EPINAY - ORGEMONT,N.D.,TRAM-TRAIN,50146342,EPINAY - ORGEMONT,TRAM,42109,Épinay - Orgemont,tram,50483,Épinay - Orgemont,72382,N.D.
RATP,685,,,,1933,Esplanade de la Défense,N.D.,METRO,50026017,Esplanade de la Défense,METRO,22102,Esplanade de la Défense,metro,42962,Esplanade de La Défense,71485,N.D.
RATP,685,,,,2258,Esplanade de la Défense,N.D.,METRO,50026355,Esplanade de la Défense,METRO,463170,Esplanade de la Défense,metro,42962,Esplanade de La Défense,71485,N.D.
RATP,686,,,,1934,Etienne Marcel,N.D.,METRO,50026979,Etienne Marcel,METRO,463171,Etienne Marcel,metro,44970,Étienne Marcel,479068,N.D.
RATP,686,,,,2259,Etienne Marcel,N.D.,METRO,50026289,Etienne Marcel,METRO,22147,Etienne Marcel,metro,44970,Étienne Marcel,479068,N.D.
RATP,687,,,,1935,Europe,N.D.,METRO,50025944,EUROPE,METRO,22032,Europe,metro,42972,Europe,73617,N.D.
RATP,687,,,,2260,Europe,N.D.,METRO,50026805,EUROPE,METRO,463069,Europe,metro,42972,Europe,73617,N.D.
RATP,688,,,,1936,Exelmans,N.D.,METRO,50025719,Exelmans,METRO,21930,Exelmans,metro,42977,Exelmans,71124,N.D.
RATP,688,,,,2261,Exelmans,N.D.,METRO,50026199,Exelmans,METRO,462956,Exelmans,metro,42977,Exelmans,71124,N.D.
RATP,689,,,,3343789,Faidherbe-Chaligny,N.D.,METRO,50026377,Faidherbe-Chaligny,METRO,463172,Faidherbe-Chaligny,metro,42980,Faidherbe Chaligny,74001,N.D.
RATP,689,,,,3343790,Faidherbe-Chaligny,N.D.,METRO,50026559,Faidherbe-Chaligny,METRO,22204,Faidherbe-Chaligny,metro,42980,Faidherbe Chaligny,74001,N.D.
RATP,690,,,,1938,Falguière,N.D.,METRO,50026601,Falguière,METRO,22056,Falguière,metro,42981,Falguière,73641,N.D.
RATP,690,,,,2263,Falguière,N.D.,METRO,50026070,Falguière,METRO,463173,Falguière,metro,42981,Falguière,73641,N.D.
RATP,691,,,,1718,SAINT-FARGEAU,N.D.,METRO,50026103,Saint-Fargeau,METRO,463071,Saint-Fargeau,metro,44864,Saint-Fargeau,71860,N.D.
RATP,691,,,,2463,SAINT-FARGEAU,N.D.,METRO,50025954,Saint-Fargeau,METRO,21946,Saint-Fargeau,metro,44864,Saint-Fargeau,71860,N.D.
RATP,692,,,,60624,FAUBOURG DE L'ARCHE,N.D.,TRAM-TRAIN,50145858,FAUBOURG DE L'ARCHE,TRAM,24432,Faubourg de l'Arche,tram,479058,Faubourg de l'Arche,72063,N.D.
RATP,692,,,,60637,FAUBOURG DE L'ARCHE,N.D.,TRAM-TRAIN,50145871,FAUBOURG DE L'ARCHE,TRAM,23433,Faubourg de l'Arche,tram,479058,Faubourg de l'Arche,72063,N.D.
RATP,693,,,,3343746,Félix Faure,N.D.,METRO,50027057,Félix Faure,METRO,22189,Félix Faure,metro,42984,Félix Faure,71137,N.D.
RATP,693,,,,3343752,Félix Faure,N.D.,METRO,50027058,Félix Faure,METRO,463163,Félix Faure,metro,42984,Félix Faure,71137,N.D.
RATP,694,,,,3343779,Filles du Calvaire,N.D.,METRO,50025884,Filles du Calvaire,METRO,463048,Filles du Calvaire,metro,58727,Filles du Calvaire,71277,N.D.
RATP,694,,,,3343780,Filles du Calvaire,N.D.,METRO,50027067,Filles du Calvaire,METRO,22200,Filles du Calvaire,metro,58727,Filles du Calvaire,71277,N.D.
RATP,695,,,,1944,Fort d'Aubervilliers,N.D.,METRO,50026322,Fort d'Aubervilliers,METRO,22393,Fort d'Aubervilliers,metro,47891,Fort d'Aubervilliers,73695,N.D.
RATP,695,,,,2199,Fort d'Aubervilliers,N.D.,METRO,50026143,Fort d'Aubervilliers,METRO,463179,Fort d'Aubervilliers,metro,47891,Fort d'Aubervilliers,73695,N.D.
RATP,696,,,,1945,Franklin-Roosevelt,N.D.,METRO,50026357,Franklin-Roosevelt,METRO,463181,Franklin-Roosevelt,metro,43026,Franklin D. Roosevelt,71318,N.D.
RATP,696,,,,1946,Franklin-Roosevelt,N.D.,METRO,50026038,Franklin-Roosevelt,METRO,463180,Franklin-Roosevelt,metro,43026,Franklin D. Roosevelt,71318,N.D.
RATP,696,,,,2200,Franklin-Roosevelt,N.D.,METRO,50026707,Franklin-Roosevelt,METRO,22082,Franklin-Roosevelt,metro,43026,Franklin D. Roosevelt,71318,N.D.
RATP,696,,,,2201,Franklin-Roosevelt,N.D.,METRO,50026039,Franklin-Roosevelt,METRO,21931,Franklin-Roosevelt,metro,43026,Franklin D. Roosevelt,71318,N.D.
RATP,697,,,,3901291,Front Populaire,N.D.,METRO,50026605,Front Populaire,METRO,463082,Front Populaire,metro,58497,Front Populaire,74041,N.D.
RATP,697,,,,3901292,Front Populaire,N.D.,METRO,50025927,Front Populaire,METRO,24679,Front Populaire,metro,58497,Front Populaire,74041,N.D.
RATP,698,,,,1947,Gabriel-Péri,N.D.,METRO,50025775,Gabriel-Péri,METRO,22234,Gabriel-Péri,metro,43042,Gabriel Péri,72203,N.D.
RATP,698,,,,2202,Gabriel-Péri,N.D.,METRO,50026787,Gabriel-Péri,METRO,462953,Gabriel-Péri,metro,43042,Gabriel Péri,72203,N.D.
RATP,699,,,,1948,Gaîté,N.D.,METRO,50088154,Gaîté,METRO,22230,Gaîté,metro,43046,Gaîté,73675,N.D.
RATP,699,,,,2203,Gaîté,N.D.,METRO,50088152,Gaîté,METRO,463184,Gaîté,metro,43046,Gaîté,73675,N.D.
RATP,700,,,,1949,Gallieni (Parc de Bagnolet),N.D.,METRO,50026283,Gallieni (Parc de Bagnolet),METRO,463174,Gallieni (Parc de Bagnolet),metro,47890,Gallieni,71817,N.D.
RATP,700,,,,2204,Gallieni (Parc de Bagnolet),N.D.,METRO,50026809,Gallieni (Parc de Bagnolet),METRO,22037,Gallieni (Parc de Bagnolet),metro,47890,Gallieni,71817,N.D.
RATP,701,,,,1659,Gambetta,N.D.,METRO,50025795,GAMBETTA,METRO,462997,Gambetta,metro,43055,Gambetta,71808,N.D.
RATP,701,,,,1950,Gambetta,N.D.,METRO,50026100,GAMBETTA,METRO,462991,Gambetta,metro,43055,Gambetta,71808,N.D.
RATP,701,,,,2205,Gambetta,N.D.,METRO,50026971,GAMBETTA,METRO,21950,Gambetta,metro,43055,Gambetta,71808,N.D.
RATP,701,,,,2539,Gambetta,N.D.,METRO,50025794,GAMBETTA,METRO,21945,Gambetta,metro,43055,Gambetta,71808,N.D.
RATP,702,,,,2052,Assemblée Nationale,N.D.,METRO,50026773,Assemblée Nationale,METRO,463123,Assemblée Nationale,metro,45704,Assemblée Nationale,73642,N.D.
RATP,702,,,,2101,Assemblée Nationale,N.D.,METRO,50026940,Assemblée Nationale,METRO,22060,Assemblée Nationale,metro,45704,Assemblée Nationale,73642,N.D.
RATP,703,,,,1959,Garibaldi,N.D.,METRO,50025773,Garibaldi,METRO,22244,Garibaldi,metro,43252,Garibaldi,72128,N.D.
RATP,703,,,,2214,Garibaldi,N.D.,METRO,50026614,Garibaldi,METRO,462977,Garibaldi,metro,43252,Garibaldi,72128,N.D.
RATP,704,,,,15599,GASTON ROULAUD,N.D.,TRAM-TRAIN,50143511,GASTON ROULAUD,TRAM,23307,Gaston Roulaud,tram,47349,Gaston Roulaud,72526,N.D.
RATP,704,,,,15630,GASTON ROULAUD,N.D.,TRAM-TRAIN,50143540,GASTON ROULAUD,TRAM,22261,Gaston Roulaud,tram,47349,Gaston Roulaud,72526,N.D.
RATP,705,,,,1961,George V,N.D.,METRO,50026015,George V,METRO,463185,George V,metro,43283,George V,71328,N.D.
RATP,705,,,,2216,George V,N.D.,METRO,50026874,George V,METRO,22084,George V,metro,43283,George V,71328,N.D.
RATP,706,,,,32604,GEORGES BRASSENS,N.D.,TRAM-TRAIN,50144914,Georges Brassens,TRAM,24113,Georges Brassens,tram,43285,Georges Brassens,71018,N.D.
RATP,706,,,,32629,GEORGES BRASSENS,N.D.,TRAM-TRAIN,50144939,Georges Brassens,TRAM,24131,Georges Brassens,tram,43285,Georges Brassens,71018,N.D.
RATP,707,,,,65574,GEORGES MILLANDY,N.D.,TRAM-TRAIN,50146311,GEORGES MILLANDY,TRAM,41674,Georges Millandy,tram,59147,Georges Millandy,420463,N.D.
RATP,707,,,,65592,GEORGES MILLANDY,N.D.,TRAM-TRAIN,50146329,GEORGES MILLANDY,TRAM,41673,Georges Millandy,tram,59147,Georges Millandy,420463,N.D.
RATP,708,,,,65573,GEORGES POMPIDOU,N.D.,TRAM-TRAIN,50146310,GEORGES POMPIDOU,TRAM,2343,Georges Pompidou,tram,50800,Georges Pompidou,70149,N.D.
RATP,708,,,,65591,GEORGES POMPIDOU,N.D.,TRAM-TRAIN,50146328,GEORGES POMPIDOU,TRAM,2346,Georges Pompidou,tram,50800,Georges Pompidou,70149,N.D.
RATP,709,,,,1962,Glacière,N.D.,METRO,50026992,Glacière,METRO,22173,Glacière,metro,45276,Glacière,71026,N.D.
RATP,709,,,,2217,Glacière,N.D.,METRO,50026649,Glacière,METRO,463186,Glacière,metro,45276,Glacière,71026,N.D.
RATP,710,,,,2055,Aubervilliers Pantin (4 Chemins),N.D.,METRO,50025833,Aubervilliers Pantin (4 Chemins),METRO,22394,Aubervilliers Pantin (4 Chemins),metro,46492,Aubervilliers Pantin Quatre Chemins,72460,N.D.
RATP,710,,,,2104,Aubervilliers Pantin (4 Chemins),N.D.,METRO,50026661,Aubervilliers Pantin (4 Chemins),METRO,463031,Aubervilliers Pantin (4 Chemins),metro,46492,Aubervilliers Pantin Quatre Chemins,72460,N.D.
RATP,711,,,,1963,Goncourt (Hôpital Saint-Louis),N.D.,METRO,50026239,Goncourt (Hôpital Saint-Louis),METRO,21996,Goncourt (Hôpital Saint-Louis),metro,43298,Goncourt,71840,N.D.
RATP,711,,,,2218,Goncourt (Hôpital Saint-Louis),N.D.,METRO,50026932,Goncourt (Hôpital Saint-Louis),METRO,463187,Goncourt (Hôpital Saint-Louis),metro,43298,Goncourt,71840,N.D.
RATP,712,,,,1712,Grands Boulevards,N.D.,METRO,50026198,Grands Boulevards,METRO,21909,Grands Boulevards,metro,43310,Grands Boulevards,71326,N.D.
RATP,712,,,,2457,Grands Boulevards,N.D.,METRO,50026729,Grands Boulevards,METRO,463049,Grands Boulevards,metro,43310,Grands Boulevards,71326,N.D.
RATP,712,,,,3343771,Grands Boulevards,N.D.,METRO,50025885,Grands Boulevards,METRO,22197,Grands Boulevards,metro,43310,Grands Boulevards,71326,N.D.
RATP,712,,,,3343772,Grands Boulevards,N.D.,METRO,50026719,Grands Boulevards,METRO,463058,Grands Boulevards,metro,43310,Grands Boulevards,71326,N.D.
RATP,713,,,,1888,Guy-Môquet,N.D.,METRO,50026613,Guy-Môquet,METRO,462952,Guy-Môquet,metro,43333,Guy Môquet,71528,N.D.
RATP,713,,,,2284,Guy-Môquet,N.D.,METRO,50025772,Guy-Môquet,METRO,22228,Guy-Môquet,metro,43333,Guy Môquet,71528,N.D.
RATP,714,,,,60799,GUYNEMER (STADE AUGUSTE DELAUNE),N.D.,TRAM-TRAIN,50145881,GUYNEMER (STADE AUGUSTE DELAUNE),TRAM,28864,Guynemer (Stade Auguste Delaune),tram,50685,Guynemer,72365,N.D.
RATP,714,,,,60814,GUYNEMER (STADE AUGUSTE DELAUNE),N.D.,TRAM-TRAIN,50145895,GUYNEMER (STADE AUGUSTE DELAUNE),TRAM,28865,Guynemer (Stade Auguste Delaune),tram,50685,Guynemer,72365,N.D.
RATP,715,,,,1889,Havre-Caumartin,N.D.,METRO,50026102,Havre-Caumartin,METRO,463189,Havre-Caumartin,metro,462375,Havre-Caumartin,73688,N.D.
RATP,715,,,,1890,Havre-Caumartin,N.D.,METRO,50026046,Havre-Caumartin,METRO,21926,Havre-Caumartin,metro,462375,Havre-Caumartin,73688,N.D.
RATP,715,,,,2285,Havre-Caumartin,N.D.,METRO,50026974,Havre-Caumartin,METRO,21906,Havre-Caumartin,metro,462375,Havre-Caumartin,73688,N.D.
RATP,715,,,,2286,Havre-Caumartin,N.D.,METRO,50026385,Havre-Caumartin,METRO,463188,Havre-Caumartin,metro,462375,Havre-Caumartin,73688,N.D.
RATP,716,,,,63738,HELENE BOUCHER (ORLYTECH),N.D.,TRAM-TRAIN,50146163,HELENE BOUCHER (ORLYTECH),TRAM,35928,Hélène Boucher (Orlytech),tram,58813,Hélène Boucher (Orlytech),74008,N.D.
RATP,716,,,,63756,HELENE BOUCHER (ORLYTECH),N.D.,TRAM-TRAIN,50146180,HELENE BOUCHER (ORLYTECH),TRAM,29893,Hélène Boucher (Orlytech),tram,58813,Hélène Boucher (Orlytech),74008,N.D.
RATP,717,,,,49283,HENRI FARMAN (PORTE DE SEINE),N.D.,TRAM-TRAIN,50145459,HENRI FARMAN (PORTE DE SEINE),TRAM,460557,Henri Farman,tram,45358,Henri Farman,73612,N.D.
RATP,717,,,,49284,HENRI FARMAN (PORTE DE SEINE),N.D.,TRAM-TRAIN,50145460,HENRI FARMAN (PORTE DE SEINE),TRAM,460556,Henri Farman,tram,45358,Henri Farman,73612,N.D.
RATP,718,,,,1891,Hoche,N.D.,METRO,50026468,HOCHE,METRO,463017,Hoche,metro,43364,Hoche,72004,N.D.
RATP,718,,,,2287,Hoche,N.D.,METRO,50025804,HOCHE,METRO,22017,Hoche,metro,43364,Hoche,72004,N.D.
RATP,719,,,,15600,HOPITAL AVICENNE,N.D.,TRAM-TRAIN,50143512,HOPITAL AVICENNE,TRAM,23304,Hôpital Avicenne,tram,43373,Hôpital Avicenne,72534,N.D.
RATP,719,,,,15629,HOPITAL AVICENNE,N.D.,TRAM-TRAIN,50143539,HOPITAL AVICENNE,TRAM,23297,Hôpital Avicenne,tram,43373,Hôpital Avicenne,72534,N.D.
RATP,72,,,,1824,Montparnasse-Bienvenue,N.D.,METRO,50026296,Montparnasse-Bienvenue,METRO,22143,Montparnasse-Bienvenue,metro,58578,Montparnasse Bienvenue,71139,N.D.
RATP,72,,,,1825,Montparnasse-Bienvenue,N.D.,METRO,50025826,Montparnasse-Bienvenue,METRO,462955,Montparnasse-Bienvenue,metro,58578,Montparnasse Bienvenue,71139,N.D.
RATP,72,,,,1826,Montparnasse-Bienvenue,N.D.,METRO,50026425,Montparnasse-Bienvenue,METRO,462980,Montparnasse-Bienvenue,metro,58578,Montparnasse Bienvenue,71139,N.D.
RATP,72,,,,1827,Montparnasse-Bienvenue,N.D.,METRO,50025777,Montparnasse-Bienvenue,METRO,22157,Montparnasse-Bienvenue,metro,58578,Montparnasse Bienvenue,71139,N.D.
RATP,72,,,,2363,Montparnasse-Bienvenue,N.D.,METRO,50026297,Montparnasse-Bienvenue,METRO,462996,Montparnasse-Bienvenue,metro,58578,Montparnasse Bienvenue,71139,N.D.
RATP,72,,,,2364,Montparnasse-Bienvenue,N.D.,METRO,50025825,Montparnasse-Bienvenue,METRO,22156,Montparnasse-Bienvenue,metro,58578,Montparnasse Bienvenue,71139,N.D.
RATP,72,,,,2365,Montparnasse-Bienvenue,N.D.,METRO,50026608,Montparnasse-Bienvenue,METRO,22038,Montparnasse-Bienvenue,metro,58578,Montparnasse Bienvenue,71139,N.D.
RATP,72,,,,2366,Montparnasse-Bienvenue,N.D.,METRO,50026085,Montparnasse-Bienvenue,METRO,462954,Montparnasse-Bienvenue,metro,58578,Montparnasse Bienvenue,71139,N.D.
RATP,720,,,,65570,HOPITAL BECLERE,N.D.,TRAM-TRAIN,50146307,HOPITAL BECLERE,TRAM,2344,Hôpital Béclère,tram,47746,Hôpital Béclère,423879,N.D.
RATP,720,,,,65588,HOPITAL BECLERE,N.D.,TRAM-TRAIN,50146325,HOPITAL BECLERE,TRAM,2342,Hôpital Béclère,tram,47746,Hôpital Béclère,423879,N.D.
RATP,721,,,,25743,AUGUSTE DELAUNE,N.D.,TRAM-TRAIN,50144595,AUGUSTE DELAUNE,TRAM,22257,Auguste Delaune,tram,42245,Auguste Delaune,72479,N.D.
RATP,721,,,,25746,AUGUSTE DELAUNE,N.D.,TRAM-TRAIN,50144598,AUGUSTE DELAUNE,TRAM,22258,Auguste Delaune,tram,42245,Auguste Delaune,72479,N.D.
RATP,722,,,,15609,HOPITAL DELAFONTAINE,N.D.,TRAM-TRAIN,50143520,HOPITAL DELAFONTAINE,TRAM,460550,Hôpital Delafontaine,tram,43375,Hôpital Delafontaine,461959,N.D.
RATP,722,,,,15620,HOPITAL DELAFONTAINE,N.D.,TRAM-TRAIN,50143530,HOPITAL DELAFONTAINE,TRAM,460549,Hôpital Delafontaine,tram,43375,Hôpital Delafontaine,461959,N.D.
RATP,723,,,,60972,HOPITAL ROBERT DEBRE,N.D.,TRAM-TRAIN,50145919,HOPITAL ROBERT DEBRE,TRAM,24410,Hôpital Robert Debré,tram,45616,Hôpital Robert Debré,71914,N.D.
RATP,723,,,,60992,HOPITAL ROBERT DEBRE,N.D.,TRAM-TRAIN,50145939,HOPITAL ROBERT DEBRE,TRAM,24418,Hôpital Robert Debré,tram,45616,Hôpital Robert Debré,71914,N.D.
RATP,724,,,,1892,Hôtel de Ville,N.D.,METRO,50026533,Hôtel de Ville,METRO,22091,Hôtel de Ville,metro,470524,Hôtel de Ville,415852,N.D.
RATP,724,,,,1893,Hôtel de Ville,N.D.,METRO,50026237,Hôtel de Ville,METRO,463061,Hôtel de Ville,metro,470524,Hôtel de Ville,415852,N.D.
RATP,724,,,,2288,Hôtel de Ville,N.D.,METRO,50026703,Hôtel de Ville,METRO,463080,Hôtel de Ville,metro,470524,Hôtel de Ville,415852,N.D.
RATP,724,,,,2289,Hôtel de Ville,N.D.,METRO,50026766,Hôtel de Ville,METRO,21990,Hôtel de Ville,metro,470524,Hôtel de Ville,415852,N.D.
RATP,725,,,,15595,HOTEL DE VILLE DE BOBIGNY,N.D.,TRAM-TRAIN,50143507,HOTEL DE VILLE DE BOBIGNY,TRAM,24425,Hôtel de Ville,tram,43390,Hotel de Ville de Bobigny,72477,N.D.
RATP,725,,,,15634,HOTEL DE VILLE DE BOBIGNY,N.D.,TRAM-TRAIN,50143544,HOTEL DE VILLE DE BOBIGNY,TRAM,37466,Hôtel de Ville de Bobigny,tram,43390,Hotel de Ville de Bobigny,72477,N.D.
RATP,726,,,,15623,HOTEL DE VILLE DE LA COURNEUVE,N.D.,TRAM-TRAIN,50143533,HOTEL DE VILLE DE LA COURNEUVE,TRAM,23301,Hôtel de Ville,tram,46120,Hôtel de Ville de la Courneuve,72622,N.D.
RATP,726,,,,27220,HOTEL DE VILLE DE LA COURNEUVE,N.D.,TRAM-TRAIN,50144707,HOTEL DE VILLE DE LA COURNEUVE,TRAM,24428,Hôtel de Ville de la Courneuve,tram,46120,Hôtel de Ville de la Courneuve,72622,N.D.
RATP,727,,,,1895,Iéna,N.D.,METRO,50027016,Iéna,METRO,21927,Iéna,metro,43395,Iéna,71294,N.D.
RATP,727,,,,2291,Iéna,N.D.,METRO,50027015,Iéna,METRO,463190,Iéna,metro,43395,Iéna,71294,N.D.
RATP,728,,,,65578,INOVEL PARC NORD,N.D.,TRAM-TRAIN,50146315,Inovel Parc Nord,TRAM,2333,Inovel Parc Nord,tram,44285,Inovel Parc Nord,63717,N.D.
RATP,728,,,,65596,INOVEL PARC NORD,N.D.,TRAM-TRAIN,50146333,Inovel Parc Nord,TRAM,2327,Inovel Parc Nord,tram,44285,Inovel Parc Nord,63717,N.D.
RATP,729,,,,60627,JACQUELINE AURIOL,N.D.,TRAM-TRAIN,50145861,Jacqueline Auriol,TRAM,23430,Jacqueline Auriol,tram,47413,Jacqueline Auriol,70969,N.D.
RATP,729,,,,60634,JACQUELINE AURIOL,N.D.,TRAM-TRAIN,50145868,Jacqueline Auriol,TRAM,23428,Jacqueline Auriol,tram,47413,Jacqueline Auriol,70969,N.D.
RATP,730,,,,1898,Jacques-Bonsergent,N.D.,METRO,50026833,Jacques-Bonsergent,METRO,463191,Jacques-Bonsergent,metro,43417,Jacques Bonsergent,71322,N.D.
RATP,730,,,,2294,Jacques-Bonsergent,N.D.,METRO,50026991,Jacques-Bonsergent,METRO,22011,Jacques-Bonsergent,metro,43417,Jacques Bonsergent,71322,N.D.
RATP,731,,,,63730,AUGUSTE PERRET (CIMETIERE PARISIEN),N.D.,TRAM-TRAIN,50146155,AUGUSTE PERRET (CIMETIERE PARISIEN),TRAM,35931,Auguste Perret (Cimetière Parisien),tram,58784,Auguste Perret (Cimetière Parisien),69837,N.D.
RATP,731,,,,63748,AUGUSTE PERRET (CIMETIERE PARISIEN),N.D.,TRAM-TRAIN,50146172,AUGUSTE PERRET (CIMETIERE PARISIEN),TRAM,29897,Auguste Perret (Cimetière Parisien),tram,58784,Auguste Perret (Cimetière Parisien),69837,N.D.
RATP,732,,,,60805,JACQUES PREVERT,N.D.,TRAM-TRAIN,50145887,JACQUES PREVERT,TRAM,28861,Jacques Prévert,tram,58639,Jacques Prévert,73923,N.D.
RATP,732,,,,60820,JACQUES PREVERT,N.D.,TRAM-TRAIN,50145901,JACQUES PREVERT,TRAM,28855,Jacques Prévert,tram,58639,Jacques Prévert,73923,N.D.
RATP,733,,,,16668,JACQUES-HENRI LARTIGUE,N.D.,TRAM-TRAIN,50143945,JACQUES-HENRI LARTIGUE,TRAM,23438,Jacques-Henri Lartigue,tram,43420,Jacques-Henri Lartigue,70662,N.D.
RATP,733,,,,16690,JACQUES-HENRI LARTIGUE,N.D.,TRAM-TRAIN,50143967,JACQUES-HENRI LARTIGUE,TRAM,23439,Jacques-Henri Lartigue,tram,43420,Jacques-Henri Lartigue,70662,N.D.
RATP,734,,,,1899,Jasmin,N.D.,METRO,50025844,JASMIN,METRO,21928,Jasmin,metro,43423,Jasmin,73657,N.D.
RATP,734,,,,2295,Jasmin,N.D.,METRO,50025992,JASMIN,METRO,463038,Jasmin,metro,43423,Jasmin,73657,N.D.
RATP,735,,,,1900,Jaurès,N.D.,METRO,50025778,Jaurès,METRO,22118,Jaurès,metro,43425,Jaurès,71940,N.D.
RATP,735,,,,1901,Jaurès,N.D.,METRO,50026299,Jaurès,METRO,463095,Jaurès,metro,43425,Jaurès,71940,N.D.
RATP,735,,,,1902,Jaurès,N.D.,METRO,50026848,Jaurès,METRO,463074,Jaurès,metro,43425,Jaurès,71940,N.D.
RATP,735,,,,2296,Jaurès,N.D.,METRO,50026086,Jaurès,METRO,462981,Jaurès,metro,43425,Jaurès,71940,N.D.
RATP,735,,,,2297,Jaurès,N.D.,METRO,50025963,Jaurès,METRO,21952,Jaurès,metro,43425,Jaurès,71940,N.D.
RATP,735,,,,2298,Jaurès,N.D.,METRO,50026510,Jaurès,METRO,24680,Jaurès,metro,43425,Jaurès,71940,N.D.
RATP,736,,,,1903,Javel-André-Citroen,N.D.,METRO,50026926,Javel-André-Citroen,METRO,462958,Javel-André-Citroen,metro,462371,Javel - André Citroën,71150,N.D.
RATP,736,,,,2299,Javel-André-Citroen,N.D.,METRO,50025743,Javel-André-Citroen,METRO,21972,Javel-André-Citroen,metro,462371,Javel - André Citroën,71150,N.D.
RATP,737,,,,32608,JEAN MOULIN,N.D.,TRAM-TRAIN,50144918,Jean Moulin,TRAM,24132,Jean Moulin,tram,43462,Jean Moulin,70669,N.D.
RATP,737,,,,32625,JEAN MOULIN,N.D.,TRAM-TRAIN,50144935,Jean Moulin,TRAM,24109,Jean Moulin,tram,43462,Jean Moulin,70669,N.D.
RATP,738,,,,25744,JEAN ROSTAND,N.D.,TRAM-TRAIN,50144596,Jean Rostand,TRAM,22259,Jean Rostand,tram,47334,Jean Rostand,72490,N.D.
RATP,738,,,,25745,JEAN ROSTAND,N.D.,TRAM-TRAIN,50144597,Jean Rostand,TRAM,22260,Jean Rostand,tram,47334,Jean Rostand,72490,N.D.
RATP,739,,,,60598,JEAN VILAR,N.D.,TRAM-TRAIN,50145833,JEAN VILAR,TRAM,42128,Jean Vilar,tram,59327,Jean Vilar,72378,N.D.
RATP,739,,,,60602,JEAN VILAR,N.D.,TRAM-TRAIN,50145837,JEAN VILAR,TRAM,42131,Jean Vilar,tram,59327,Jean Vilar,72378,N.D.
RATP,740,,,,60801,JONCHEROLLES,N.D.,TRAM-TRAIN,50145883,JONCHEROLLES,TRAM,28849,Joncherolles,tram,58638,Joncherolles,73922,N.D.
RATP,740,,,,60816,JONCHEROLLES,N.D.,TRAM-TRAIN,50145897,JONCHEROLLES,TRAM,28858,Joncherolles,tram,58638,Joncherolles,73922,N.D.
RATP,741,,,,1905,Jourdain,N.D.,METRO,50026234,JOURDAIN,METRO,21995,Jourdain,metro,43483,Jourdain,71868,N.D.
RATP,741,,,,2266,Jourdain,N.D.,METRO,50026764,JOURDAIN,METRO,463192,Jourdain,metro,43483,Jourdain,71868,N.D.
RATP,742,,,,61031,AVENUE DE FRANCE,N.D.,TRAM-TRAIN,50145950,AVENUE DE FRANCE,TRAM,24123,Avenue de France,tram,45305,Avenue de France,427076,N.D.
RATP,742,,,,61043,AVENUE DE FRANCE,N.D.,TRAM-TRAIN,50145962,AVENUE DE FRANCE,TRAM,24137,Avenue de France,tram,45305,Avenue de France,427076,N.D.
RATP,743,,,,1906,Jules Joffrin,N.D.,METRO,50025930,Jules Joffrin,METRO,463065,Jules Joffrin,metro,479055,Jules Joffrin,71521,N.D.
RATP,743,,,,2267,Jules Joffrin,N.D.,METRO,50025929,Jules Joffrin,METRO,22054,Jules Joffrin,metro,479055,Jules Joffrin,71521,N.D.
RATP,744,,,,1907,Jussieu,N.D.,METRO,50026663,Jussieu,METRO,463078,Jussieu,metro,43493,Jussieu,71148,N.D.
RATP,744,,,,1908,Jussieu,N.D.,METRO,50025918,Jussieu,METRO,21968,Jussieu,metro,43493,Jussieu,71148,N.D.
RATP,744,,,,2232,Jussieu,N.D.,METRO,50026662,Jussieu,METRO,22386,Jussieu,metro,43493,Jussieu,71148,N.D.
RATP,744,,,,2233,Jussieu,N.D.,METRO,50026592,Jussieu,METRO,463077,Jussieu,metro,43493,Jussieu,71148,N.D.
RATP,745,,,,1909,Kléber,N.D.,METRO,50026308,Kléber,METRO,463102,Kléber,metro,43498,Kléber,73656,N.D.
RATP,745,,,,2234,Kléber,N.D.,METRO,50025975,Kléber,METRO,22170,Kléber,metro,43498,Kléber,73656,N.D.
RATP,746,,,,63732,LA BELLE EPINE,N.D.,TRAM-TRAIN,50146157,LA BELLE EPINE,TRAM,35937,La Belle Epine,tram,47688,La Belle Épine,69762,N.D.
RATP,746,,,,63750,LA BELLE EPINE,N.D.,TRAM-TRAIN,50146174,LA BELLE EPINE,TRAM,35941,La Belle Epine,tram,47688,La Belle Épine,69762,N.D.
RATP,747,,,,1910,La Chapelle,N.D.,METRO,50026620,La Chapelle,METRO,462982,La Chapelle,metro,43524,La Chapelle,71434,N.D.
RATP,747,,,,2235,La Chapelle,N.D.,METRO,50025783,La Chapelle,METRO,22119,La Chapelle,metro,43524,La Chapelle,71434,N.D.
RATP,748,,,,15603,LA COURNEUVE - 8 MAI 1945,N.D.,TRAM-TRAIN,50143515,LA COURNEUVE - 8 MAI 1945,TRAM,22629,La Courneuve - 8 Mai 1945,tram,42151,La Courneuve - 8 Mai 1945,73696,N.D.
RATP,748,,,,15626,LA COURNEUVE - 8 MAI 1945,N.D.,TRAM-TRAIN,50143536,LA COURNEUVE - 8 MAI 1945,TRAM,24426,La Courneuve - 8 Mai 1945,tram,42151,La Courneuve - 8 Mai 1945,73696,N.D.
RATP,748,,,,1911,La Courneuve-8-Mai-1945,N.D.,METRO,50026124,La Courneuve-8-Mai-1945,METRO,463200,La Courneuve-8-Mai-1945,metro,470546,La Courneuve - 8 Mai 1945,73696,N.D.
RATP,748,,,,2236,La Courneuve-8-Mai-1945,N.D.,METRO,50027004,La Courneuve-8-Mai-1945,METRO,22395,La Courneuve-8-Mai-1945,metro,470546,La Courneuve - 8 Mai 1945,73696,N.D.
RATP,749,,,,15607,LA COURNEUVE - SIX ROUTES,N.D.,TRAM-TRAIN,50143518,LA COURNEUVE - SIX ROUTES,TRAM,22630,La Courneuve - Six Routes,tram,46100,La Courneuve - Six Routes,72637,N.D.
RATP,749,,,,15622,LA COURNEUVE - SIX ROUTES,N.D.,TRAM-TRAIN,50143532,LA COURNEUVE - SIX ROUTES,TRAM,22631,La Courneuve - Six Routes,tram,46100,La Courneuve - Six Routes,72637,N.D.
RATP,750,,,,15597,LA FERME,N.D.,TRAM-TRAIN,50143509,La Ferme,TRAM,23299,La Ferme,tram,52382,La Ferme,73787,N.D.
RATP,750,,,,15632,LA FERME,N.D.,TRAM-TRAIN,50143542,La Ferme,TRAM,23298,La Ferme,tram,52382,La Ferme,73787,N.D.
RATP,751,,,,1656,La Fourche,N.D.,METRO,50025768,La Fourche,METRO,22227,La Fourche,metro,43548,La Fourche,71474,N.D.
RATP,751,,,,2536,La Fourche,N.D.,METRO,50026782,La Fourche,METRO,462975,La Fourche,metro,43548,La Fourche,71474,N.D.
RATP,751,,,,27919,La Fourche,N.D.,METRO,50161686,La Fourche,METRO,478395,La Fourche,metro,43548,La Fourche,71474,N.D.
RATP,752,,,,2057,Avenue Emile-Zola,N.D.,METRO,50026756,Avenue Emile-Zola,METRO,21987,Avenue Emile-Zola,metro,42265,Avenue Émile Zola,71158,N.D.
RATP,752,,,,2106,Avenue Emile-Zola,N.D.,METRO,50026587,Avenue Emile-Zola,METRO,463124,Avenue Emile-Zola,metro,42265,Avenue Émile Zola,71158,N.D.
RATP,753,,,,1657,La Motte-Picquet-Grenelle,N.D.,METRO,50026310,La Motte-Picquet-Grenelle,METRO,463194,La Motte-Picquet-Grenelle,metro,43566,La Motte Picquet - Grenelle,71199,N.D.
RATP,753,,,,1916,La Motte-Picquet-Grenelle,N.D.,METRO,50026929,La Motte-Picquet-Grenelle,METRO,463202,La Motte-Picquet-Grenelle,metro,43566,La Motte Picquet - Grenelle,71199,N.D.
RATP,753,,,,2241,La Motte-Picquet-Grenelle,N.D.,METRO,50026232,La Motte-Picquet-Grenelle,METRO,21969,La Motte-Picquet-Grenelle,metro,43566,La Motte Picquet - Grenelle,71199,N.D.
RATP,753,,,,2537,La Motte-Picquet-Grenelle,N.D.,METRO,50026309,La Motte-Picquet-Grenelle,METRO,22162,La Motte-Picquet-Grenelle,metro,43566,La Motte Picquet - Grenelle,71199,N.D.
RATP,753,,,,3343755,La Motte-Picquet-Grenelle,N.D.,METRO,50027069,La Motte-Picquet-Grenelle,METRO,22183,La Motte-Picquet-Grenelle,metro,43566,La Motte Picquet - Grenelle,71199,N.D.
RATP,753,,,,3343756,La Motte-Picquet-Grenelle,N.D.,METRO,50026721,La Motte-Picquet-Grenelle,METRO,463201,La Motte-Picquet-Grenelle,metro,43566,La Motte Picquet - Grenelle,71199,N.D.
RATP,754,,,,1917,La Muette,N.D.,METRO,50026382,La Muette,METRO,463203,La Muette,metro,43567,La Muette,474150,N.D.
RATP,754,,,,2242,La Muette,N.D.,METRO,50026727,La Muette,METRO,21929,La Muette,metro,43567,La Muette,474150,N.D.
RATP,755,,,,57327,LA NOUE,N.D.,TRAM-TRAIN,50145615,LA NOUE,TRAM,23294,La Noue,tram,47355,La Noue,72313,N.D.
RATP,755,,,,57328,LA NOUE,N.D.,TRAM-TRAIN,50145616,LA NOUE,TRAM,460552,La Noue,tram,47355,La Noue,72313,N.D.
RATP,756,,,,3343759,La Tour-Maubourg,N.D.,METRO,50026550,La Tour-Maubourg,METRO,22192,La Tour-Maubourg,metro,43409,La Tour Maubourg,71242,N.D.
RATP,756,,,,3343760,La Tour-Maubourg,N.D.,METRO,50026026,La Tour-Maubourg,METRO,463204,La Tour-Maubourg,metro,43409,La Tour Maubourg,71242,N.D.
RATP,757,,,,60613,LACEPEDE,N.D.,TRAM-TRAIN,50145847,LACEPEDE,TRAM,42115,Lacépède,tram,50564,Lacépède,72379,N.D.
RATP,757,,,,60619,LACEPEDE,N.D.,TRAM-TRAIN,50145853,LACEPEDE,TRAM,42106,Lacépède,tram,50564,Lacépède,72379,N.D.
RATP,758,,,,1920,Lamarck-Caulaincourt,N.D.,METRO,50026249,Lamarck-Caulaincourt,METRO,463205,Lamarck-Caulaincourt,metro,43600,Lamarck Caulaincourt,71492,N.D.
RATP,758,,,,2245,Lamarck-Caulaincourt,N.D.,METRO,50026419,Lamarck-Caulaincourt,METRO,22055,Lamarck-Caulaincourt,metro,43600,Lamarck Caulaincourt,71492,N.D.
RATP,759,,,,63726,LAMARTINE,N.D.,TRAM-TRAIN,50146151,Lamartine,TRAM,35945,Lamartine,tram,53692,Lamartine,70036,N.D.
RATP,759,,,,63765,LAMARTINE,N.D.,TRAM-TRAIN,50146184,Lamartine,TRAM,460559,Lamartine,tram,53692,Lamartine,70036,N.D.
RATP,760,,,,1922,Laumière,N.D.,METRO,50026114,Laumière,METRO,462999,Laumière,metro,45581,Laumière,71957,N.D.
RATP,760,,,,2247,Laumière,N.D.,METRO,50025803,Laumière,METRO,22012,Laumière,metro,45581,Laumière,71957,N.D.
RATP,761,,,,1925,Le Kremlin-Bicêtre,N.D.,METRO,50025980,Le Kremlin-Bicêtre,METRO,22398,Le Kremlin-Bicêtre,metro,43643,Le Kremlin - Bicêtre,70452,N.D.
RATP,761,,,,2250,Le Kremlin-Bicêtre,N.D.,METRO,50026840,Le Kremlin-Bicêtre,METRO,463107,Le Kremlin-Bicêtre,metro,43643,Le Kremlin - Bicêtre,70452,N.D.
RATP,762,,,,57339,LE LUTH,N.D.,TRAM-TRAIN,50145627,LE LUTH,TRAM,23279,Le Luth,tram,46452,Le Luth,72300,N.D.
RATP,762,,,,57340,LE LUTH,N.D.,TRAM-TRAIN,50145628,LE LUTH,TRAM,23285,Le Luth,tram,46452,Le Luth,72300,N.D.
RATP,763,,,,60970,ADRIENNE BOLLAND,N.D.,TRAM-TRAIN,50145917,ADRIENNE BOLLAND,TRAM,24421,Adrienne Bolland,tram,58502,Adrienne Bolland,73669,N.D.
RATP,763,,,,60994,ADRIENNE BOLLAND,N.D.,TRAM-TRAIN,50145941,ADRIENNE BOLLAND,TRAM,24422,Adrienne Bolland,tram,58502,Adrienne Bolland,73669,N.D.
RATP,764,,,,2058,Avron,N.D.,METRO,50026267,Avron,METRO,22124,Avron,metro,42271,Avron,71697,N.D.
RATP,764,,,,2107,Avron,N.D.,METRO,50026618,Avron,METRO,463125,Avron,metro,42271,Avron,71697,N.D.
RATP,765,,,,1849,Le Peletier,N.D.,METRO,50026670,LE PELETIER,METRO,22382,Le Peletier,metro,43656,Le Peletier,478885,N.D.
RATP,765,,,,2316,Le Peletier,N.D.,METRO,50025987,LE PELETIER,METRO,463206,Le Peletier,metro,43656,Le Peletier,478885,N.D.
RATP,766,,,,57337,LE VILLAGE,N.D.,TRAM-TRAIN,50145625,LE VILLAGE,TRAM,23288,Le Village,tram,50664,Le Village,72305,N.D.
RATP,766,,,,57338,LE VILLAGE,N.D.,TRAM-TRAIN,50145626,LE VILLAGE,TRAM,23280,Le Village,tram,50664,Le Village,72305,N.D.
RATP,767,,,,3343787,Ledru-Rollin,N.D.,METRO,50026190,Ledru-Rollin,METRO,463195,Ledru-Rollin,metro,43674,Ledru Rollin,71693,N.D.
RATP,767,,,,3343788,Ledru-Rollin,N.D.,METRO,50026032,Ledru-Rollin,METRO,22203,Ledru-Rollin,metro,43674,Ledru Rollin,71693,N.D.
RATP,768,,,,1662795,Les Agnettes,N.D.,METRO,50026434,LES AGNETTES,METRO,22232,Les Agnettes,metro,43693,Les Agnettes,72240,N.D.
RATP,768,,,,1662796,Les Agnettes,N.D.,METRO,50026081,LES AGNETTES,METRO,463207,Les Agnettes,metro,43693,Les Agnettes,72240,N.D.
RATP,769,,,,60610,LES BEATUS,N.D.,TRAM-TRAIN,50145845,LES BEATUS,TRAM,42110,Les Béatus,tram,50566,Les Béatus,72372,N.D.
RATP,769,,,,60621,LES BEATUS,N.D.,TRAM-TRAIN,50145855,LES BEATUS,TRAM,42114,Les Béatus,tram,50566,Les Béatus,72372,N.D.
RATP,770,,,,60807,LES CHOLETTES,N.D.,TRAM-TRAIN,50145889,LES CHOLETTES,TRAM,28874,Les Cholettes,tram,59018,Les Cholettes,65586,N.D.
RATP,770,,,,60822,LES CHOLETTES,N.D.,TRAM-TRAIN,50145903,LES CHOLETTES,TRAM,28876,Les Cholettes,tram,59018,Les Cholettes,65586,N.D.
RATP,771,,,,16675,LES COTEAUX,N.D.,TRAM-TRAIN,50143952,LES COTEAUX,TRAM,22300,Les Coteaux,tram,47370,Les Coteaux,70763,N.D.
RATP,771,,,,16683,LES COTEAUX,N.D.,TRAM-TRAIN,50143960,LES COTEAUX,TRAM,22301,Les Coteaux,tram,47370,Les Coteaux,70763,N.D.
RATP,772,,,,1662797,Asnières-Gennevilliers Les Courtilles,N.D.,METRO,50088163,Asnières-Gennevilliers Les Courtilles,METRO,22233,Asnières-Gennevilliers Les Courtilles,metro,42231,Asnières - Gennevilliers Les Courtilles,72286,N.D.
RATP,772,,,,1662798,Asnières-Gennevilliers Les Courtilles,N.D.,METRO,50088162,Asnières-Gennevilliers Les Courtilles,METRO,463109,Asnières-Gennevilliers Les Courtilles,metro,42231,Asnières - Gennevilliers Les Courtilles,72286,N.D.
RATP,772,,,,57321,LES COURTILLES,N.D.,TRAM-TRAIN,50145609,LES COURTILLES,TRAM,23278,Les Courtilles,tram,462328,Les Courtilles,72286,N.D.
RATP,772,,,,57322,LES COURTILLES,N.D.,TRAM-TRAIN,50145610,LES COURTILLES,TRAM,23277,Les Courtilles,tram,462328,Les Courtilles,72286,N.D.
RATP,773,,,,60625,LES FAUVELLES,N.D.,TRAM-TRAIN,50145859,LES FAUVELLES,TRAM,23435,Les Fauvelles,tram,43729,Les Fauvelles,72099,N.D.
RATP,773,,,,60636,LES FAUVELLES,N.D.,TRAM-TRAIN,50145870,LES FAUVELLES,TRAM,23434,Les Fauvelles,tram,43729,Les Fauvelles,72099,N.D.
RATP,774,,,,60808,LES FLANADES,N.D.,TRAM-TRAIN,50145890,LES FLANADES,TRAM,28872,Les Flanades,tram,43013,Les Flanades,65560,N.D.
RATP,774,,,,60823,LES FLANADES,N.D.,TRAM-TRAIN,50145904,LES FLANADES,TRAM,28868,Les Flanades,tram,43013,Les Flanades,65560,N.D.
RATP,775,,,,1854,Les Gobelins,N.D.,METRO,50026136,LES GOBELINS,METRO,22383,Les Gobelins,metro,43737,Les Gobelins,71076,N.D.
RATP,775,,,,2321,Les Gobelins,N.D.,METRO,50027008,LES GOBELINS,METRO,463216,Les Gobelins,metro,43737,Les Gobelins,71076,N.D.
RATP,776,,,,1855,Les Halles,N.D.,METRO,50026294,Les Halles,METRO,22146,Les Halles,metro,417675,Les Halles,73794,N.D.
RATP,776,,,,2322,Les Halles,N.D.,METRO,50026108,Les Halles,METRO,463208,Les Halles,metro,417675,Les Halles,73794,N.D.
RATP,777,,,,16674,LES MILONS,N.D.,TRAM-TRAIN,50143951,LES MILONS,TRAM,23443,Les Milons,tram,51611,Les Milons,73613,N.D.
RATP,777,,,,16684,LES MILONS,N.D.,TRAM-TRAIN,50143961,LES MILONS,TRAM,23442,Les Milons,tram,51611,Les Milons,73613,N.D.
RATP,778,,,,60609,LES MOBILES,N.D.,TRAM-TRAIN,50145844,LES MOBILES,TRAM,42103,Les Mobiles,tram,47362,Les Mobiles,72367,N.D.
RATP,778,,,,60622,LES MOBILES,N.D.,TRAM-TRAIN,50145856,LES MOBILES,TRAM,42107,Les Mobiles,tram,47362,Les Mobiles,72367,N.D.
RATP,779,,,,16669,LES MOULINEAUX,N.D.,TRAM-TRAIN,50143946,LES MOULINEAUX,TRAM,23440,Les Moulineaux,tram,43765,Les Moulineaux,70622,N.D.
RATP,779,,,,16689,LES MOULINEAUX,N.D.,TRAM-TRAIN,50143966,LES MOULINEAUX,TRAM,22297,Les Moulineaux (Tramway),tram,43765,Les Moulineaux,70622,N.D.
RATP,780,,,,1856,Les Sablons (Jardin d'acclimatation),N.D.,METRO,50026012,Les Sablons (Jardin d'acclimatation),METRO,463217,Les Sablons (Jardin d'acclimatation),metro,43785,Les Sablons,425779,N.D.
RATP,780,,,,2323,Les Sablons (Jardin d'acclimatation),N.D.,METRO,50027044,Les Sablons (Jardin d'acclimatation),METRO,22100,Les Sablons (Jardin d'acclimatation),metro,43785,Les Sablons,425779,N.D.
RATP,781,,,,15596,LIBERATION,N.D.,TRAM-TRAIN,50143508,LIBERATION,TRAM,23296,Libération,tram,43805,Libération,72472,N.D.
RATP,781,,,,15633,LIBERATION,N.D.,TRAM-TRAIN,50143543,LIBERATION,TRAM,23300,Libération,tram,43805,Libération,72472,N.D.
RATP,782,,,,3343803,Liberté,N.D.,METRO,50026023,Liberté,METRO,463209,Liberté,metro,43811,Liberté,71558,N.D.
RATP,782,,,,3343804,Liberté,N.D.,METRO,50026885,Liberté,METRO,22209,Liberté,metro,43811,Liberté,71558,N.D.
RATP,783,,,,1858,Liège,N.D.,METRO,50025935,Liège,METRO,22225,Liège,metro,43814,Liège,71382,N.D.
RATP,783,,,,2325,Liège,N.D.,METRO,50026440,Liège,METRO,463066,Liège,metro,43814,Liège,71382,N.D.
RATP,784,,,,57323,L'ILE-SAINT-DENIS,N.D.,TRAM-TRAIN,50145611,L'ILE-SAINT-DENIS,TRAM,23308,L'Île-Saint-Denis,tram,46331,L'Île Saint-Denis,72319,N.D.
RATP,784,,,,57324,L'ILE-SAINT-DENIS,N.D.,TRAM-TRAIN,50145612,L'ILE-SAINT-DENIS,TRAM,23309,L'Île-Saint-Denis,tram,46331,L'Île Saint-Denis,72319,N.D.
RATP,785,,,,2061,Barbès-Rochechouart,N.D.,METRO,50025961,Barbès-Rochechouart,METRO,22130,Barbès-Rochechouart,metro,42280,Barbès Rochechouart,71426,N.D.
RATP,785,,,,2086,Barbès-Rochechouart,N.D.,METRO,50026629,Barbès-Rochechouart,METRO,463094,Barbès-Rochechouart,metro,42280,Barbès Rochechouart,71426,N.D.
RATP,785,,,,2110,Barbès-Rochechouart,N.D.,METRO,50026107,Barbès-Rochechouart,METRO,463093,Barbès-Rochechouart,metro,42280,Barbès Rochechouart,71426,N.D.
RATP,785,,,,2547,Barbès-Rochechouart,N.D.,METRO,50026800,Barbès-Rochechouart,METRO,22127,Barbès-Rochechouart,metro,42280,Barbès Rochechouart,71426,N.D.
RATP,786,,,,60810,LOCHERES,N.D.,TRAM-TRAIN,50145892,LOCHERES,TRAM,28870,Lochères,tram,43748,Lochères,65604,N.D.
RATP,786,,,,60825,LOCHERES,N.D.,TRAM-TRAIN,50145906,LOCHERES,TRAM,28869,Lochères,tram,43748,Lochères,65604,N.D.
RATP,787,,,,65581,L'ONDE (MAISON DES ARTS),N.D.,TRAM-TRAIN,50146318,L'ONDE (MAISON DES ARTS),TRAM,41852,L'Onde (Maison des Arts),tram,43501,L'Onde (Maison des Arts),73918,N.D.
RATP,787,,,,65599,L'ONDE (MAISON DES ARTS),N.D.,TRAM-TRAIN,50146336,L'ONDE (MAISON DES ARTS),TRAM,2329,L'Onde (Maison des Arts),tram,43501,L'Onde (Maison des Arts),73918,N.D.
RATP,788,,,,1860,Louis Blanc,N.D.,METRO,50025836,LOUIS BLANC,METRO,22384,Louis Blanc,metro,43823,Louis Blanc,71407,N.D.
RATP,788,,,,1861,Louis Blanc,N.D.,METRO,50025839,LOUIS BLANC,METRO,463034,Louis Blanc,metro,43823,Louis Blanc,71407,N.D.
RATP,788,,,,2327,Louis Blanc,N.D.,METRO,50026507,LOUIS BLANC,METRO,463033,Louis Blanc,metro,43823,Louis Blanc,71407,N.D.
RATP,788,,,,2328,Louis Blanc,N.D.,METRO,50026511,LOUIS BLANC,METRO,24681,Louis Blanc,metro,43823,Louis Blanc,71407,N.D.
RATP,789,,,,1862,Louise Michel,N.D.,METRO,50026285,Louise Michel,METRO,22034,Louise Michel,metro,51613,Louise Michel,73667,N.D.
RATP,789,,,,2329,Louise Michel,N.D.,METRO,50026635,Louise Michel,METRO,463210,Louise Michel,metro,51613,Louise Michel,73667,N.D.
RATP,790,,,,3343336,Lourmel,N.D.,METRO,50026369,Lourmel,METRO,22187,Lourmel,metro,45363,Lourmel,71086,N.D.
RATP,790,,,,3343337,Lourmel,N.D.,METRO,50026887,Lourmel,METRO,463211,Lourmel,metro,45363,Lourmel,71086,N.D.
RATP,791,,,,65579,LOUVOIS,N.D.,TRAM-TRAIN,50146316,Louvois,TRAM,2330,Louvois,tram,43830,Louvois,63703,N.D.
RATP,791,,,,65597,LOUVOIS,N.D.,TRAM-TRAIN,50146334,Louvois,TRAM,2334,Louvois,tram,43830,Louvois,63703,N.D.
RATP,792,,,,1864,Louvre-Rivoli,N.D.,METRO,50026014,Louvre-Rivoli,METRO,463218,Louvre-Rivoli,metro,44645,Louvre Rivoli,73630,N.D.
RATP,792,,,,2331,Louvre-Rivoli,N.D.,METRO,50026171,Louvre-Rivoli,METRO,22081,Louvre-Rivoli,metro,44645,Louvre Rivoli,73630,N.D.
RATP,793,,,,1867,Mabillon,N.D.,METRO,50026406,Mabillon,METRO,21973,Mabillon,metro,59379,Mabillon,73639,N.D.
RATP,793,,,,2334,Mabillon,N.D.,METRO,50026595,Mabillon,METRO,462994,Mabillon,metro,59379,Mabillon,73639,N.D.
RATP,794,,,,1166838,Madeleine,N.D.,METRO,50026021,MADELEINE,METRO,21961,Madeleine,metro,43898,Madeleine,71324,N.D.
RATP,794,,,,1166839,Madeleine,N.D.,METRO,50026544,MADELEINE,METRO,463064,Madeleine,metro,43898,Madeleine,71324,N.D.
RATP,794,,,,1869,Madeleine,N.D.,METRO,50026246,MADELEINE,METRO,463081,Madeleine,metro,43898,Madeleine,71324,N.D.
RATP,794,,,,2336,Madeleine,N.D.,METRO,50025926,MADELEINE,METRO,21965,Madeleine,metro,43898,Madeleine,71324,N.D.
RATP,794,,,,3343765,Madeleine,N.D.,METRO,50026891,MADELEINE,METRO,22194,Madeleine,metro,43898,Madeleine,71324,N.D.
RATP,794,,,,3343766,Madeleine,N.D.,METRO,50026553,MADELEINE,METRO,463063,Madeleine,metro,43898,Madeleine,71324,N.D.
RATP,795,,,,65571,MAIL DE LA PLAINE,N.D.,TRAM-TRAIN,50146308,Mail de la Plaine,TRAM,2340,Mail de la Plaine,tram,42642,Mail de la Plaine,70099,N.D.
RATP,795,,,,65589,MAIL DE LA PLAINE,N.D.,TRAM-TRAIN,50146326,Mail de la Plaine,TRAM,2341,Mail de la Plaine,tram,42642,Mail de la Plaine,70099,N.D.
RATP,796,,,,61032,BARON LE ROY,N.D.,TRAM-TRAIN,50145951,BARON LE ROY,TRAM,36482,Baron le Roy,tram,58730,Baron Le Roy,71570,N.D.
RATP,796,,,,61042,BARON LE ROY,N.D.,TRAM-TRAIN,50145961,BARON LE ROY,TRAM,460561,Baron le Roy,tram,58730,Baron Le Roy,71570,N.D.
RATP,797,,,,1872,Mairie de Clichy,N.D.,METRO,50025936,MAIRIE DE CLICHY,METRO,22238,Mairie de Clichy,metro,44012,Mairie de Clichy,72118,N.D.
RATP,797,,,,2268,Mairie de Clichy,N.D.,METRO,50025937,MAIRIE DE CLICHY,METRO,463086,Mairie de Clichy,metro,44012,Mairie de Clichy,72118,N.D.
RATP,798,,,,1873,Mairie de Montreuil,N.D.,METRO,50026045,Mairie de Montreuil,METRO,21941,Mairie de Montreuil,metro,44052,Mairie de Montreuil,71785,N.D.
RATP,798,,,,2269,Mairie de Montreuil,N.D.,METRO,50026044,Mairie de Montreuil,METRO,463221,Mairie de Montreuil,metro,44052,Mairie de Montreuil,71785,N.D.
RATP,799,,,,4028973,Mairie de Montrouge,N.D.,METRO,50026639,Mairie de Montrouge,METRO,26602,Mairie de Montrouge,metro,45904,Mairie de Montrouge,70586,N.D.
RATP,799,,,,4028974,Mairie de Montrouge,N.D.,METRO,50026638,Mairie de Montrouge,METRO,463222,Mairie de Montrouge,metro,45904,Mairie de Montrouge,70586,N.D.
RATP,800,,,,60803,MAIRIE DE PIERREFITTE,N.D.,TRAM-TRAIN,50145885,MAIRIE DE PIERREFITTE,TRAM,28854,Mairie,tram,50687,Mairie de Pierrefitte,72408,N.D.
RATP,800,,,,60818,MAIRIE DE PIERREFITTE,N.D.,TRAM-TRAIN,50145899,MAIRIE DE PIERREFITTE,TRAM,28852,Mairie,tram,50687,Mairie de Pierrefitte,72408,N.D.
RATP,801,,,,1874,Mairie de Saint-Ouen,N.D.,METRO,50026258,Mairie de Saint-Ouen,METRO,463212,Mairie de Saint-Ouen,metro,43969,Mairie de Saint-Ouen,72168,N.D.
RATP,801,,,,2270,Mairie de Saint-Ouen,N.D.,METRO,50026949,Mairie de Saint-Ouen,METRO,22243,Mairie de Saint-Ouen,metro,43969,Mairie de Saint-Ouen,72168,N.D.
RATP,801,,,,9195883,Mairie de Saint-Ouen,N.D.,METRO,50147699,Mairie de Saint-Ouen,METRO,480290,Mairie de Saint-Ouen,metro,43969,Mairie de Saint-Ouen,72168,N.D.
RATP,801,,,,9195884,Mairie de Saint-Ouen,N.D.,METRO,50147700,Mairie de Saint-Ouen,METRO,480330,Mairie de Saint-Ouen,metro,43969,Mairie de Saint-Ouen,72168,N.D.
RATP,802,,,,65580,MAIRIE DE VELIZY,N.D.,TRAM-TRAIN,50146317,MAIRIE DE VELIZY,TRAM,2331,Mairie de Vélizy,tram,42430,Mairie de Vélizy,63706,N.D.
RATP,802,,,,65598,MAIRIE DE VELIZY,N.D.,TRAM-TRAIN,50146335,MAIRIE DE VELIZY,TRAM,2332,Mairie de Vélizy,tram,42430,Mairie de Vélizy,63706,N.D.
RATP,803,,,,57325,MAIRIE DE VILLENEUVE-LA GARENNE,N.D.,TRAM-TRAIN,50145613,MAIRIE DE VILLENEUVE-LA GARENNE,TRAM,23290,Mairie de Villeneuve-la Garenne,tram,46332,Mairie de Villeneuve-la-Garenne,72324,N.D.
RATP,803,,,,57326,MAIRIE DE VILLENEUVE-LA GARENNE,N.D.,TRAM-TRAIN,50145614,MAIRIE DE VILLENEUVE-LA GARENNE,TRAM,23291,Mairie de Villeneuve-la Garenne,tram,46332,Mairie de Villeneuve-la-Garenne,72324,N.D.
RATP,804,,,,1875,Mairie des Lilas,N.D.,METRO,50026597,MAIRIE DES LILAS,METRO,21999,Mairie des Lilas,metro,44055,Mairie des Lilas,71909,N.D.
RATP,804,,,,2271,Mairie des Lilas,N.D.,METRO,50026598,MAIRIE DES LILAS,METRO,463223,Mairie des Lilas,metro,44055,Mairie des Lilas,71909,N.D.
RATP,805,,,,1870,Mairie d'Issy,N.D.,METRO,50026937,MAIRIE D'ISSY,METRO,22062,Mairie d'Issy,metro,44050,Mairie d'Issy,70671,N.D.
RATP,805,,,,2337,Mairie d'Issy,N.D.,METRO,50026068,MAIRIE D'ISSY,METRO,463219,Mairie d'Issy,metro,44050,Mairie d'Issy,70671,N.D.
RATP,806,,,,1871,Mairie d'Ivry,N.D.,METRO,50026324,Mairie d'Ivry,METRO,463220,Mairie d'Ivry,metro,44051,Mairie d'Ivry,70488,N.D.
RATP,806,,,,2301,Mairie d'Ivry,N.D.,METRO,50026325,Mairie d'Ivry,METRO,22396,Mairie d'Ivry,metro,44051,Mairie d'Ivry,70488,N.D.
RATP,807,,,,15611,Basilique de Saint-Denis,N.D.,TRAM-TRAIN,50143522,Basilique de Saint-Denis,TRAM,22633,Basilique de Saint-Denis,tram,44859,Basilique de Saint-Denis,72326,N.D.
RATP,807,,,,15618,Basilique de Saint-Denis,N.D.,TRAM-TRAIN,50143528,Basilique de Saint-Denis,TRAM,22634,Basilique de Saint-Denis,tram,44859,Basilique de Saint-Denis,72326,N.D.
RATP,807,,,,1716,Basilique de Saint-Denis,N.D.,METRO,50026947,Basilique de Saint-Denis,METRO,463126,Basilique de Saint-Denis,metro,463329,Basilique de Saint-Denis,72326,N.D.
RATP,807,,,,2461,Basilique de Saint-Denis,N.D.,METRO,50026783,Basilique de Saint-Denis,METRO,22240,Basilique de Saint-Denis,metro,463329,Basilique de Saint-Denis,72326,N.D.
RATP,808,,,,1876,Maison Blanche,N.D.,METRO,50026328,MAISON BLANCHE,METRO,463224,Maison Blanche,metro,44057,Maison Blanche,70645,N.D.
RATP,808,,,,2272,Maison Blanche,N.D.,METRO,50025989,MAISON BLANCHE,METRO,22385,Maison Blanche,metro,44057,Maison Blanche,70645,N.D.
RATP,809,,,,3343811,Maisons-Alfort-Les Juilliottes,N.D.,METRO,50025878,Maisons-Alfort-Les Juilliottes,METRO,22216,Maisons-Alfort-Les Juilliottes,metro,44067,Maisons-Alfort Les Juilliottes,70358,N.D.
RATP,809,,,,3343812,Maisons-Alfort-Les Juilliottes,N.D.,METRO,50026178,Maisons-Alfort-Les Juilliottes,METRO,463015,Maisons-Alfort-Les Juilliottes,metro,44067,Maisons-Alfort Les Juilliottes,70358,N.D.
RATP,810,,,,3343809,Maisons-Alfort-Stade,N.D.,METRO,50026554,Maisons-Alfort-Stade,METRO,22215,Maisons-Alfort-Stade,metro,44066,Maisons-Alfort - Stade,70426,N.D.
RATP,810,,,,3343810,Maisons-Alfort-Stade,N.D.,METRO,50026185,Maisons-Alfort-Stade,METRO,463225,Maisons-Alfort-Stade,metro,44066,Maisons-Alfort - Stade,70426,N.D.
RATP,811,,,,1879,Malakoff-Plateau de Vanves,N.D.,METRO,50026951,Malakoff-Plateau de Vanves,METRO,463213,Malakoff-Plateau de Vanves,metro,413433,Malakoff - Plateau De Vanves,73766,N.D.
RATP,811,,,,2275,Malakoff-Plateau de Vanves,N.D.,METRO,50026438,Malakoff-Plateau de Vanves,METRO,22235,Malakoff-Plateau de Vanves,metro,413433,Malakoff - Plateau De Vanves,73766,N.D.
RATP,812,,,,1880,Malakoff-Rue Etienne Dolet,N.D.,METRO,50026259,Malakoff-Rue Etienne Dolet,METRO,463214,Malakoff-Rue Etienne Dolet,metro,44069,Malakoff Rue Étienne Dolet,70562,N.D.
RATP,812,,,,2276,Malakoff-Rue Etienne Dolet,N.D.,METRO,50026260,Malakoff-Rue Etienne Dolet,METRO,22236,Malakoff-Rue Etienne Dolet,metro,44069,Malakoff Rue Étienne Dolet,70562,N.D.
RATP,813,,,,1882,Maraîchers,N.D.,METRO,50088143,Maraîchers,METRO,463215,Maraîchers,metro,44072,Maraîchers,71703,N.D.
RATP,813,,,,2278,Maraîchers,N.D.,METRO,50088145,Maraîchers,METRO,21936,Maraîchers,metro,44072,Maraîchers,71703,N.D.
RATP,814,,,,1655,Marcadet-Poissonniers,N.D.,METRO,50026465,Marcadet-Poissonniers,METRO,462974,Marcadet-Poissonniers,metro,44075,Marcadet Poissonniers,71511,N.D.
RATP,814,,,,1883,Marcadet-Poissonniers,N.D.,METRO,50025762,Marcadet-Poissonniers,METRO,22052,Marcadet-Poissonniers,metro,44075,Marcadet Poissonniers,71511,N.D.
RATP,814,,,,2279,Marcadet-Poissonniers,N.D.,METRO,50026251,Marcadet-Poissonniers,METRO,462973,Marcadet-Poissonniers,metro,44075,Marcadet Poissonniers,71511,N.D.
RATP,814,,,,2535,Marcadet-Poissonniers,N.D.,METRO,50026293,Marcadet-Poissonniers,METRO,22132,Marcadet-Poissonniers,metro,44075,Marcadet Poissonniers,71511,N.D.
RATP,815,,,,15612,MARCHE DE SAINT-DENIS,N.D.,TRAM-TRAIN,50143523,MARCHE DE SAINT-DENIS,TRAM,22267,Marché de Saint-Denis,tram,44095,Marché de Saint-Denis,72333,N.D.
RATP,815,,,,15617,MARCHE DE SAINT-DENIS,N.D.,TRAM-TRAIN,50143527,MARCHE DE SAINT-DENIS,TRAM,22268,Marché de Saint-Denis,tram,44095,Marché de Saint-Denis,72333,N.D.
RATP,815,,,,60796,MARCHE DE SAINT-DENIS,N.D.,TRAM-TRAIN,50145878,MARCHE DE SAINT-DENIS,TRAM,28846,Marché de Saint-Denis,tram,44095,Marché de Saint-Denis,72333,N.D.
RATP,816,,,,60951,MARIE DE MIRIBEL,N.D.,TRAM-TRAIN,50145914,MARIE DE MIRIBEL,TRAM,24405,Marie de Miribel,tram,58503,Marie De Miribel,73802,N.D.
RATP,816,,,,60999,MARIE DE MIRIBEL,N.D.,TRAM-TRAIN,50145944,MARIE DE MIRIBEL,TRAM,24394,Marie de Miribel,tram,58503,Marie De Miribel,73802,N.D.
RATP,817,,,,1886,Marx-Dormoy,N.D.,METRO,50026427,Marx-Dormoy,METRO,22053,Marx-Dormoy,metro,44113,Marx Dormoy,71510,N.D.
RATP,817,,,,2282,Marx-Dormoy,N.D.,METRO,50026428,Marx-Dormoy,METRO,463236,Marx-Dormoy,metro,44113,Marx Dormoy,71510,N.D.
RATP,818,,,,1811,Maubert-Mutualité,N.D.,METRO,50026593,Maubert-Mutualité,METRO,21975,Maubert-Mutualité,metro,44119,Maubert Mutualité,71190,N.D.
RATP,818,,,,2350,Maubert-Mutualité,N.D.,METRO,50026762,Maubert-Mutualité,METRO,463237,Maubert-Mutualité,metro,44119,Maubert Mutualité,71190,N.D.
RATP,819,,,,15602,MAURICE LACHATRE,N.D.,TRAM-TRAIN,50143514,MAURICE LACHATRE,TRAM,23305,Maurice Lachâtre,tram,44125,Maurice Lachâtre,72553,N.D.
RATP,819,,,,15627,MAURICE LACHATRE,N.D.,TRAM-TRAIN,50143537,MAURICE LACHATRE,TRAM,23295,Maurice Lachâtre,tram,44125,Maurice Lachâtre,72553,N.D.
RATP,820,,,,1812,Ménilmontant,N.D.,METRO,50026791,Ménilmontant,METRO,22116,Ménilmontant,metro,44133,Ménilmontant,71815,N.D.
RATP,820,,,,2351,Ménilmontant,N.D.,METRO,50026619,Ménilmontant,METRO,463243,Ménilmontant,metro,44133,Ménilmontant,71815,N.D.
RATP,821,,,,65575,MEUDON-LA-FORET,N.D.,TRAM-TRAIN,50146312,MEUDON-LA-FORET,TRAM,2347,Meudon-la-Forêt,tram,42830,Meudon-la-Forêt,69466,N.D.
RATP,821,,,,65593,MEUDON-LA-FORET,N.D.,TRAM-TRAIN,50146330,MEUDON-LA-FORET,TRAM,2348,Meudon-la-Forêt,tram,42830,Meudon-la-Forêt,69466,N.D.
RATP,822,,,,16670,MEUDON-SUR-SEINE,N.D.,TRAM-TRAIN,50143947,MEUDON-SUR-SEINE,TRAM,25639,Meudon sur-Seine,tram,44137,Meudon-sur-Seine,70587,N.D.
RATP,822,,,,16688,MEUDON-SUR-SEINE,N.D.,TRAM-TRAIN,50143965,MEUDON-SUR-SEINE,TRAM,25640,Meudon sur-Seine,tram,44137,Meudon-sur-Seine,70587,N.D.
RATP,823,,,,3343797,Michel Bizot,N.D.,METRO,50026718,Michel Bizot,METRO,22206,Michel Bizot,metro,44140,Michel Bizot,71595,N.D.
RATP,823,,,,3343798,Michel Bizot,N.D.,METRO,50027060,Michel Bizot,METRO,463226,Michel Bizot,metro,44140,Michel Bizot,71595,N.D.
RATP,824,,,,1814,Michel-Ange-Auteuil,N.D.,METRO,50026333,Michel-Ange-Auteuil,METRO,21922,Michel-Ange-Auteuil,metro,44138,Michel-Ange - Auteuil,71206,N.D.
RATP,824,,,,2353,Michel-Ange-Auteuil,N.D.,METRO,50026851,Michel-Ange-Auteuil,METRO,463238,Michel-Ange-Auteuil,metro,44138,Michel-Ange - Auteuil,71206,N.D.
RATP,824,,,,2354,Michel-Ange-Auteuil,N.D.,METRO,50026058,Michel-Ange-Auteuil,METRO,21907,Michel-Ange-Auteuil,metro,44138,Michel-Ange - Auteuil,71206,N.D.
RATP,825,,,,1816,Michel-Ange-Molitor,N.D.,METRO,50026381,Michel-Ange-Molitor,METRO,463239,Michel-Ange-Molitor,metro,44139,Michel-Ange - Molitor,73658,N.D.
RATP,825,,,,1817,Michel-Ange-Molitor,N.D.,METRO,50026754,Michel-Ange-Molitor,METRO,21904,Michel-Ange-Molitor,metro,44139,Michel-Ange - Molitor,73658,N.D.
RATP,825,,,,2355,Michel-Ange-Molitor,N.D.,METRO,50026900,Michel-Ange-Molitor,METRO,21923,Michel-Ange-Molitor,metro,44139,Michel-Ange - Molitor,73658,N.D.
RATP,826,,,,60797,BAUDELAIRE,N.D.,TRAM-TRAIN,50145879,Baudelaire,TRAM,28867,Baudelaire,tram,58637,Baudelaire,73921,N.D.
RATP,826,,,,60813,BAUDELAIRE,N.D.,TRAM-TRAIN,50145894,Baudelaire,TRAM,28866,Baudelaire,tram,58637,Baudelaire,73921,N.D.
RATP,827,,,,1818,Mirabeau,N.D.,METRO,50026402,Mirabeau,METRO,21982,Mirabeau,metro,45430,Mirabeau,71162,N.D.
RATP,828,,,,1819,Miromesnil,N.D.,METRO,50026043,Miromesnil,METRO,462957,Miromesnil,metro,43511,Miromesnil,71346,N.D.
RATP,828,,,,1820,Miromesnil,N.D.,METRO,50026788,Miromesnil,METRO,22224,Miromesnil,metro,43511,Miromesnil,71346,N.D.
RATP,828,,,,2358,Miromesnil,N.D.,METRO,50025721,Miromesnil,METRO,21924,Miromesnil,metro,43511,Miromesnil,71346,N.D.
RATP,828,,,,2359,Miromesnil,N.D.,METRO,50026444,Miromesnil,METRO,474397,Miromesnil,metro,43511,Miromesnil,71346,N.D.
RATP,829,,,,1822,Monceau,N.D.,METRO,50026627,MONCEAU,METRO,22117,Monceau,metro,44146,Monceau,73671,N.D.
RATP,829,,,,2361,Monceau,N.D.,METRO,50026090,MONCEAU,METRO,463240,Monceau,metro,44146,Monceau,73671,N.D.
RATP,830,,,,61035,MONTEMPOIVRE,N.D.,TRAM-TRAIN,50145954,MONTEMPOIVRE,TRAM,40067,Montempoivre,tram,45214,Montempoivre,71612,N.D.
RATP,830,,,,61039,MONTEMPOIVRE,N.D.,TRAM-TRAIN,50145958,MONTEMPOIVRE,TRAM,24125,Montempoivre,tram,45214,Montempoivre,71612,N.D.
RATP,831,,,,3343793,Montgallet,N.D.,METRO,50026894,Montgallet,METRO,463241,Montgallet,metro,44160,Montgallet,71631,N.D.
RATP,831,,,,3343794,Montgallet,N.D.,METRO,50027066,Montgallet,METRO,22205,Montgallet,metro,44160,Montgallet,71631,N.D.
RATP,832,,,,32610,MONTSOURIS,N.D.,TRAM-TRAIN,50144920,MONTSOURIS,TRAM,24119,Montsouris,tram,45329,Montsouris,70620,N.D.
RATP,832,,,,32623,MONTSOURIS,N.D.,TRAM-TRAIN,50144933,MONTSOURIS,TRAM,24122,Montsouris,tram,45329,Montsouris,70620,N.D.
RATP,833,,,,63728,MOULIN VERT,N.D.,TRAM-TRAIN,50146153,MOULIN VERT,TRAM,29905,Moulin Vert,tram,47693,Moulin Vert,69925,N.D.
RATP,833,,,,63746,MOULIN VERT,N.D.,TRAM-TRAIN,50146170,MOULIN VERT,TRAM,29904,Moulin Vert,tram,47693,Moulin Vert,69925,N.D.
RATP,834,,,,1828,Mouton-Duvernet,N.D.,METRO,50026981,Mouton-Duvernet,METRO,22144,Mouton-Duvernet,metro,44183,Mouton Duvernet,73653,N.D.
RATP,834,,,,2367,Mouton-Duvernet,N.D.,METRO,50026106,Mouton-Duvernet,METRO,463242,Mouton-Duvernet,metro,44183,Mouton Duvernet,73653,N.D.
RATP,835,,,,16672,MUSEE DE SEVRES,N.D.,TRAM-TRAIN,50143949,MUSEE DE SEVRES,TRAM,23444,Musée de Sevres,tram,44189,Musée de Sèvres,70692,N.D.
RATP,835,,,,16686,MUSEE DE SEVRES,N.D.,TRAM-TRAIN,50143963,MUSEE DE SEVRES,TRAM,22302,Musée de Sevres,tram,44189,Musée de Sèvres,70692,N.D.
RATP,836,,,,1836,Nationale,N.D.,METRO,50026650,NATIONALE,METRO,463004,Nationale,metro,44192,Nationale,71043,N.D.
RATP,836,,,,2303,Nationale,N.D.,METRO,50025818,NATIONALE,METRO,22169,Nationale,metro,44192,Nationale,71043,N.D.
RATP,837,,,,2065,Bel-Air,N.D.,METRO,50026995,Bel-Air,METRO,22177,Bel-Air,metro,45222,Bel-Air,73650,N.D.
RATP,837,,,,2114,Bel-Air,N.D.,METRO,50026302,Bel-Air,METRO,463127,Bel-Air,metro,45222,Bel-Air,73650,N.D.
RATP,838,,,,1841,Notre-Dame de Lorette,N.D.,METRO,50025922,Notre-Dame de Lorette,METRO,463062,Notre-Dame de Lorette,metro,44210,Notre-Dame-de-Lorette,71350,N.D.
RATP,838,,,,2308,Notre-Dame de Lorette,N.D.,METRO,50026241,Notre-Dame de Lorette,METRO,22050,Notre-Dame de Lorette,metro,44210,Notre-Dame-de-Lorette,71350,N.D.
RATP,839,,,,1842,Notre-Dame des Champs,N.D.,METRO,50026243,Notre-Dame des Champs,METRO,462965,Notre-Dame des Champs,metro,44211,Notre-Dame-des-Champs,71138,N.D.
RATP,839,,,,2309,Notre-Dame des Champs,N.D.,METRO,50025755,Notre-Dame des Champs,METRO,22051,Notre-Dame des Champs,metro,44211,Notre-Dame-des-Champs,71138,N.D.
RATP,840,,,,1843,Oberkampf,N.D.,METRO,50026989,Oberkampf,METRO,21905,Oberkampf,metro,45193,Oberkampf,71803,N.D.
RATP,840,,,,1844,Oberkampf,N.D.,METRO,50025894,Oberkampf,METRO,21925,Oberkampf,metro,45193,Oberkampf,71803,N.D.
RATP,840,,,,2310,Oberkampf,N.D.,METRO,50026116,Oberkampf,METRO,463059,Oberkampf,metro,45193,Oberkampf,71803,N.D.
RATP,840,,,,2311,Oberkampf,N.D.,METRO,50026201,Oberkampf,METRO,463054,Oberkampf,metro,45193,Oberkampf,71803,N.D.
RATP,841,,,,1653,Odéon,N.D.,METRO,50026920,Odéon,METRO,21978,Odéon,metro,58716,Odéon,73618,N.D.
RATP,841,,,,1845,Odéon,N.D.,METRO,50026463,Odéon,METRO,462995,Odéon,metro,58716,Odéon,73618,N.D.
RATP,841,,,,2312,Odéon,N.D.,METRO,50026290,Odéon,METRO,22145,Odéon,metro,58716,Odéon,73618,N.D.
RATP,841,,,,2533,Odéon,N.D.,METRO,50026921,Odéon,METRO,462998,Odéon,metro,58716,Odéon,73618,N.D.
RATP,842,,,,1166824,Olympiades,N.D.,METRO,50025876,Olympiades,METRO,21954,Olympiades,metro,479056,Olympiades,71557,N.D.
RATP,842,,,,1166825,Olympiades,N.D.,METRO,50026542,Olympiades,METRO,463045,Olympiades,metro,479056,Olympiades,71557,N.D.
RATP,843,,,,1846,Opéra,N.D.,METRO,50026281,Opéra,METRO,463246,Opéra,metro,42237,Opéra,71337,N.D.
RATP,843,,,,1847,Opéra,N.D.,METRO,50026503,Opéra,METRO,22381,Opéra,metro,42237,Opéra,71337,N.D.
RATP,843,,,,2313,Opéra,N.D.,METRO,50026966,Opéra,METRO,22030,Opéra,metro,42237,Opéra,71337,N.D.
RATP,843,,,,2314,Opéra,N.D.,METRO,50026133,Opéra,METRO,463245,Opéra,metro,42237,Opéra,71337,N.D.
RATP,843,,,,3343767,Opéra,N.D.,METRO,50026183,Opéra,METRO,22195,Opéra,metro,42237,Opéra,71337,N.D.
RATP,843,,,,3343768,Opéra,N.D.,METRO,50026888,Opéra,METRO,463244,Opéra,metro,42237,Opéra,71337,N.D.
RATP,844,,,,1772,Ourcq,N.D.,METRO,50025815,Ourcq,METRO,22005,Ourcq,metro,44227,Ourcq,71972,N.D.
RATP,844,,,,2382,Ourcq,N.D.,METRO,50026832,Ourcq,METRO,463027,Ourcq,metro,44227,Ourcq,71972,N.D.
RATP,845,,,,60599,PABLO NERUDA,N.D.,TRAM-TRAIN,50145834,PABLO NERUDA,TRAM,42134,Pablo Neruda,tram,59329,Pablo Néruda,72387,N.D.
RATP,845,,,,60601,PABLO NERUDA,N.D.,TRAM-TRAIN,50145836,PABLO NERUDA,TRAM,42130,Pablo Neruda,tram,59329,Pablo Néruda,72387,N.D.
RATP,846,,,,1773,Palais-Royal (Musée du Louvre),N.D.,METRO,50026351,Palais-Royal (Musée du Louvre),METRO,463227,Palais-Royal (Musée du Louvre),metro,44236,Palais Royal - Musée Du Louvre,71297,N.D.
RATP,846,,,,1774,Palais-Royal (Musée du Louvre),N.D.,METRO,50026125,Palais-Royal (Musée du Louvre),METRO,22376,Palais-Royal (Musée du Louvre),metro,44236,Palais Royal - Musée Du Louvre,71297,N.D.
RATP,846,,,,2383,Palais-Royal (Musée du Louvre),N.D.,METRO,50026169,Palais-Royal (Musée du Louvre),METRO,22079,Palais-Royal (Musée du Louvre),metro,44236,Palais Royal - Musée Du Louvre,71297,N.D.
RATP,846,,,,2384,Palais-Royal (Musée du Louvre),N.D.,METRO,50026126,Palais-Royal (Musée du Louvre),METRO,463249,Palais-Royal (Musée du Louvre),metro,44236,Palais Royal - Musée Du Louvre,71297,N.D.
RATP,847,,,,2066,Belleville,N.D.,METRO,50026768,Belleville,METRO,463110,Belleville,metro,42311,Belleville,71853,N.D.
RATP,847,,,,2087,Belleville,N.D.,METRO,50026270,Belleville,METRO,22128,Belleville,metro,42311,Belleville,71853,N.D.
RATP,847,,,,2115,Belleville,N.D.,METRO,50026411,Belleville,METRO,21998,Belleville,metro,42311,Belleville,71853,N.D.
RATP,847,,,,2548,Belleville,N.D.,METRO,50026795,Belleville,METRO,463111,Belleville,metro,42311,Belleville,71853,N.D.
RATP,848,,,,65567,PARC ANDRE MALRAUX,N.D.,TRAM-TRAIN,50146304,PARC ANDRE MALRAUX,TRAM,2338,Parc André Malraux,tram,59179,Parc André Malraux,70310,N.D.
RATP,848,,,,65585,PARC ANDRE MALRAUX,N.D.,TRAM-TRAIN,50146322,PARC ANDRE MALRAUX,TRAM,41670,Parc André Malraux,tram,59179,Parc André Malraux,70310,N.D.
RATP,849,,,,16673,PARC DE ST-CLOUD,N.D.,TRAM-TRAIN,50143950,PARC DE ST-CLOUD,TRAM,25643,Parc de Saint-Cloud,tram,44249,Parc de Saint-Cloud,70726,N.D.
RATP,849,,,,16685,PARC DE ST-CLOUD,N.D.,TRAM-TRAIN,50143962,PARC DE ST-CLOUD,TRAM,25644,Parc de Saint-Cloud,tram,44249,Parc de Saint-Cloud,70726,N.D.
RATP,850,,,,57331,PARC DES CHANTERAINES,N.D.,TRAM-TRAIN,50145619,PARC DES CHANTERAINES,TRAM,23286,Parc des Chanteraines,tram,44252,Parc des Chanteraines,72307,N.D.
RATP,850,,,,57332,PARC DES CHANTERAINES,N.D.,TRAM-TRAIN,50145620,PARC DES CHANTERAINES,TRAM,460554,Parc des Chanteraines,tram,44252,Parc des Chanteraines,72307,N.D.
RATP,851,,,,60629,PARC PIERRE LAGRAVERE,N.D.,TRAM-TRAIN,50145863,PARC PIERRE LAGRAVERE,TRAM,23427,Parc Pierre Lagravère,tram,44678,Parc Pierre Lagravère,70975,N.D.
RATP,851,,,,60632,PARC PIERRE LAGRAVERE,N.D.,TRAM-TRAIN,50145866,PARC PIERRE LAGRAVERE,TRAM,23429,Parc Pierre Lagravère,tram,44678,Parc Pierre Lagravère,70975,N.D.
RATP,852,,,,1779,Parmentier,N.D.,METRO,50026279,Parmentier,METRO,22019,Parmentier,metro,58725,Parmentier,71801,N.D.
RATP,852,,,,2389,Parmentier,N.D.,METRO,50026455,Parmentier,METRO,463250,Parmentier,metro,58725,Parmentier,71801,N.D.
RATP,853,,,,1780,Passy,N.D.,METRO,50025974,Passy,METRO,22165,Passy,metro,45417,Passy,71237,N.D.
RATP,853,,,,2390,Passy,N.D.,METRO,50027000,Passy,METRO,463101,Passy,metro,45417,Passy,71237,N.D.
RATP,854,,,,1781,Pasteur,N.D.,METRO,50026487,Pasteur,METRO,462948,Pasteur,metro,44273,Pasteur,71125,N.D.
RATP,854,,,,1782,Pasteur,N.D.,METRO,50025925,Pasteur,METRO,462947,Pasteur,metro,44273,Pasteur,71125,N.D.
RATP,854,,,,2391,Pasteur,N.D.,METRO,50026655,Pasteur,METRO,22166,Pasteur,metro,44273,Pasteur,71125,N.D.
RATP,854,,,,2392,Pasteur,N.D.,METRO,50025759,Pasteur,METRO,22039,Pasteur,metro,44273,Pasteur,71125,N.D.
RATP,855,,,,60595,PAUL ELUARD,N.D.,TRAM-TRAIN,50145830,Paul Eluard,TRAM,42119,Paul Éluard,tram,46334,Paul Éluard,72335,N.D.
RATP,855,,,,60605,PAUL ELUARD,N.D.,TRAM-TRAIN,50145840,Paul Eluard,TRAM,42124,Paul Éluard,tram,46334,Paul Éluard,72335,N.D.
RATP,856,,,,60809,PAUL VALERY,N.D.,TRAM-TRAIN,50145891,PAUL VALERY,TRAM,28875,Paul Valéry,tram,44298,Paul Valéry,65618,N.D.
RATP,856,,,,60824,PAUL VALERY,N.D.,TRAM-TRAIN,50145905,PAUL VALERY,TRAM,28873,Paul Valéry,tram,44298,Paul Valéry,65618,N.D.
RATP,857,,,,65572,PAVE BLANC (PARC NOVEOS),N.D.,TRAM-TRAIN,50146309,PAVE BLANC (PARC NOVEOS),TRAM,2339,Pavé Blanc (Parc Noveos),tram,44300,Pavé Blanc,70049,N.D.
RATP,857,,,,65590,PAVE BLANC (PARC NOVEOS),N.D.,TRAM-TRAIN,50146327,PAVE BLANC (PARC NOVEOS),TRAM,2345,Pavé Blanc (Parc Noveos),tram,44300,Pavé Blanc,70049,N.D.
RATP,858,,,,16677,BELVEDERE,N.D.,TRAM-TRAIN,50143954,BELVEDERE,TRAM,22303,Belvédère,tram,42315,Belvédère,70845,N.D.
RATP,858,,,,16681,BELVEDERE,N.D.,TRAM-TRAIN,50143958,BELVEDERE,TRAM,22304,Belvédère,tram,42315,Belvédère,70845,N.D.
RATP,859,,,,1783,Pelleport,N.D.,METRO,50025952,Pelleport,METRO,462990,Pelleport,metro,45630,Pelleport,71828,N.D.
RATP,859,,,,2393,Pelleport,N.D.,METRO,50025793,Pelleport,METRO,21948,Pelleport,metro,45630,Pelleport,71828,N.D.
RATP,860,,,,1786,Pereire,N.D.,METRO,50088142,Pereire,METRO,463228,Pereire,metro,462376,Pereire,71453,N.D.
RATP,860,,,,2396,Pereire,N.D.,METRO,50088141,Pereire,METRO,22021,Pereire,metro,462376,Pereire,71453,N.D.
RATP,861,,,,1784,Père-Lachaise,N.D.,METRO,50026273,Père-Lachaise,METRO,22112,Père-Lachaise,metro,44310,Père Lachaise,71787,N.D.
RATP,861,,,,1785,Père-Lachaise,N.D.,METRO,50026099,Père-Lachaise,METRO,463286,Père-Lachaise,metro,44310,Père Lachaise,71787,N.D.
RATP,861,,,,2394,Père-Lachaise,N.D.,METRO,50026449,Père-Lachaise,METRO,463285,Père-Lachaise,metro,44310,Père Lachaise,71787,N.D.
RATP,861,,,,2395,Père-Lachaise,N.D.,METRO,50026456,Père-Lachaise,METRO,22020,Père-Lachaise,metro,44310,Père Lachaise,71787,N.D.
RATP,862,,,,1787,Pernety,N.D.,METRO,50026079,Pernety,METRO,22222,Pernety,metro,44316,Pernety,412687,N.D.
RATP,862,,,,2397,Pernety,N.D.,METRO,50026432,Pernety,METRO,463229,Pernety,metro,44316,Pernety,412687,N.D.
RATP,863,,,,25741,PETIT NOISY,N.D.,TRAM-TRAIN,50144593,PETIT NOISY,TRAM,23311,Petit Noisy,tram,44325,Petit Noisy,72438,N.D.
RATP,863,,,,25748,PETIT NOISY,N.D.,TRAM-TRAIN,50144600,PETIT NOISY,TRAM,22263,Petit Noisy,tram,44325,Petit Noisy,72438,N.D.
RATP,864,,,,60800,PETIT PIERREFITTE,N.D.,TRAM-TRAIN,50145882,PETIT PIERREFITTE,TRAM,28860,Petit Pierrefitte,tram,46338,Petit Pierrefitte,72371,N.D.
RATP,864,,,,60815,PETIT PIERREFITTE,N.D.,TRAM-TRAIN,50145896,PETIT PIERREFITTE,TRAM,28851,Petit Pierrefitte,tram,46338,Petit Pierrefitte,72371,N.D.
RATP,865,,,,1788,Philippe Auguste,N.D.,METRO,50026450,Philippe Auguste,METRO,22113,Philippe Auguste,metro,44332,Philippe Auguste,71751,N.D.
RATP,865,,,,2398,Philippe Auguste,N.D.,METRO,50026625,Philippe Auguste,METRO,463230,Philippe Auguste,metro,44332,Philippe Auguste,71751,N.D.
RATP,866,,,,1789,Picpus,N.D.,METRO,50025971,PICPUS,METRO,22167,Picpus,metro,44334,Picpus,71639,N.D.
RATP,866,,,,2399,Picpus,N.D.,METRO,50026488,PICPUS,METRO,463098,Picpus,metro,44334,Picpus,71639,N.D.
RATP,867,,,,60593,PIERRE DE GEYTER,N.D.,TRAM-TRAIN,50145828,PIERRE DE GEYTER,TRAM,42121,Pierre de Geyter,tram,50567,Square de Geyter,72292,N.D.
RATP,867,,,,60607,PIERRE DE GEYTER,N.D.,TRAM-TRAIN,50145842,PIERRE DE GEYTER,TRAM,42118,Pierre de Geyter,tram,50567,Square de Geyter,72292,N.D.
RATP,868,,,,1790,Pierre et Marie Curie,N.D.,METRO,50026665,Pierre et Marie Curie,METRO,22397,Pierre et Marie Curie,metro,44343,Pierre et Marie Curie,70537,N.D.
RATP,868,,,,2400,Pierre et Marie Curie,N.D.,METRO,50026666,Pierre et Marie Curie,METRO,463251,Pierre et Marie Curie,metro,44343,Pierre et Marie Curie,70537,N.D.
RATP,869,,,,2067,Bérault,N.D.,METRO,50026537,Bérault,METRO,463130,Bérault,metro,42318,Bérault,71650,N.D.
RATP,869,,,,2116,Bérault,N.D.,METRO,50026879,Bérault,METRO,22105,Bérault,metro,42318,Bérault,71650,N.D.
RATP,870,,,,1791,Pigalle,N.D.,METRO,50025941,PIGALLE,METRO,22114,Pigalle,metro,44345,Pigalle,71409,N.D.
RATP,870,,,,1792,Pigalle,N.D.,METRO,50026075,PIGALLE,METRO,22040,Pigalle,metro,44345,Pigalle,71409,N.D.
RATP,870,,,,2401,Pigalle,N.D.,METRO,50026276,PIGALLE,METRO,463088,Pigalle,metro,44345,Pigalle,71409,N.D.
RATP,870,,,,2402,Pigalle,N.D.,METRO,50026777,PIGALLE,METRO,463089,Pigalle,metro,44345,Pigalle,71409,N.D.
RATP,871,,,,1795,Place de Clichy,N.D.,METRO,50026792,PLACE DE CLICHY,METRO,463252,Place de Clichy,metro,44372,Place de Clichy,71435,N.D.
RATP,871,,,,1796,Place de Clichy,N.D.,METRO,50026612,PLACE DE CLICHY,METRO,22129,Place de Clichy,metro,44372,Place de Clichy,71435,N.D.
RATP,871,,,,2405,Place de Clichy,N.D.,METRO,50026446,PLACE DE CLICHY,METRO,22115,Place de Clichy,metro,44372,Place de Clichy,71435,N.D.
RATP,871,,,,2406,Place de Clichy,N.D.,METRO,50026429,PLACE DE CLICHY,METRO,463253,Place de Clichy,metro,44372,Place de Clichy,71435,N.D.
RATP,872,,,,63733,PLACE DE LA LOGISTIQUE (PLATEFORME SOGARIS),N.D.,TRAM-TRAIN,50146158,PLACE DE LA LOGISTIQUE (PLATEFORME SOGARIS),TRAM,35936,Place de la Logistique (Plateforme Sogaris),tram,57491,Place de la Logistique,69729,N.D.
RATP,872,,,,63751,PLACE DE LA LOGISTIQUE (PLATEFORME SOGARIS),N.D.,TRAM-TRAIN,50146175,PLACE DE LA LOGISTIQUE (PLATEFORME SOGARIS),TRAM,35940,Place de la Logistique (Plateforme Sogaris),tram,57491,Place de la Logistique,69729,N.D.
RATP,873,,,,1797,Place des Fêtes,N.D.,METRO,50026673,Place des fêtes,METRO,24682,Place des Fêtes,metro,44396,Place des Fêtes,71885,N.D.
RATP,873,,,,1798,Place des Fêtes,N.D.,METRO,50026934,Place des fêtes,METRO,21951,Place des Fêtes,metro,44396,Place des Fêtes,71885,N.D.
RATP,873,,,,2408,Place des Fêtes,N.D.,METRO,50026933,Place des fêtes,METRO,463254,Place des Fêtes,metro,44396,Place des Fêtes,71885,N.D.
RATP,874,,,,1649,Place Monge (Jardin des Plantes),N.D.,METRO,50027003,Place Monge (Jardin des Plantes),METRO,463106,Place Monge (Jardin des Plantes),metro,44435,Place Monge,71133,N.D.
RATP,874,,,,2529,Place Monge (Jardin des Plantes),N.D.,METRO,50025978,Place Monge (Jardin des Plantes),METRO,22366,Place Monge (Jardin des Plantes),metro,44435,Place Monge,71133,N.D.
RATP,875,,,,1799,Plaisance,N.D.,METRO,50026262,PLAISANCE,METRO,463085,Plaisance,metro,45322,Plaisance,71039,N.D.
RATP,875,,,,2372,Plaisance,N.D.,METRO,50025934,PLAISANCE,METRO,22223,Plaisance,metro,45322,Plaisance,71039,N.D.
RATP,876,,,,3343819,Pointe du Lac,N.D.,METRO,50025880,Pointe du lac,METRO,21784,Pointe du Lac,metro,44453,Pointe du Lac,69884,N.D.
RATP,876,,,,3343825,Pointe du Lac,N.D.,METRO,50027065,Pointe du lac,METRO,463057,Pointe du Lac,metro,44453,Pointe du Lac,69884,N.D.
RATP,877,,,,1800,Poissonnière,N.D.,METRO,50026509,Poissonnière,METRO,22377,Poissonnière,metro,45165,Poissonnière,71363,N.D.
RATP,877,,,,2373,Poissonnière,N.D.,METRO,50026140,Poissonnière,METRO,463255,Poissonnière,metro,45165,Poissonnière,71363,N.D.
RATP,878,,,,60630,PONT DE BEZONS,N.D.,TRAM-TRAIN,50145864,PONT DE BEZONS,TRAM,25647,Pont de Bezons,tram,50622,Pont de Bezons,64758,N.D.
RATP,878,,,,60631,PONT DE BEZONS,N.D.,TRAM-TRAIN,50145865,PONT DE BEZONS,TRAM,23445,Pont de Bezons,tram,50622,Pont de Bezons,64758,N.D.
RATP,879,,,,25742,PONT DE BONDY,N.D.,TRAM-TRAIN,50144594,Pont de Bondy,TRAM,22264,Pont de Bondy,tram,44471,Pont de Bondy,72478,N.D.
RATP,879,,,,25747,PONT DE BONDY,N.D.,TRAM-TRAIN,50144599,Pont de Bondy,TRAM,24430,Pont de Bondy,tram,44471,Pont de Bondy,72478,N.D.
RATP,880,,,,1802,Pont de Levallois-Bécon,N.D.,METRO,50026803,Pont de Levallois-Bécon,METRO,462985,Pont de Levallois - Bécon,metro,473676,Pont de Levallois - Bécon,72057,N.D.
RATP,880,,,,2341,Pont de Levallois-Bécon,N.D.,METRO,50025787,Pont de Levallois-Bécon,METRO,22035,Pont de Levallois - Bécon,metro,473676,Pont de Levallois - Bécon,72057,N.D.
RATP,881,,,,1803,Pont de Neuilly,N.D.,METRO,50026358,Pont de Neuilly,METRO,22099,Pont de Neuilly,metro,44479,Pont de Neuilly,71442,N.D.
RATP,881,,,,2342,Pont de Neuilly,N.D.,METRO,50025873,Pont de Neuilly,METRO,463044,Pont de Neuilly,metro,44479,Pont de Neuilly,71442,N.D.
RATP,882,,,,1804,Pont de Sèvres,N.D.,METRO,50026379,Pont de Sèvres,METRO,21938,Pont de Sèvres,metro,44481,Pont de Sèvres,70698,N.D.
RATP,882,,,,2343,Pont de Sèvres,N.D.,METRO,50026033,Pont de Sèvres,METRO,463233,Pont de Sèvres,metro,44481,Pont de Sèvres,70698,N.D.
RATP,883,,,,1805,Pont Marie (Cité des Arts),N.D.,METRO,50025985,Pont Marie (Cité des Arts),METRO,22378,Pont Marie (Cité des Arts),metro,44487,Pont Marie (Cité des Arts),71217,N.D.
RATP,883,,,,2344,Pont Marie (Cité des Arts),N.D.,METRO,50026667,Pont Marie (Cité des Arts),METRO,463231,Pont Marie (Cité des Arts),metro,44487,Pont Marie (Cité des Arts),71217,N.D.
RATP,884,,,,1806,Pont Neuf,N.D.,METRO,50026505,Pont Neuf,METRO,22379,Pont Neuf,metro,44491,Pont Neuf,71253,N.D.
RATP,884,,,,2345,Pont Neuf,N.D.,METRO,50026504,Pont Neuf,METRO,463232,Pont Neuf,metro,44491,Pont Neuf,71253,N.D.
RATP,885,,,,60980,PORTE D'AUBERVILLIERS,N.D.,TRAM-TRAIN,50145927,PORTE D'AUBERVILLIERS,TRAM,24413,Porte d'Aubervilliers,tram,44503,Porte d'Aubervilliers,72434,N.D.
RATP,885,,,,60984,PORTE D'AUBERVILLIERS,N.D.,TRAM-TRAIN,50145931,PORTE D'AUBERVILLIERS,TRAM,24407,Porte d'Aubervilliers,tram,44503,Porte d'Aubervilliers,72434,N.D.
RATP,886,,,,1736,Porte Dauphine (Maréchal de Lattre de Tassigny),N.D.,METRO,50026623,Porte Dauphine (Maréchal de Lattre de Tassigny),METRO,463256,Porte Dauphine (Maréchal de Lattre de Tassigny),metro,44509,Porte Dauphine,474152,N.D.
RATP,886,,,,2414,Porte Dauphine (Maréchal de Lattre de Tassigny),N.D.,METRO,50026272,Porte Dauphine (Maréchal de Lattre de Tassigny),METRO,22111,Porte Dauphine (Maréchal de Lattre de Tassigny),metro,44509,Porte Dauphine,474152,N.D.
RATP,887,,,,2346,Porte d'Auteuil,N.D.,METRO,50026401,PORTE D'AUTEUIL,METRO,21974,Porte d'Auteuil,metro,44504,Porte d'Auteuil,71169,N.D.
RATP,887,,,,8433,Porte d'Auteuil,N.D.,METRO,50026923,PORTE D'AUTEUIL,METRO,463234,Porte d'Auteuil,metro,44504,Porte d'Auteuil,71169,N.D.
RATP,888,,,,2088,Billancourt,N.D.,METRO,50025841,Billancourt,METRO,21939,Billancourt,metro,42334,Billancourt,71034,N.D.
RATP,888,,,,2549,Billancourt,N.D.,METRO,50026674,Billancourt,METRO,463035,Billancourt,metro,42334,Billancourt,71034,N.D.
RATP,889,,,,1738,Porte de Champerret,N.D.,METRO,50026813,Porte de Champerret,METRO,22023,Porte de Champerret,metro,44511,Porte de Champerret,71450,N.D.
RATP,889,,,,2416,Porte de Champerret,N.D.,METRO,50026973,Porte de Champerret,METRO,463258,Porte de Champerret,metro,44511,Porte de Champerret,71450,N.D.
RATP,890,,,,3343801,Porte de Charenton,N.D.,METRO,50026890,PORTE DE CHARENTON,METRO,463277,Porte de Charenton,metro,44512,Porte de Charenton,71579,N.D.
RATP,890,,,,3343802,Porte de Charenton,N.D.,METRO,50026889,PORTE DE CHARENTON,METRO,22208,Porte de Charenton,metro,44512,Porte de Charenton,71579,N.D.
RATP,890,,,,61033,Porte de Charenton,N.D.,TRAM-TRAIN,50145952,PORTE DE CHARENTON,TRAM,24142,Porte de Charenton,tram,473680,Porte de Charenton,71579,N.D.
RATP,890,,,,61041,Porte de Charenton,N.D.,TRAM-TRAIN,50145960,PORTE DE CHARENTON,TRAM,24138,Porte de Charenton,tram,473680,Porte de Charenton,71579,N.D.
RATP,891,,,,1740,Porte de Choisy,N.D.,METRO,50026499,Porte de Choisy,METRO,463030,Porte de Choisy,metro,44513,Porte de Choisy,70604,N.D.
RATP,891,,,,2418,Porte de Choisy,N.D.,METRO,50025829,Porte de Choisy,METRO,22373,Porte de Choisy,metro,44513,Porte de Choisy,70604,N.D.
RATP,891,,,,32615,Porte de Choisy,N.D.,TRAM-TRAIN,50144925,Porte de Choisy,TRAM,24120,Porte de Choisy,tram,473684,Porte de Choisy,70604,N.D.
RATP,891,,,,32618,Porte de Choisy,N.D.,TRAM-TRAIN,50144928,Porte de Choisy,TRAM,24126,Porte de Choisy,tram,473684,Porte de Choisy,70604,N.D.
RATP,892,,,,1742,Porte de Clignancourt,N.D.,METRO,50026978,PORTE DE CLIGNANCOURT,METRO,463073,Porte de Clignancourt,metro,44515,Porte de Clignancourt,478883,N.D.
RATP,892,,,,2420,Porte de Clignancourt,N.D.,METRO,50025958,PORTE DE CLIGNANCOURT,METRO,22141,Porte de Clignancourt,metro,44515,Porte de Clignancourt,478883,N.D.
RATP,892,,,,69661,PORTE DE CLIGNANCOURT - PUCES DE SAINT-OUEN,N.D.,TRAM-TRAIN,50147247,PORTE DE CLIGNANCOURT - PUCES DE SAINT-OUEN,TRAM,462414,Porte de Clignancourt - Puces de Saint-Ouen,tram,473685,Porte de Clignancourt,478883,N.D.
RATP,892,,,,69673,PORTE DE CLIGNANCOURT - PUCES DE SAINT-OUEN,N.D.,TRAM-TRAIN,50147257,PORTE DE CLIGNANCOURT - PUCES DE SAINT-OUEN,TRAM,462431,Porte de Clignancourt - Puces de Saint-Ouen,tram,473685,Porte de Clignancourt,478883,N.D.
RATP,893,,,,63742,PORTE DE L'ESSONNE,N.D.,TRAM-TRAIN,50146167,PORTE DE L'ESSONNE,TRAM,35926,Porte de l'Essonne,tram,58786,Porte de L'Essonne,74009,N.D.
RATP,893,,,,63885,PORTE DE L'ESSONNE,N.D.,TRAM-TRAIN,50146934,PORTE DE L'ESSONNE,TRAM,462937,Porte de l'Essonne,tram,58786,Porte de L'Essonne,74009,N.D.
RATP,894,,,,1745,Porte de Montreuil,N.D.,METRO,50026902,PORTE DE MONTREUIL,METRO,463279,Porte de Montreuil,metro,44520,Porte de Montreuil,71710,N.D.
RATP,894,,,,2423,Porte de Montreuil,N.D.,METRO,50026563,PORTE DE MONTREUIL,METRO,21913,Porte de Montreuil,metro,44520,Porte de Montreuil,71710,N.D.
RATP,894,,,,60950,Porte de Montreuil,N.D.,TRAM-TRAIN,50145913,PORTE DE MONTREUIL,TRAM,24406,Porte de Montreuil,tram,473697,Porte de Montreuil,71710,N.D.
RATP,894,,,,61000,Porte de Montreuil,N.D.,TRAM-TRAIN,50145945,PORTE DE MONTREUIL,TRAM,24408,Porte de Montreuil,tram,473697,Porte de Montreuil,71710,N.D.
RATP,895,,,,2069,Bir-Hakeim (Grenelle),N.D.,METRO,50026494,Bir-Hakeim (Grenelle),METRO,463005,Bir-Hakeim (Grenelle),metro,45340,Bir-Hakeim,473829,N.D.
RATP,895,,,,2118,Bir-Hakeim (Grenelle),N.D.,METRO,50025824,Bir-Hakeim (Grenelle),METRO,22179,Bir-Hakeim (Grenelle),metro,45340,Bir-Hakeim,473829,N.D.
RATP,896,,,,63734,PORTE DE RUNGIS,N.D.,TRAM-TRAIN,50146159,PORTE DE RUNGIS,TRAM,35934,Porte de Rungis,tram,58785,Porte de Rungis,69721,N.D.
RATP,896,,,,63752,PORTE DE RUNGIS,N.D.,TRAM-TRAIN,50146176,PORTE DE RUNGIS,TRAM,29901,Porte de Rungis,tram,58785,Porte de Rungis,69721,N.D.
RATP,897,,,,1747,Porte de Saint-Cloud,N.D.,METRO,50026561,PORTE DE SAINT-CLOUD,METRO,21914,Porte de Saint-Cloud,metro,44524,Porte de Saint-Cloud,71084,N.D.
RATP,897,,,,2425,Porte de Saint-Cloud,N.D.,METRO,50026898,PORTE DE SAINT-CLOUD,METRO,463259,Porte de Saint-Cloud,metro,44524,Porte de Saint-Cloud,71084,N.D.
RATP,898,,,,1748,Porte de Saint-Ouen,N.D.,METRO,50026779,Porte de Saint-Ouen,METRO,22220,Porte de Saint-Ouen,metro,44525,Porte de Saint-Ouen,72078,N.D.
RATP,898,,,,2426,Porte de Saint-Ouen,N.D.,METRO,50025766,Porte de Saint-Ouen,METRO,462951,Porte de Saint-Ouen,metro,44525,Porte de Saint-Ouen,72078,N.D.
RATP,898,,,,69663,Porte de Saint-Ouen,N.D.,TRAM-TRAIN,50147249,Porte de Saint-Ouen,TRAM,462436,Porte de Saint-Ouen,tram,473689,Porte de Saint-Ouen,72078,N.D.
RATP,898,,,,69674,Porte de Saint-Ouen,N.D.,TRAM-TRAIN,50147258,Porte de Saint-Ouen,TRAM,462446,Porte de Saint-Ouen,tram,473689,Porte de Saint-Ouen,72078,N.D.
RATP,899,,,,63731,PORTE DE THIAIS (MARCHE INTERNATIONAL),N.D.,TRAM-TRAIN,50146156,PORTE DE THIAIS (MARCHE INTERNATIONAL),TRAM,35929,Porte de Thiais (Marché International),tram,47421,Porte de Thiais,73753,N.D.
RATP,899,,,,63749,PORTE DE THIAIS (MARCHE INTERNATIONAL),N.D.,TRAM-TRAIN,50146173,PORTE DE THIAIS (MARCHE INTERNATIONAL),TRAM,35930,Porte de Thiais (Marché International),tram,47421,Porte de Thiais,73753,N.D.
RATP,900,,,,1749,Porte de Vanves,N.D.,METRO,50026952,Porte de Vanves,METRO,463260,Porte de Vanves,metro,44526,Porte de Vanves,71006,N.D.
RATP,900,,,,2427,Porte de Vanves,N.D.,METRO,50026786,Porte de Vanves,METRO,22221,Porte de Vanves,metro,44526,Porte de Vanves,71006,N.D.
RATP,900,,,,32606,Porte de Vanves,N.D.,TRAM-TRAIN,50144916,Porte de Vanves,TRAM,24129,Porte de Vanves,tram,473702,Porte de Vanves,71006,N.D.
RATP,900,,,,32627,Porte de Vanves,N.D.,TRAM-TRAIN,50144937,Porte de Vanves,TRAM,24128,Porte de Vanves,tram,473702,Porte de Vanves,71006,N.D.
RATP,901,,,,1751,Porte de Vincennes,N.D.,METRO,50027047,PORTE DE VINCENNES,METRO,463012,Porte de Vincennes,metro,44528,Porte de Vincennes,71663,N.D.
RATP,901,,,,2429,Porte de Vincennes,N.D.,METRO,50025869,PORTE DE VINCENNES,METRO,22077,Porte de Vincennes,metro,44528,Porte de Vincennes,71663,N.D.
RATP,901,,,,60949,Porte de Vincennes,N.D.,TRAM-TRAIN,50145912,PORTE DE VINCENNES,TRAM,26534,Porte de Vincennes,tram,473707,Porte de Vincennes,71663,N.D.
RATP,901,,,,61010,Porte de Vincennes,N.D.,TRAM-TRAIN,50145947,PORTE DE VINCENNES,TRAM,24396,Porte de Vincennes,tram,473707,Porte de Vincennes,71663,N.D.
RATP,901,,,,61029,Porte de Vincennes,N.D.,TRAM-TRAIN,50145948,PORTE DE VINCENNES,TRAM,460563,Porte de Vincennes,tram,473707,Porte de Vincennes,71663,N.D.
RATP,901,,,,61037,Porte de Vincennes,N.D.,TRAM-TRAIN,50145956,PORTE DE VINCENNES,TRAM,460560,Porte de Vincennes,tram,473707,Porte de Vincennes,71663,N.D.
RATP,902,,,,1752,Porte des Lilas,N.D.,METRO,50026458,PORTE DES LILAS,METRO,463262,Porte des Lilas,metro,44529,Porte des Lilas,71889,N.D.
RATP,902,,,,1753,Porte des Lilas,N.D.,METRO,50026240,PORTE DES LILAS,METRO,463263,Porte des Lilas,metro,44529,Porte des Lilas,71889,N.D.
RATP,902,,,,2430,Porte des Lilas,N.D.,METRO,50026287,PORTE DES LILAS,METRO,21947,Porte des Lilas,metro,44529,Porte des Lilas,71889,N.D.
RATP,902,,,,2431,Porte des Lilas,N.D.,METRO,50026935,PORTE DES LILAS,METRO,21949,Porte des Lilas,metro,44529,Porte des Lilas,71889,N.D.
RATP,902,,,,60971,Porte des Lilas,N.D.,TRAM-TRAIN,50145918,PORTE DES LILAS,TRAM,24415,Porte des Lilas,tram,473736,Porte des Lilas,71889,N.D.
RATP,902,,,,60993,Porte des Lilas,N.D.,TRAM-TRAIN,50145940,PORTE DES LILAS,TRAM,24409,Porte des Lilas,tram,473736,Porte des Lilas,71889,N.D.
RATP,903,,,,49282,PORTE D'ISSY,N.D.,TRAM-TRAIN,50145458,PORTE D'ISSY,TRAM,25637,Porte d'Issy,tram,45356,Porte d'Issy,73654,N.D.
RATP,903,,,,51041,PORTE D'ISSY,N.D.,TRAM-TRAIN,50145505,PORTE D'ISSY,TRAM,25636,Porte d'Issy,tram,45356,Porte d'Issy,73654,N.D.
RATP,904,,,,1808,Porte d'Italie,N.D.,METRO,50026502,PORTE D'ITALIE,METRO,22380,Porte d'Italie,metro,473456,Porte d'Italie,70596,N.D.
RATP,904,,,,2347,Porte d'Italie,N.D.,METRO,50026132,PORTE D'ITALIE,METRO,463235,Porte d'Italie,metro,473456,Porte d'Italie,70596,N.D.
RATP,904,,,,32614,Porte d'Italie,N.D.,TRAM-TRAIN,50144924,PORTE D'ITALIE,TRAM,24106,Porte d'Italie,tram,44506,Porte d'Italie,70596,N.D.
RATP,904,,,,32619,Porte d'Italie,N.D.,TRAM-TRAIN,50144929,PORTE D'ITALIE,TRAM,24117,Porte d'Italie,tram,44506,Porte d'Italie,70596,N.D.
RATP,905,,,,2071,Blanche,N.D.,METRO,50026269,BLANCHE,METRO,463113,Blanche,metro,42337,Blanche,71420,N.D.
RATP,905,,,,2120,Blanche,N.D.,METRO,50026794,BLANCHE,METRO,22125,Blanche,metro,42337,Blanche,71420,N.D.
RATP,906,,,,1734,Porte d'Ivry,N.D.,METRO,50026314,Porte d'Ivry,METRO,463029,Porte d'Ivry,metro,44507,Porte d'Ivry,70636,N.D.
RATP,906,,,,2412,Porte d'Ivry,N.D.,METRO,50025828,Porte d'Ivry,METRO,22372,Porte d'Ivry,metro,44507,Porte d'Ivry,70636,N.D.
RATP,906,,,,32616,Porte d'Ivry,N.D.,TRAM-TRAIN,50144926,Porte d'Ivry,TRAM,24133,Porte d'Ivry,tram,473717,Porte d'Ivry,70636,N.D.
RATP,906,,,,32617,Porte d'Ivry,N.D.,TRAM-TRAIN,50144927,Porte d'Ivry,TRAM,24110,Porte d'Ivry,tram,473717,Porte d'Ivry,70636,N.D.
RATP,907,,,,61034,PORTE DOREE,N.D.,TRAM-TRAIN,50145953,PORTE DOREE,TRAM,24134,Porte Dorée,tram,473692,Porte Dorée,71591,N.D.
RATP,907,,,,61040,PORTE DOREE,N.D.,TRAM-TRAIN,50145959,PORTE DOREE,TRAM,24135,Porte Dorée,tram,473692,Porte Dorée,71591,N.D.
RATP,907,,,,3343799,Porte Dorée,N.D.,METRO,50025886,Porte Dorée,METRO,22207,Porte Dorée,metro,44532,Porte Dorée,71591,N.D.
RATP,907,,,,3343800,Porte Dorée,N.D.,METRO,50026375,Porte Dorée,METRO,463050,Porte Dorée,metro,44532,Porte Dorée,71591,N.D.
RATP,908,,,,32609,PORTE D'ORLEANS,N.D.,TRAM-TRAIN,50144919,PORTE D'ORLEANS,TRAM,460547,Porte d'Orléans,tram,473694,Porte d'Orléans,70657,N.D.
RATP,908,,,,32624,PORTE D'ORLEANS,N.D.,TRAM-TRAIN,50144934,PORTE D'ORLEANS,TRAM,24118,Porte d'Orléans,tram,473694,Porte d'Orléans,70657,N.D.
RATP,908,,,,1735,Porte d'Orléans (Général Leclerc),N.D.,METRO,50025960,Porte d'Orléans (Général Leclerc),METRO,22140,Porte d'Orléans (Général Leclerc),metro,44508,Porte d'Orléans (Général Leclerc),70657,N.D.
RATP,908,,,,2413,Porte d'Orléans (Général Leclerc),N.D.,METRO,50026291,Porte d'Orléans (Général Leclerc),METRO,463092,Porte d'Orléans (Général Leclerc),metro,44508,Porte d'Orléans (Général Leclerc),70657,N.D.
RATP,909,,,,1755,Porte Maillot,N.D.,METRO,50027046,Porte Maillot,METRO,22078,Porte Maillot,metro,44533,Porte Maillot,71379,N.D.
RATP,909,,,,2433,Porte Maillot,N.D.,METRO,50026173,Porte Maillot,METRO,463257,Porte Maillot,metro,44533,Porte Maillot,71379,N.D.
RATP,910,,,,32613,POTERNE DES PEUPLIERS,N.D.,TRAM-TRAIN,50144923,POTERNE DES PEUPLIERS,TRAM,24127,Poterne des Peupliers,tram,44550,Poterne des Peupliers,70626,N.D.
RATP,910,,,,32620,POTERNE DES PEUPLIERS,N.D.,TRAM-TRAIN,50144930,POTERNE DES PEUPLIERS,TRAM,24136,Poterne des Peupliers (Tramway),tram,44550,Poterne des Peupliers,70626,N.D.
RATP,911,,,,1756,Pré-Saint-Gervais,N.D.,METRO,50027012,Pré-Saint-Gervais,METRO,463282,Pré-Saint-Gervais,metro,45617,Pré-Saint-Gervais,71911,N.D.
RATP,911,,,,2434,Pré-Saint-Gervais,N.D.,METRO,50026847,Pré-Saint-Gervais,METRO,24684,Pré-Saint-Gervais,metro,45617,Pré-Saint-Gervais,71911,N.D.
RATP,912,,,,1757,Pyramides,N.D.,METRO,50026127,Pyramides,METRO,463283,Pyramides,metro,44579,Pyramides,73788,N.D.
RATP,912,,,,2435,Pyramides,N.D.,METRO,50026128,Pyramides,METRO,22375,Pyramides,metro,44579,Pyramides,73788,N.D.
RATP,912,,,,6129304,Pyramides,N.D.,METRO,50087893,Pyramides,METRO,21960,Pyramides,metro,44579,Pyramides,73788,N.D.
RATP,912,,,,6129305,Pyramides,N.D.,METRO,50087894,Pyramides,METRO,463284,Pyramides,metro,44579,Pyramides,73788,N.D.
RATP,913,,,,1758,Pyrénées,N.D.,METRO,50088149,Pyrénées,METRO,463287,Pyrénées,metro,44580,Pyrénées,71864,N.D.
RATP,913,,,,2436,Pyrénées,N.D.,METRO,50088151,Pyrénées,METRO,21991,Pyrénées,metro,44580,Pyrénées,71864,N.D.
RATP,914,,,,1759,Quai de la Rapée,N.D.,METRO,50026828,Quai de la Rapée,METRO,463289,Quai de la Rapée,metro,44583,Quai de la Rapée,71637,N.D.
RATP,914,,,,2437,Quai de la Rapée,N.D.,METRO,50026472,Quai de la Rapée,METRO,22004,Quai de la Rapée,metro,44583,Quai de la Rapée,71637,N.D.
RATP,915,,,,60608,BLUMENTHAL,N.D.,TRAM-TRAIN,50145843,BLUMENTHAL,TRAM,42105,Blumenthal,tram,59325,Blumenthal,72364,N.D.
RATP,915,,,,60623,BLUMENTHAL,N.D.,TRAM-TRAIN,50145857,BLUMENTHAL,TRAM,42116,Blumenthal,tram,59325,Blumenthal,72364,N.D.
RATP,916,,,,1760,Quatre Septembre,N.D.,METRO,50025951,Quatre Septembre,METRO,462989,Quatre Septembre,metro,44587,Quatre Septembre,71313,N.D.
RATP,916,,,,2438,Quatre Septembre,N.D.,METRO,50025792,Quatre Septembre,METRO,22024,Quatre Septembre,metro,44587,Quatre Septembre,71313,N.D.
RATP,917,,,,1761,Rambuteau,N.D.,METRO,50025748,Rambuteau,METRO,21992,Rambuteau,metro,44593,Rambuteau,71273,N.D.
RATP,917,,,,2439,Rambuteau,N.D.,METRO,50026408,Rambuteau,METRO,462945,Rambuteau,metro,44593,Rambuteau,71273,N.D.
RATP,918,,,,1762,Ranelagh,N.D.,METRO,50026334,RANELAGH,METRO,21915,Ranelagh,metro,44594,Ranelagh,71243,N.D.
RATP,918,,,,2440,Ranelagh,N.D.,METRO,50026150,RANELAGH,METRO,463290,Ranelagh,metro,44594,Ranelagh,71243,N.D.
RATP,919,,,,1645,Raspail,N.D.,METRO,50026464,Raspail,METRO,22131,Raspail,metro,45314,Raspail,71088,N.D.
RATP,919,,,,1763,Raspail,N.D.,METRO,50026122,Raspail,METRO,22155,Raspail,metro,45314,Raspail,71088,N.D.
RATP,919,,,,2409,Raspail,N.D.,METRO,50026490,Raspail,METRO,463292,Raspail,metro,45314,Raspail,71088,N.D.
RATP,919,,,,2525,Raspail,N.D.,METRO,50026821,Raspail,METRO,463291,Raspail,metro,45314,Raspail,71088,N.D.
RATP,92,,,,16678,PUTEAUX,N.D.,TRAM-TRAIN,50143955,PUTEAUX,TRAM,22298,Puteaux,tram,462353,Puteaux,71422,N.D.
RATP,92,,,,16680,PUTEAUX,N.D.,TRAM-TRAIN,50143957,PUTEAUX,TRAM,22299,Puteaux,tram,462353,Puteaux,71422,N.D.
RATP,920,,,,1764,Réaumur-Sébastopol,N.D.,METRO,50026459,Réaumur-Sébastopol,METRO,463072,Réaumur-Sébastopol,metro,44600,Réaumur Sébastopol,73636,N.D.
RATP,920,,,,1765,Réaumur-Sébastopol,N.D.,METRO,50026963,Réaumur-Sébastopol,METRO,22018,Réaumur-Sébastopol,metro,44600,Réaumur Sébastopol,73636,N.D.
RATP,920,,,,2374,Réaumur-Sébastopol,N.D.,METRO,50025955,Réaumur-Sébastopol,METRO,22142,Réaumur-Sébastopol,metro,44600,Réaumur Sébastopol,73636,N.D.
RATP,920,,,,2375,Réaumur-Sébastopol,N.D.,METRO,50026094,Réaumur-Sébastopol,METRO,463091,Réaumur-Sébastopol,metro,44600,Réaumur Sébastopol,73636,N.D.
RATP,921,,,,1646,Rennes,N.D.,METRO,50026245,Rennes,METRO,462968,Rennes,metro,44609,Rennes,73640,N.D.
RATP,921,,,,2526,Rennes,N.D.,METRO,50025758,Rennes,METRO,22049,Rennes,metro,44609,Rennes,73640,N.D.
RATP,922,,,,1698,Reuilly-Diderot,N.D.,METRO,50027050,Reuilly-Diderot,METRO,463294,Reuilly-Diderot,metro,44637,Reuilly Diderot,71654,N.D.
RATP,922,,,,2443,Reuilly-Diderot,N.D.,METRO,50026360,Reuilly-Diderot,METRO,22076,Reuilly-Diderot,metro,44637,Reuilly Diderot,71654,N.D.
RATP,922,,,,3343791,Reuilly-Diderot,N.D.,METRO,50026722,Reuilly-Diderot,METRO,463293,Reuilly-Diderot,metro,44637,Reuilly Diderot,71654,N.D.
RATP,922,,,,3343792,Reuilly-Diderot,N.D.,METRO,50026378,Reuilly-Diderot,METRO,22098,Reuilly-Diderot,metro,44637,Reuilly Diderot,71654,N.D.
RATP,923,,,,1700,Richard-Lenoir,N.D.,METRO,50025966,Richard-Lenoir,METRO,22002,Richard-Lenoir,metro,44641,Richard Lenoir,73648,N.D.
RATP,923,,,,2445,Richard-Lenoir,N.D.,METRO,50026477,Richard-Lenoir,METRO,463096,Richard-Lenoir,metro,44641,Richard Lenoir,73648,N.D.
RATP,924,,,,1702,Richelieu-Drouot,N.D.,METRO,50025843,Richelieu-Drouot,METRO,21921,Richelieu-Drouot,metro,44642,Richelieu Drouot,71330,N.D.
RATP,924,,,,2447,Richelieu-Drouot,N.D.,METRO,50025991,Richelieu-Drouot,METRO,463036,Richelieu-Drouot,metro,44642,Richelieu Drouot,71330,N.D.
RATP,924,,,,3343769,Richelieu-Drouot,N.D.,METRO,50026366,Richelieu-Drouot,METRO,463037,Richelieu-Drouot,metro,44642,Richelieu Drouot,71330,N.D.
RATP,924,,,,3343770,Richelieu-Drouot,N.D.,METRO,50026715,Richelieu-Drouot,METRO,22196,Richelieu-Drouot,metro,44642,Richelieu Drouot,71330,N.D.
RATP,925,,,,15594,BOBIGNY - PABLO PICASSO,N.D.,TRAM-TRAIN,50143506,BOBIGNY - PABLO PICASSO,TRAM,22624,Bobigny - Pablo Picasso,tram,462329,Bobigny - Pablo Picasso,72486,N.D.
RATP,925,,,,15635,BOBIGNY - PABLO PICASSO,N.D.,TRAM-TRAIN,50143545,BOBIGNY - PABLO PICASSO,TRAM,22625,Bobigny - Pablo Picasso,tram,462329,Bobigny - Pablo Picasso,72486,N.D.
RATP,925,,,,2089,Bobigny-Pablo-Picasso,N.D.,METRO,50026646,Bobigny-Pablo-Picasso,METRO,22015,Bobigny-Pablo-Picasso,metro,42345,Bobigny Pablo Picasso,72486,N.D.
RATP,925,,,,2550,Bobigny-Pablo-Picasso,N.D.,METRO,50026647,Bobigny-Pablo-Picasso,METRO,463131,Bobigny-Pablo-Picasso,metro,42345,Bobigny Pablo Picasso,72486,N.D.
RATP,926,,,,1703,Riquet,N.D.,METRO,50026135,RIQUET,METRO,463295,Riquet,metro,44643,Riquet,71977,N.D.
RATP,926,,,,2448,Riquet,N.D.,METRO,50026843,RIQUET,METRO,22371,Riquet,metro,44643,Riquet,71977,N.D.
RATP,927,,,,63736,ROBERT SCHUMAN (PARC SILIC CENTRE),N.D.,TRAM-TRAIN,50146161,ROBERT SCHUMAN (PARC SILIC CENTRE),TRAM,35938,Robert Schuman (Parc Silic Centre),tram,44994,Robert Schuman (Parc Silic Centre),69670,N.D.
RATP,927,,,,63754,ROBERT SCHUMAN (PARC SILIC CENTRE),N.D.,TRAM-TRAIN,50146178,ROBERT SCHUMAN (PARC SILIC CENTRE),TRAM,35943,Robert Schuman (Parc Silic Centre),tram,44994,Robert Schuman (Parc Silic Centre),69670,N.D.
RATP,928,,,,65564,ROBERT WAGNER,N.D.,TRAM-TRAIN,50146301,ROBERT WAGNER,TRAM,41850,Robert Wagner,tram,44649,Robert Wagner,422455,N.D.
RATP,928,,,,65582,ROBERT WAGNER,N.D.,TRAM-TRAIN,50146319,ROBERT WAGNER,TRAM,41853,Robert Wagner,tram,44649,Robert Wagner,422455,N.D.
RATP,929,,,,1704,Robespierre,N.D.,METRO,50025893,ROBESPIERRE,METRO,21942,Robespierre,metro,44650,Robespierre,71725,N.D.
RATP,929,,,,2449,Robespierre,N.D.,METRO,50026731,ROBESPIERRE,METRO,463053,Robespierre,metro,44650,Robespierre,71725,N.D.
RATP,93,,,,15614,GARE DE SAINT-DENIS,N.D.,TRAM-TRAIN,50143524,GARE DE SAINT-DENIS,TRAM,24431,Gare de Saint-Denis,tram,462392,Saint-Denis,72323,N.D.
RATP,93,,,,15615,GARE DE SAINT-DENIS,N.D.,TRAM-TRAIN,50143525,GARE DE SAINT-DENIS,TRAM,22635,Gare de Saint-Denis,tram,462392,Saint-Denis,72323,N.D.
RATP,93,,,,60594,SAINT-DENIS - GARE,N.D.,TRAM-TRAIN,50145829,SAINT-DENIS - GARE,TRAM,42122,Saint-Denis - Gare,tram,462392,Saint-Denis,72323,N.D.
RATP,93,,,,60606,SAINT-DENIS - GARE,N.D.,TRAM-TRAIN,50145841,SAINT-DENIS - GARE,TRAM,42126,Saint-Denis - Gare,tram,462392,Saint-Denis,72323,N.D.
RATP,930,,,,60798,ROGER SEMAT,N.D.,TRAM-TRAIN,50145880,ROGER SEMAT,TRAM,28862,Roger Semât,tram,50681,Roger Semât,72355,N.D.
RATP,930,,,,60812,ROGER SEMAT,N.D.,TRAM-TRAIN,50145893,ROGER SEMAT,TRAM,28863,Roger Semât,tram,50681,Roger Semât,72355,N.D.
RATP,931,,,,1707,Rome,N.D.,METRO,50026793,Rome,METRO,463296,Rome,metro,44662,Rome,71408,N.D.
RATP,931,,,,2452,Rome,N.D.,METRO,50026960,Rome,METRO,22110,Rome,metro,44662,Rome,71408,N.D.
RATP,932,,,,60612,ROSE BERTIN (CENTRE COMMERCIAL L'ILO),N.D.,TRAM-TRAIN,50145846,ROSE BERTIN (CENTRE COMMERCIAL L'ILO),TRAM,42104,Rose Bertin (Centre Commercial L'Ilo),tram,415806,Rose Bertin (Centre Commercial l'Ilo),72376,N.D.
RATP,932,,,,60620,ROSE BERTIN (CENTRE COMMERCIAL L'ILO),N.D.,TRAM-TRAIN,50145854,ROSE BERTIN (CENTRE COMMERCIAL L'ILO),TRAM,42108,Rose Bertin (Centre Commercial L'Ilo),tram,415806,Rose Bertin (Centre Commercial l'Ilo),72376,N.D.
RATP,933,,,,1708,Rue de la Pompe (Avenue Georges Mandel),N.D.,METRO,50025895,Rue de la Pompe (Avenue Georges Mandel),METRO,21908,Rue de la Pompe (Avenue Georges Mandel),metro,44461,Rue de la Pompe,71292,N.D.
RATP,933,,,,2453,Rue de la Pompe (Avenue Georges Mandel),N.D.,METRO,50026041,Rue de la Pompe (Avenue Georges Mandel),METRO,463055,Rue de la Pompe (Avenue Georges Mandel),metro,44461,Rue de la Pompe,71292,N.D.
RATP,934,,,,1709,Rue des Boulets,N.D.,METRO,50026386,Rue des Boulets,METRO,22442,Rue des Boulets,metro,425987,Rue des Boulets,71694,N.D.
RATP,934,,,,2454,Rue des Boulets,N.D.,METRO,50026570,Rue des Boulets,METRO,463298,Rue des Boulets,metro,425987,Rue des Boulets,71694,N.D.
RATP,935,,,,1710,Rue du Bac,N.D.,METRO,50025764,Rue du Bac,METRO,22043,Rue du Bac,metro,58717,Rue du Bac,71227,N.D.
RATP,935,,,,2455,Rue du Bac,N.D.,METRO,50026606,Rue du Bac,METRO,462950,Rue du Bac,metro,58717,Rue du Bac,71227,N.D.
RATP,936,,,,2072,Bobigny-Pantin (Raymond Queneau),N.D.,METRO,50026830,Bobigny-Pantin (Raymond Queneau),METRO,463002,Bobigny-Pantin (Raymond Queneau),metro,42344,Bobigny-Pantin - Raymond Queneau,72039,N.D.
RATP,936,,,,2121,Bobigny-Pantin (Raymond Queneau),N.D.,METRO,50025811,Bobigny-Pantin (Raymond Queneau),METRO,22014,Bobigny-Pantin (Raymond Queneau),metro,42344,Bobigny-Pantin - Raymond Queneau,72039,N.D.
RATP,937,,,,1728,Rue Saint-Maur,N.D.,METRO,50026810,Rue Saint-Maur,METRO,22025,Rue Saint-Maur,metro,45194,Rue Saint-Maur,71795,N.D.
RATP,937,,,,2471,Rue Saint-Maur,N.D.,METRO,50026633,Rue Saint-Maur,METRO,463297,Rue Saint-Maur,metro,45194,Rue Saint-Maur,71795,N.D.
RATP,938,,,,63735,SAARINEN (PARC SILIC NORD),N.D.,TRAM-TRAIN,50146160,SAARINEN (PARC SILIC NORD),TRAM,35939,Saarinen (Parc Silic Nord),tram,52184,Saarinen,69700,N.D.
RATP,938,,,,63753,SAARINEN (PARC SILIC NORD),N.D.,TRAM-TRAIN,50146177,SAARINEN (PARC SILIC NORD),TRAM,35935,Saarinen (Parc Silic Nord),tram,52184,Saarinen,69700,N.D.
RATP,939,,,,1714,Saint-Ambroise,N.D.,METRO,50026849,SAINT-AMBROISE,METRO,21910,Saint-Ambroise,metro,45205,Saint-Ambroise,71781,N.D.
RATP,939,,,,2459,Saint-Ambroise,N.D.,METRO,50026676,SAINT-AMBROISE,METRO,463299,Saint-Ambroise,metro,45205,Saint-Ambroise,71781,N.D.
RATP,940,,,,1715,Saint-Augustin,N.D.,METRO,50026514,SAINT-AUGUSTIN,METRO,21911,Saint-Augustin,metro,44857,Saint-Augustin,73690,N.D.
RATP,940,,,,2460,Saint-Augustin,N.D.,METRO,50026332,SAINT-AUGUSTIN,METRO,463300,Saint-Augustin,metro,44857,Saint-Augustin,73690,N.D.
RATP,941,,,,1719,Saint-François-Xavier,N.D.,METRO,50088157,Saint-François-Xavier,METRO,22217,Saint-François-Xavier,metro,45139,Saint-François Xavier,71204,N.D.
RATP,941,,,,2464,Saint-François-Xavier,N.D.,METRO,50088156,Saint-François-Xavier,METRO,463303,Saint-François-Xavier,metro,45139,Saint-François Xavier,71204,N.D.
RATP,942,,,,1720,Saint-Georges,N.D.,METRO,50026603,Saint-Georges,METRO,22044,Saint-Georges,metro,44867,Saint-Georges,71366,N.D.
RATP,942,,,,2465,Saint-Georges,N.D.,METRO,50026415,Saint-Georges,METRO,463304,Saint-Georges,metro,44867,Saint-Georges,71366,N.D.
RATP,943,,,,1721,Saint-Germain des Prés,N.D.,METRO,50026815,Saint-Germain des Prés,METRO,462993,Saint-Germain des Prés,metro,44799,Saint-Germain-des-Prés,71216,N.D.
RATP,943,,,,2466,Saint-Germain des Prés,N.D.,METRO,50025798,Saint-Germain des Prés,METRO,22136,Saint-Germain des Prés,metro,44799,Saint-Germain-des-Prés,71216,N.D.
RATP,944,,,,1640,Saint-Jacques,N.D.,METRO,50026654,Saint-Jacques,METRO,22160,Saint-Jacques,metro,45315,Saint-Jacques,71041,N.D.
RATP,944,,,,2520,Saint-Jacques,N.D.,METRO,50026835,Saint-Jacques,METRO,463305,Saint-Jacques,metro,45315,Saint-Jacques,71041,N.D.
RATP,945,,,,2073,Boissière,N.D.,METRO,50026652,Boissière,METRO,463114,Boissière,metro,42359,Boissière,71301,N.D.
RATP,945,,,,2122,Boissière,N.D.,METRO,50026994,Boissière,METRO,22180,Boissière,metro,42359,Boissière,71301,N.D.
RATP,946,,,,1725,Saint-Mandé,N.D.,METRO,50027048,Saint-Mandé,METRO,463040,Saint-Mandé,metro,47247,Saint-Mandé,71647,N.D.
RATP,946,,,,2470,Saint-Mandé,N.D.,METRO,50025870,Saint-Mandé,METRO,22103,Saint-Mandé,metro,47247,Saint-Mandé,71647,N.D.
RATP,947,,,,1641,Saint-Marcel,N.D.,METRO,50025968,Saint-Marcel,METRO,22000,Saint-Marcel,metro,44875,Saint-Marcel,71092,N.D.
RATP,947,,,,2521,Saint-Marcel,N.D.,METRO,50026117,Saint-Marcel,METRO,463097,Saint-Marcel,metro,44875,Saint-Marcel,71092,N.D.
RATP,948,,,,1729,Saint-Michel,N.D.,METRO,50026111,SAINT-MICHEL,METRO,22137,Saint-Michel,metro,462369,Saint-Michel,73620,N.D.
RATP,948,,,,2472,Saint-Michel,N.D.,METRO,50026295,SAINT-MICHEL,METRO,463306,Saint-Michel,metro,462369,Saint-Michel,73620,N.D.
RATP,949,,,,1642,Saint-Paul (Le Marais),N.D.,METRO,50026708,Saint-Paul (Le Marais),METRO,463307,Saint-Paul (Le Marais),metro,44881,Saint-Paul (Le Marais),71222,N.D.
RATP,949,,,,2522,Saint-Paul (Le Marais),N.D.,METRO,50026018,Saint-Paul (Le Marais),METRO,22074,Saint-Paul (Le Marais),metro,44881,Saint-Paul (Le Marais),71222,N.D.
RATP,950,,,,1730,Saint-Philippe du Roule,N.D.,METRO,50026730,SAINT-PHILIPPE DU ROULE,METRO,462915,Saint-Philippe du Roule,metro,44884,Saint-Philippe du Roule,71334,N.D.
RATP,950,,,,2441,Saint-Philippe du Roule,N.D.,METRO,50025718,SAINT-PHILIPPE DU ROULE,METRO,21912,Saint-Philippe du Roule,metro,44884,Saint-Philippe du Roule,71334,N.D.
RATP,951,,,,1731,Saint-Placide,N.D.,METRO,50026642,Saint-Placide,METRO,22138,Saint-Placide,metro,44885,Saint-Placide,71184,N.D.
RATP,951,,,,2442,Saint-Placide,N.D.,METRO,50026819,Saint-Placide,METRO,463308,Saint-Placide,metro,44885,Saint-Placide,71184,N.D.
RATP,952,,,,3343781,Saint-Sébastien-Froissart,N.D.,METRO,50026892,Saint-Sébastien-Froissart,METRO,463309,Saint-Sébastien-Froissart,metro,45208,Saint-Sébastien Froissart,71777,N.D.
RATP,952,,,,3343782,Saint-Sébastien-Froissart,N.D.,METRO,50026371,Saint-Sébastien-Froissart,METRO,22201,Saint-Sébastien-Froissart,metro,45208,Saint-Sébastien Froissart,71777,N.D.
RATP,953,,,,1733,Saint-Sulpice,N.D.,METRO,50025796,Saint-Sulpice,METRO,22139,Saint-Sulpice,metro,45120,Saint-Sulpice,71202,N.D.
RATP,953,,,,2411,Saint-Sulpice,N.D.,METRO,50026637,Saint-Sulpice,METRO,462992,Saint-Sulpice,metro,45120,Saint-Sulpice,71202,N.D.
RATP,954,,,,1661,Ségur,N.D.,METRO,50026059,Ségur,METRO,463315,Ségur,metro,51612,Ségur,71157,N.D.
RATP,954,,,,2541,Ségur,N.D.,METRO,50026758,Ségur,METRO,21979,Ségur,metro,51612,Ségur,71157,N.D.
RATP,955,,,,1662,Sentier,N.D.,METRO,50025788,Sentier,METRO,22029,Sentier,metro,44825,Sentier,73634,N.D.
RATP,955,,,,2542,Sentier,N.D.,METRO,50026096,Sentier,METRO,462986,Sentier,metro,44825,Sentier,73634,N.D.
RATP,956,,,,2075,Bolivar,N.D.,METRO,50026149,Bolivar,METRO,463132,Bolivar,metro,58767,Bolivar,71920,N.D.
RATP,956,,,,2124,Bolivar,N.D.,METRO,50026331,Bolivar,METRO,24685,Bolivar,metro,58767,Bolivar,71920,N.D.
RATP,957,,,,60969,SEVERINE,N.D.,TRAM-TRAIN,50145916,SEVERINE,TRAM,24400,Séverine,tram,45629,Séverine,71824,N.D.
RATP,957,,,,60997,SEVERINE,N.D.,TRAM-TRAIN,50145942,SEVERINE,TRAM,24397,Séverine,tram,45629,Séverine,71824,N.D.
RATP,958,,,,1666,Sèvres-Babylone,N.D.,METRO,50026407,Sèvres-Babylone,METRO,21976,Sèvres-Babylone,metro,44828,Sèvres Babylone,71203,N.D.
RATP,958,,,,1667,Sèvres-Babylone,N.D.,METRO,50026939,Sèvres-Babylone,METRO,462966,Sèvres-Babylone,metro,44828,Sèvres Babylone,71203,N.D.
RATP,958,,,,2476,Sèvres-Babylone,N.D.,METRO,50026930,Sèvres-Babylone,METRO,462967,Sèvres-Babylone,metro,44828,Sèvres Babylone,71203,N.D.
RATP,958,,,,2477,Sèvres-Babylone,N.D.,METRO,50025757,Sèvres-Babylone,METRO,21980,Sèvres-Babylone,metro,44828,Sèvres Babylone,71203,N.D.
RATP,959,,,,1665,Sèvres-Lecourbe,N.D.,METRO,50026837,Sèvres-Lecourbe,METRO,463314,Sèvres-Lecourbe,metro,44829,Sèvres Lecourbe,71144,N.D.
RATP,959,,,,2475,Sèvres-Lecourbe,N.D.,METRO,50026997,Sèvres-Lecourbe,METRO,22163,Sèvres-Lecourbe,metro,44829,Sèvres Lecourbe,71144,N.D.
RATP,960,,,,1668,Simplon,N.D.,METRO,50026826,Simplon,METRO,22133,Simplon,metro,44833,Simplon,71556,N.D.
RATP,960,,,,2478,Simplon,N.D.,METRO,50026986,Simplon,METRO,463310,Simplon,metro,44833,Simplon,71556,N.D.
RATP,961,,,,65569,SOLEIL LEVANT,N.D.,TRAM-TRAIN,50146306,Soleil Levant,TRAM,41858,Soleil Levant,tram,44838,Soleil Levant,70186,N.D.
RATP,961,,,,65587,SOLEIL LEVANT,N.D.,TRAM-TRAIN,50146324,Soleil Levant,TRAM,41857,Soleil Levant,tram,44838,Soleil Levant,70186,N.D.
RATP,962,,,,1669,Solférino,N.D.,METRO,50026412,Solférino,METRO,22045,Solférino,metro,44840,Solférino,71270,N.D.
RATP,962,,,,2479,Solférino,N.D.,METRO,50026938,Solférino,METRO,463311,Solférino,metro,44840,Solférino,71270,N.D.
RATP,963,,,,32612,STADE CHARLETY - PORTE DE GENTILLY,N.D.,TRAM-TRAIN,50144922,STADE CHARLETY - PORTE DE GENTILLY,TRAM,28847,Stade Charléty - Porte de Gentilly,tram,44892,Stade Charléty - Porte de Gentilly,70605,N.D.
RATP,963,,,,32621,STADE CHARLETY - PORTE DE GENTILLY,N.D.,TRAM-TRAIN,50144931,STADE CHARLETY - PORTE DE GENTILLY,TRAM,24112,Stade Charléty - Porte de Gentilly,tram,44892,Stade Charléty - Porte de Gentilly,70605,N.D.
RATP,964,,,,15605,STADE GEO ANDRE,N.D.,TRAM-TRAIN,50143517,STADE GEO ANDRE,TRAM,23303,Stade Géo André,tram,46119,Stade Géo André,73697,N.D.
RATP,964,,,,15624,STADE GEO ANDRE,N.D.,TRAM-TRAIN,50143534,STADE GEO ANDRE,TRAM,24429,Stade Géo André,tram,46119,Stade Géo André,73697,N.D.
RATP,965,,,,1674,Stalingrad,N.D.,METRO,50025940,STALINGRAD,METRO,463009,Stalingrad,metro,44901,Stalingrad,71961,N.D.
RATP,965,,,,1675,Stalingrad,N.D.,METRO,50026645,STALINGRAD,METRO,463032,Stalingrad,metro,44901,Stalingrad,71961,N.D.
RATP,965,,,,1676,Stalingrad,N.D.,METRO,50026139,STALINGRAD,METRO,463008,Stalingrad,metro,44901,Stalingrad,71961,N.D.
RATP,965,,,,2484,Stalingrad,N.D.,METRO,50026626,STALINGRAD,METRO,22107,Stalingrad,metro,44901,Stalingrad,71961,N.D.
RATP,965,,,,2485,Stalingrad,N.D.,METRO,50025964,STALINGRAD,METRO,22001,Stalingrad,metro,44901,Stalingrad,71961,N.D.
RATP,965,,,,2486,Stalingrad,N.D.,METRO,50025835,STALINGRAD,METRO,22368,Stalingrad,metro,44901,Stalingrad,71961,N.D.
RATP,966,,,,140078,Saint-Denis-Université,N.D.,METRO,50088159,Saint-Denis-Université,METRO,463302,Saint-Denis-Université,metro,44860,Saint-Denis - Université,72358,N.D.
RATP,966,,,,140079,Saint-Denis-Université,N.D.,METRO,50088158,Saint-Denis-Université,METRO,22242,Saint-Denis-Université,metro,44860,Saint-Denis - Université,72358,N.D.
RATP,967,,,,60804,ALCIDE D'ORBIGNY,N.D.,TRAM-TRAIN,50145886,ALCIDE D'ORBIGNY,TRAM,28856,Alcide d'Orbigny,tram,46345,Alcide d'Orbigny,72414,N.D.
RATP,967,,,,60819,ALCIDE D'ORBIGNY,N.D.,TRAM-TRAIN,50145900,ALCIDE D'ORBIGNY,TRAM,28859,Alcide d'Orbigny,tram,46345,Alcide d'Orbigny,72414,N.D.
RATP,968,,,,2001,Bonne Nouvelle,N.D.,METRO,50026733,Bonne Nouvelle,METRO,463133,Bonne Nouvelle,metro,45100,Bonne Nouvelle,71320,N.D.
RATP,968,,,,2190,Bonne Nouvelle,N.D.,METRO,50026200,Bonne Nouvelle,METRO,21933,Bonne Nouvelle,metro,45100,Bonne Nouvelle,71320,N.D.
RATP,968,,,,3343773,Bonne Nouvelle,N.D.,METRO,50026720,Bonne Nouvelle,METRO,463115,Bonne Nouvelle,metro,45100,Bonne Nouvelle,71320,N.D.
RATP,968,,,,3343774,Bonne Nouvelle,N.D.,METRO,50027068,Bonne Nouvelle,METRO,22198,Bonne Nouvelle,metro,45100,Bonne Nouvelle,71320,N.D.
RATP,969,,,,1677,Strasbourg-Saint-Denis,N.D.,METRO,50026462,Strasbourg-Saint-Denis,METRO,463313,Strasbourg-Saint-Denis,metro,44909,Strasbourg Saint-Denis,73633,N.D.
RATP,969,,,,1678,Strasbourg-Saint-Denis,N.D.,METRO,50026195,Strasbourg-Saint-Denis,METRO,21920,Strasbourg-Saint-Denis,metro,44909,Strasbourg Saint-Denis,73633,N.D.
RATP,969,,,,2487,Strasbourg-Saint-Denis,N.D.,METRO,50026818,Strasbourg-Saint-Denis,METRO,22134,Strasbourg-Saint-Denis,metro,44909,Strasbourg Saint-Denis,73633,N.D.
RATP,969,,,,2488,Strasbourg-Saint-Denis,N.D.,METRO,50026034,Strasbourg-Saint-Denis,METRO,463264,Strasbourg-Saint-Denis,metro,44909,Strasbourg Saint-Denis,73633,N.D.
RATP,969,,,,3343775,Strasbourg-Saint-Denis,N.D.,METRO,50026184,Strasbourg-Saint-Denis,METRO,22159,Strasbourg-Saint-Denis,metro,44909,Strasbourg Saint-Denis,73633,N.D.
RATP,969,,,,3343776,Strasbourg-Saint-Denis,N.D.,METRO,50026027,Strasbourg-Saint-Denis,METRO,463312,Strasbourg-Saint-Denis,metro,44909,Strasbourg Saint-Denis,73633,N.D.
RATP,970,,,,1681,Sully-Morland,N.D.,METRO,50026138,Sully-Morland,METRO,22369,Sully-Morland,metro,44911,Sully Morland,71201,N.D.
RATP,970,,,,2491,Sully-Morland,N.D.,METRO,50027010,Sully-Morland,METRO,463265,Sully-Morland,metro,44911,Sully Morland,71201,N.D.
RATP,971,,,,16676,SURESNES LONGCHAMP,N.D.,TRAM-TRAIN,50143953,SURESNES LONGCHAMP,TRAM,25645,Suresnes Longchamp,tram,44914,Suresnes - Longchamp,70811,N.D.
RATP,971,,,,16682,SURESNES LONGCHAMP,N.D.,TRAM-TRAIN,50143959,SURESNES LONGCHAMP,TRAM,25646,Suresnes Longchamp,tram,44914,Suresnes - Longchamp,70811,N.D.
RATP,972,,,,49285,SUZANNE LENGLEN,N.D.,TRAM-TRAIN,50145461,SUZANNE LENGLEN,TRAM,22296,Suzanne Lenglen,tram,44917,Suzanne Lenglen,71042,N.D.
RATP,972,,,,49286,SUZANNE LENGLEN,N.D.,TRAM-TRAIN,50145462,SUZANNE LENGLEN,TRAM,22295,Suzanne Lenglen,tram,44917,Suzanne Lenglen,71042,N.D.
RATP,973,,,,60802,SUZANNE VALADON,N.D.,TRAM-TRAIN,50145884,SUZANNE VALADON,TRAM,28857,Suzanne Valadon,tram,50686,Suzanne Valadon,72397,N.D.
RATP,973,,,,60817,SUZANNE VALADON,N.D.,TRAM-TRAIN,50145898,SUZANNE VALADON,TRAM,28848,Suzanne Valadon,tram,50686,Suzanne Valadon,72397,N.D.
RATP,974,,,,1682,Télégraphe,N.D.,METRO,50088146,Télégraphe,METRO,21993,Télégraphe,metro,44923,Télégraphe,71870,N.D.
RATP,974,,,,2492,Télégraphe,N.D.,METRO,50088147,Télégraphe,METRO,463319,Télégraphe,metro,44923,Télégraphe,71870,N.D.
RATP,975,,,,1683,Temple,N.D.,METRO,50026097,TEMPLE,METRO,22026,Temple,metro,44924,Temple,71296,N.D.
RATP,975,,,,2493,Temple,N.D.,METRO,50026964,TEMPLE,METRO,463316,Temple,metro,44924,Temple,71296,N.D.
RATP,976,,,,1684,Ternes,N.D.,METRO,50026275,Ternes,METRO,463266,Ternes,metro,44931,Ternes,71367,N.D.
RATP,976,,,,2494,Ternes,N.D.,METRO,50026801,Ternes,METRO,22108,Ternes,metro,44931,Ternes,71367,N.D.
RATP,977,,,,15616,THEATRE GERARD PHILIPE,N.D.,TRAM-TRAIN,50143526,THEATRE GERARD PHILIPE,TRAM,23313,Théâtre Gérard Philipe,tram,44937,Théâtre Gérard Philipe,72327,N.D.
RATP,977,,,,64671,THEATRE GERARD PHILIPE,N.D.,TRAM-TRAIN,50146223,THEATRE GERARD PHILIPE,TRAM,22269,Théâtre Gérard Philipe,tram,44937,Théâtre Gérard Philipe,72327,N.D.
RATP,978,,,,57335,TIMBAUD,N.D.,TRAM-TRAIN,50145623,TIMBAUD,TRAM,23284,Timbaud,tram,46450,Timbaud,72314,N.D.
RATP,978,,,,57336,TIMBAUD,N.D.,TRAM-TRAIN,50145624,TIMBAUD,TRAM,23283,Timbaud,tram,46450,Timbaud,72314,N.D.
RATP,979,,,,2002,Botzaris,N.D.,METRO,50026147,Botzaris,METRO,463134,Botzaris,metro,42369,Botzaris,71906,N.D.
RATP,979,,,,2191,Botzaris,N.D.,METRO,50026146,Botzaris,METRO,24686,Botzaris,metro,42369,Botzaris,71906,N.D.
RATP,980,,,,1685,Tolbiac,N.D.,METRO,50026145,Tolbiac,METRO,463267,Tolbiac,metro,43411,Tolbiac,71001,N.D.
RATP,980,,,,2495,Tolbiac,N.D.,METRO,50026326,Tolbiac,METRO,22370,Tolbiac,metro,43411,Tolbiac,71001,N.D.
RATP,981,,,,1686,Trinité-d'Estienne d'Orves,N.D.,METRO,50026247,Trinité-d'Estienne d'Orves,METRO,22046,Trinité-d'Estienne d'Orves,metro,45170,Trinité d'Estienne d'Orves,71355,N.D.
RATP,981,,,,2496,Trinité-d'Estienne d'Orves,N.D.,METRO,50026942,Trinité-d'Estienne d'Orves,METRO,463317,Trinité-d'Estienne d'Orves,metro,45170,Trinité d'Estienne d'Orves,71355,N.D.
RATP,982,,,,1637,Trocadéro,N.D.,METRO,50026194,Trocadéro,METRO,21917,Trocadéro,metro,44962,Trocadéro,71285,N.D.
RATP,982,,,,1687,Trocadéro,N.D.,METRO,50026485,Trocadéro,METRO,22164,Trocadéro,metro,44962,Trocadéro,71285,N.D.
RATP,982,,,,2497,Trocadéro,N.D.,METRO,50026653,Trocadéro,METRO,463268,Trocadéro,metro,44962,Trocadéro,71285,N.D.
RATP,982,,,,2517,Trocadéro,N.D.,METRO,50026380,Trocadéro,METRO,463318,Trocadéro,metro,44962,Trocadéro,71285,N.D.
RATP,983,,,,1688,Tuileries,N.D.,METRO,50025871,Tuileries,METRO,22075,Tuileries,metro,45664,Tuileries,71284,N.D.
RATP,983,,,,2498,Tuileries,N.D.,METRO,50026536,Tuileries,METRO,463041,Tuileries,metro,45664,Tuileries,71284,N.D.
RATP,984,,,,1690,Vaneau,N.D.,METRO,50025745,Vaneau,METRO,21977,Vaneau,metro,45116,Vaneau,71170,N.D.
RATP,984,,,,2500,Vaneau,N.D.,METRO,50026229,Vaneau,METRO,462959,Vaneau,metro,45116,Vaneau,71170,N.D.
RATP,985,,,,1638,Varenne,N.D.,METRO,50026611,Varenne,METRO,22226,Varenne,metro,45131,Varenne,71232,N.D.
RATP,985,,,,2518,Varenne,N.D.,METRO,50026076,Varenne,METRO,463320,Varenne,metro,45131,Varenne,71232,N.D.
RATP,986,,,,65565,VAUBAN,N.D.,TRAM-TRAIN,50146302,Vauban,TRAM,41672,Vauban,tram,59202,Vauban,70396,N.D.
RATP,986,,,,65583,VAUBAN,N.D.,TRAM-TRAIN,50146320,Vauban,TRAM,41671,Vauban,tram,59202,Vauban,70396,N.D.
RATP,987,,,,1691,Vaugirard (Adolphe Chérioux),N.D.,METRO,50026414,Vaugirard (Adolphe Chérioux),METRO,22047,Vaugirard (Adolphe Chérioux),metro,44995,Vaugirard,71091,N.D.
RATP,987,,,,2501,Vaugirard (Adolphe Chérioux),N.D.,METRO,50026602,Vaugirard (Adolphe Chérioux),METRO,463321,Vaugirard (Adolphe Chérioux),metro,44995,Vaugirard,71091,N.D.
RATP,988,,,,1692,Vavin,N.D.,METRO,50025962,Vavin,METRO,463016,Vavin,metro,44997,Vavin,71117,N.D.
RATP,988,,,,2502,Vavin,N.D.,METRO,50025801,Vavin,METRO,22135,Vavin,metro,44997,Vavin,71117,N.D.
RATP,989,,,,65576,VELIZY 2,N.D.,TRAM-TRAIN,50146313,VELIZY 2,TRAM,41854,Vélizy 2,tram,59053,Vélizy 2,420144,N.D.
RATP,989,,,,65594,VELIZY 2,N.D.,TRAM-TRAIN,50146331,VELIZY 2,TRAM,41851,Vélizy 2,tram,59053,Vélizy 2,420144,N.D.
RATP,990,,,,3343338,Boucicaut,N.D.,METRO,50026547,Boucicaut,METRO,22188,Boucicaut,metro,42370,Boucicaut,412992,N.D.
RATP,990,,,,3343339,Boucicaut,N.D.,METRO,50026367,Boucicaut,METRO,463135,Boucicaut,metro,42370,Boucicaut,412992,N.D.
RATP,991,,,,60628,VICTOR BASCH,N.D.,TRAM-TRAIN,50145862,VICTOR BASCH,TRAM,23431,Victor Basch,tram,58494,Victor Basch,70972,N.D.
RATP,991,,,,60633,VICTOR BASCH,N.D.,TRAM-TRAIN,50145867,VICTOR BASCH,TRAM,23432,Victor Basch,tram,58494,Victor Basch,70972,N.D.
RATP,992,,,,1694,Victor Hugo,N.D.,METRO,50026091,VICTOR HUGO,METRO,463322,Victor Hugo,metro,45020,Victor Hugo,71315,N.D.
RATP,992,,,,2504,Victor Hugo,N.D.,METRO,50026092,VICTOR HUGO,METRO,22109,Victor Hugo,metro,45020,Victor Hugo,71315,N.D.
RATP,993,,,,1639,Villejuif-Léo Lagrange,N.D.,METRO,50026846,Villejuif-Léo Lagrange,METRO,22399,Villejuif-Léo Lagrange,metro,47826,Villejuif Léo Lagrange,70375,N.D.
RATP,993,,,,2519,Villejuif-Léo Lagrange,N.D.,METRO,50025986,Villejuif-Léo Lagrange,METRO,463323,Villejuif-Léo Lagrange,metro,47826,Villejuif Léo Lagrange,70375,N.D.
RATP,994,,,,63725,VILLEJUIF - LOUIS ARAGON,N.D.,TRAM-TRAIN,50146150,VILLEJUIF - LOUIS ARAGON,TRAM,35946,Villejuif - Louis Aragon,tram,473766,Villejuif - Louis Aragon,70143,N.D.
RATP,994,,,,63743,VILLEJUIF - LOUIS ARAGON,N.D.,TRAM-TRAIN,50146168,VILLEJUIF - LOUIS ARAGON,TRAM,29903,Villejuif - Louis Aragon,tram,473766,Villejuif - Louis Aragon,70143,N.D.
RATP,994,,,,1695,Villejuif-Louis Aragon,N.D.,METRO,50026506,Villejuif-Louis Aragon,METRO,463269,Villejuif-Louis Aragon,metro,45049,Villejuif Louis Aragon,70143,N.D.
RATP,994,,,,2505,Villejuif-Louis Aragon,N.D.,METRO,50026321,Villejuif-Louis Aragon,METRO,22400,Villejuif-Louis Aragon,metro,45049,Villejuif Louis Aragon,70143,N.D.
RATP,995,,,,1696,Villejuif-Paul Vaillant Couturier (Hôpital Paul Brousse),N.D.,METRO,50026658,Villejuif-Paul Vaillant Couturier (Hôpital Paul Brousse),METRO,463324,Villejuif-Paul Vaillant Couturier (Hôpital Paul Brousse),metro,58471,Paul Vaillant Couturier,70248,N.D.
RATP,995,,,,2506,Villejuif-Paul Vaillant Couturier (Hôpital Paul Brousse),N.D.,METRO,50026497,Villejuif-Paul Vaillant Couturier (Hôpital Paul Brousse),METRO,22401,Villejuif-Paul Vaillant Couturier (Hôpital Paul Brousse),metro,58471,Paul Vaillant Couturier,70248,N.D.
RATP,996,,,,1629,Villiers,N.D.,METRO,50026089,Villiers,METRO,22106,Villiers,metro,45056,Villiers,71403,N.D.
RATP,996,,,,1630,Villiers,N.D.,METRO,50026282,Villiers,METRO,462987,Villiers,metro,45056,Villiers,71403,N.D.
RATP,996,,,,2509,Villiers,N.D.,METRO,50026622,Villiers,METRO,462988,Villiers,metro,45056,Villiers,71403,N.D.
RATP,996,,,,2510,Villiers,N.D.,METRO,50025789,Villiers,METRO,22027,Villiers,metro,45056,Villiers,71403,N.D.
RATP,997,,,,1632,Volontaires,N.D.,METRO,50025754,Volontaires,METRO,22048,Volontaires,metro,45060,Volontaires,71113,N.D.
RATP,997,,,,2512,Volontaires,N.D.,METRO,50026242,Volontaires,METRO,462964,Volontaires,metro,45060,Volontaires,71113,N.D.
RATP,998,,,,2004,Boulogne-Jean-Jaurès,N.D.,METRO,50026230,Boulogne-Jean-Jaurès,METRO,463137,Boulogne-Jean-Jaurès,metro,42380,Boulogne Jean Jaurès,71147,N.D.
RATP,998,,,,2193,Boulogne-Jean-Jaurès,N.D.,METRO,50026231,Boulogne-Jean-Jaurès,METRO,21988,Boulogne-Jean-Jaurès,metro,42380,Boulogne Jean Jaurès,71147,N.D.
RATP,999,,,,1633,Voltaire (Léon Blum),N.D.,METRO,50026564,Voltaire (Léon Blum),METRO,463325,Voltaire (Léon Blum),metro,45065,Voltaire,71750,N.D.
RATP,999,,,,2513,Voltaire (Léon Blum),N.D.,METRO,50026903,Voltaire (Léon Blum),METRO,21916,Voltaire (Léon Blum),metro,45065,Voltaire,71750,N.D.
